"Ocupacion","NoPago","TotalMonto","EstadoContrato","Producto","FechaInicioC","FechaAdjudicación","FechaUltimoPago","FechaProyectadaFin","MontoVencido","Mensualidad","Ingresos","Legal","EdadActual","AZULEstatus","AdjudicaReal","PagosPuntuales","CostoAdmin","Genero","PersonaTipo","dtEstadoContrato","GrupoOrigenVenta","SemanasAdjud","Pagos9","Domicilia_Pago","Email","timetotV"
47,35,302783,6,0,20150417,20150417,20180221,20200417,5046,5046,19125,1,24,1,2,34,17468,1,0,2,1,0,9,1,1,36
38,38,211366,5,0,20150220,20150220,20180208,20200220,7044,3522,22327,1,41,1,2,36,19040,0,0,2,3,0,9,1,1,40
13,50,323640,1,0,20150220,20160115,20190218,20200220,0,5394,34514,1,25,0,0,50,24485,1,0,1,3,47,8,1,1,50
59,60,377036,1,0,20150417,20150717,20200305,20200417,12566,6283,35754,1,41,1,2,58,28599,1,0,1,3,13,9,0,1,61
97,45,392349,6,0,20150417,20150417,20181226,20200417,6539,6539,40430,1,56,1,2,44,22024,0,1,2,3,0,9,0,1,46
5,26,233373,6,0,20150220,20150320,20170207,20200220,19445,3889,22621,0,24,1,2,21,13341,0,0,2,0,4,8,0,1,27
85,60,206535,2,0,20150220,20160715,20200218,20200220,3442,3442,17286,1,21,0,0,59,29743,0,0,2,3,73,8,0,1,61
69,55,193211,0,0,20150417,20160923,20191001,20200417,16100,3220,14125,0,63,0,0,50,26445,1,1,0,3,75,8,0,1,56
28,16,58486,1,0,20150717,20150717,20161005,20200717,7792,2000,6138,0,47,1,2,8,8220,1,0,1,3,0,8,0,0,17
18,33,308796,6,0,20150515,20150515,20180130,20200515,5146,5146,17436,1,27,1,2,32,16482,0,0,2,0,0,7,0,1,34
77,52,228860,1,0,20150220,20150515,20190430,20200220,15256,3814,14834,0,33,1,2,48,25369,0,0,1,0,12,8,0,1,55
18,57,345442,0,0,20150417,20160318,20200915,20200417,5757,5757,24088,1,31,0,0,56,31166,0,0,0,3,48,9,0,1,58
74,43,202883,1,0,20150717,20160415,20190129,20200717,6762,3381,14254,1,62,0,0,41,20892,0,1,1,3,39,9,0,1,45
58,29,122039,6,0,20150220,20150320,20170508,20200220,18297,2033,9829,0,51,1,2,20,14790,0,0,2,3,4,8,0,1,32
58,22,182730,6,0,20150220,20150320,20161028,20200220,30450,3045,14861,0,44,1,2,12,11368,0,0,2,3,4,8,0,1,28
47,60,265464,0,0,20151218,20181019,20210309,20201218,0,4424,20666,1,51,0,0,60,29483,1,0,0,0,148,8,1,1,60
18,33,239441,6,0,20150116,20150116,20170929,20200116,31920,3990,22664,0,38,1,2,25,16707,0,0,2,3,0,9,0,1,38
118,44,251669,5,0,20160219,20160318,20190912,20210219,37746,4194,23826,0,38,1,2,35,20799,0,0,2,3,4,9,0,1,50
45,47,339702,1,0,20151218,20160819,20190903,20201218,0,5661,27039,1,39,1,2,47,22342,0,0,1,3,35,7,0,1,47
68,59,316984,1,0,20150619,20160318,20200701,20200619,0,5283,27542,1,41,1,2,59,29795,0,0,1,3,39,7,1,1,59
11,56,290146,0,0,20151218,20190426,20200625,20201218,0,4835,30372,1,23,0,0,56,26227,0,0,0,3,175,8,0,1,56
38,59,306787,0,0,20150417,20161118,20200715,20200417,10226,5113,25305,1,31,0,0,57,30841,0,0,0,0,83,8,1,1,60
52,41,269836,0,0,20150116,20151016,20180522,20200116,31479,4497,17477,0,28,0,0,34,20425,0,0,0,3,39,9,1,1,44
50,57,302494,1,0,20150717,20160617,20211014,20200717,10082,5041,20080,1,34,1,2,55,34910,0,0,1,3,48,7,0,1,59
87,50,191162,1,0,20150515,20151016,20190515,20200515,31860,3186,11031,0,36,1,2,40,24240,1,0,1,3,22,8,0,1,59
28,60,412910,0,0,20151218,20171215,20201103,20201218,6881,6881,40159,1,37,0,0,59,28343,1,0,0,3,104,3,1,1,61
97,40,254807,6,0,20150116,20150717,20180423,20200116,29722,4246,23579,0,25,1,2,33,19962,1,0,2,3,26,7,1,1,43
15,58,243514,1,0,20160318,20160520,20220520,20210318,16232,4058,14040,0,43,1,2,54,32703,1,0,1,3,9,9,0,1,59
15,60,421310,1,0,20150619,20151120,20200810,20200619,0,7021,42333,1,33,1,2,60,30219,0,0,1,3,22,8,0,1,60
115,59,308134,0,0,20150116,20160415,20191113,20200116,0,5135,23007,1,47,0,0,59,28453,1,0,0,3,65,9,0,1,59
50,60,331452,0,0,20150717,20160617,20210618,20200717,11048,5524,30225,1,30,0,0,58,33309,1,0,0,3,48,6,0,1,61
69,14,100786,6,0,20150320,20150320,20160428,20200320,8395,2000,7557,0,59,1,2,9,7261,1,1,2,3,0,5,1,1,17
5,54,259700,1,0,20150515,20150918,20190912,20200515,0,4328,18279,1,30,1,2,54,26007,0,0,1,0,18,8,1,1,54
97,57,213359,0,0,20160318,20170915,20201130,20210318,21330,3555,15124,0,43,0,0,51,26290,1,0,0,0,78,9,0,1,60
97,51,326338,0,0,20150515,20160819,20190607,20200515,0,5438,29776,1,35,0,0,51,24683,0,0,0,0,66,6,0,1,51
126,44,187050,0,0,20150515,20160520,20181129,20200515,28053,3117,11188,0,37,0,0,35,21579,0,0,0,3,53,6,1,1,50
97,40,162701,0,0,20150515,20160415,20180717,20200515,21688,2711,12096,0,41,1,2,32,19771,0,0,0,3,48,8,1,1,45
17,59,340709,5,0,20150116,20160318,20191130,20200116,0,5678,28952,1,32,0,0,59,28453,1,0,2,0,61,9,0,1,59
63,43,202931,0,0,20151218,20180518,20190531,20201218,23674,3382,19987,0,37,0,0,36,20575,0,0,0,3,126,8,0,1,45
118,54,215243,0,0,20150717,20160415,20191230,20200717,25109,3587,18294,0,56,1,2,47,25736,0,1,0,0,39,9,0,1,56
50,40,277199,1,0,20150821,20151016,20181108,20200821,0,4619,16867,1,35,1,2,40,19479,1,0,1,0,8,9,1,1,40
47,60,291331,3,0,20151218,20161216,20220117,20201218,4855,4855,22379,1,51,0,0,59,33474,1,0,2,0,52,8,1,1,61
97,60,321183,0,0,20150417,20160415,20200302,20200417,5353,5353,24403,1,41,0,0,59,28599,0,0,0,3,52,9,0,1,61
28,55,523727,1,0,20151120,20170120,20200302,20201120,0,8728,37228,1,44,0,0,55,25975,1,0,1,3,61,7,0,1,55
45,37,324132,3,0,20160219,20170217,20190117,20210219,10804,5402,23218,1,50,0,0,35,17772,1,0,2,1,52,8,0,1,38
97,60,325568,1,0,20150116,20150515,20200620,20200116,5426,5426,34903,1,57,1,2,59,31465,1,1,1,3,17,9,0,1,61
50,56,244265,1,0,20160318,20161118,20220128,20210318,8142,4071,26585,1,30,1,2,54,31938,0,0,1,3,35,9,0,1,58
28,33,224616,1,0,20151218,20160219,20180829,20201218,18715,3743,16110,0,31,1,2,28,16045,0,0,1,5,9,9,0,1,35
58,60,400611,3,0,20150619,20160715,20200602,20200619,26704,6676,36273,0,53,0,0,56,29368,0,0,2,3,56,8,0,1,64
58,27,400277,5,0,20160318,20160318,20180518,20210318,66710,6671,41840,0,44,1,2,17,13134,0,0,2,0,0,7,0,1,36
97,57,326459,0,0,20170915,20180720,20220602,20220915,10880,5440,31268,1,22,0,0,55,24621,0,0,0,0,44,8,0,1,58
85,57,270752,0,0,20170915,20181019,20220602,20220915,4512,4512,17083,1,21,0,0,56,24621,0,0,0,0,57,8,0,1,58
97,57,309037,0,0,20170915,20181019,20220503,20220915,5150,5150,23596,1,44,0,0,56,24621,1,0,0,0,57,8,0,1,58
47,59,402122,3,0,20151218,20170120,20210311,20201218,13404,6702,34760,1,27,0,0,57,29999,1,0,2,0,57,8,0,1,60
116,60,520836,1,0,20150116,20150220,20191202,20200116,8680,8680,38000,1,52,1,2,59,28885,0,0,1,3,5,9,1,1,61
69,60,289247,0,0,20150116,20151120,20200102,20200116,9640,4820,25218,1,55,0,0,58,29315,0,0,0,0,44,9,1,1,62
15,47,312876,0,0,20150717,20160923,20190531,20200717,46926,5214,28121,0,39,0,0,38,22664,1,0,0,4,62,8,0,1,51
52,59,320033,1,0,20151218,20160819,20201030,20201218,0,5333,29166,1,31,1,2,59,27406,1,0,1,3,35,9,1,1,59
50,60,508894,0,0,20151121,20170217,20220525,20201121,0,8481,50447,1,43,0,0,60,28020,1,0,0,3,64.8571428571429,8,0,1,60
97,48,347606,6,0,20150821,20150821,20190703,20200821,5793,5793,34082,1,48,1,2,47,23024,0,0,2,0,0,9,0,1,49
34,40,220855,1,0,20150320,20151120,20180611,20200320,18400,3680,18285,0,33,1,2,35,19835,0,0,1,3,35,9,1,1,44
45,54,233157,0,0,20150619,20160415,20191008,20200619,34965,3885,22492,0,59,0,0,45,25921,0,1,0,0,43,5,0,1,60
53,57,353123,1,0,20151218,20160219,20220512,20201218,5885,5885,22992,1,56,1,2,56,29074,1,1,1,3,9,9,0,1,58
5,60,277837,1,0,20150515,20160115,20210419,20200515,0,4630,21876,1,41,1,2,60,34073,1,0,1,3,35,8,1,1,60
63,50,265511,4,0,20151218,20161118,20200131,20201218,22125,4425,23686,0,37,0,0,45,23561,0,0,2,3,48,9,1,1,55
78,58,225110,5,0,20150116,20160617,20191022,20200116,37510,3751,16013,0,27,0,0,48,28018,0,0,2,3,74,9,0,1,65
28,54,218243,4,0,20151218,20161021,20200502,20201218,7274,3637,15482,1,36,0,0,52,25282,0,0,2,3,44,9,0,1,55
97,49,222508,0,0,20150116,20160318,20190117,20200116,37080,3708,20684,0,23,0,0,39,24041,1,0,0,0,61,7,0,1,58
97,19,62501,1,0,20160318,20160819,20170907,20210318,10410,2000,6238,0,55,1,2,9,9417,0,0,1,3,22,8,1,1,23
126,59,300473,1,0,20151218,20160617,20210104,20201218,0,5007,19599,1,47,1,2,59,28245,1,0,1,0,26,9,0,1,59
19,60,298864,0,0,20150320,20160520,20200602,20200320,4981,4981,24703,1,41,0,0,59,30415,0,0,0,0,61,9,0,1,61
42,26,146703,5,0,20151120,20160415,20171127,20201120,24450,2445,14441,0,31,0,1,16,12931,0,0,2,0,21,6,0,1,31
50,11,93106,5,0,20151218,20160219,20161028,20201218,15510,2000,8576,0,41,0,2,1,5614,0,0,2,3,9,5,0,1,12
97,30,486177,1,0,20151218,20151218,20180511,20201218,32408,8102,39343,0,50,1,2,26,14671,0,0,1,3,0,9,1,1,33
111,60,564026,1,0,20150717,20161118,20210609,20200717,0,9400,45333,1,47,0,0,60,33309,0,0,1,0,70,9,0,1,60
50,48,244874,5,0,20150220,20151120,20190130,20200220,24486,4081,24843,0,38,0,1,42,23515,1,0,2,0,39,9,1,1,53
97,40,226400,1,0,20150417,20151016,20180623,20200417,22638,3773,12746,0,31,1,2,34,19835,0,0,1,3,26,8,1,1,45
97,48,499999,1,0,20150320,20150717,20190201,20200320,16666,8333,37138,1,75,1,2,46,23434,0,1,1,3,17,8,1,1,49
45,60,287333,1,0,20151218,20160415,20220513,20201218,4788,4788,24699,1,33,1,2,59,27826,1,0,1,0,17,9,0,1,61
45,49,289732,6,0,20150619,20150619,20220518,20200619,9656,4828,31321,1,47,1,2,47,23716,1,0,2,3,0,9,1,1,50
125,59,274923,4,0,20150717,20160923,20200722,20200717,9164,4582,23487,1,26,0,0,57,28742,0,0,2,3,62,7,0,1,60
45,49,523180,1,0,20150220,20150515,20190102,20200220,8719,8719,37195,1,50,1,2,48,24041,0,0,1,3,12,8,1,1,50
104,34,274504,1,0,20151218,20151218,20180903,20201218,18300,4575,21965,0,47,1,2,30,16499,0,0,1,3,0,8,0,1,37
97,22,164190,6,0,20150515,20150619,20170109,20200515,13680,2736,11552,0,63,1,2,17,11282,0,1,2,0,5,8,1,0,25
47,60,240550,1,0,20150320,20150821,20200201,20200320,8018,4009,27179,1,35,1,2,58,28693,1,0,1,0,22,9,0,1,62
5,60,267613,0,0,20150619,20160617,20210615,20200619,4460,4460,23796,1,30,0,0,59,34361,0,0,0,0,52,6,1,1,61
126,40,203075,1,0,20150515,20160115,20180831,20200515,23688,3384,22548,0,34,1,2,33,19703,1,0,1,3,35,9,0,1,46
53,59,391873,1,0,20160219,20160923,20211208,20210219,13062,6531,35568,1,48,1,2,57,32060,0,0,1,3,31,8,0,1,60
58,47,198503,6,0,20150918,20150918,20200930,20200918,23156,3308,16421,0,43,1,2,40,28542,1,0,2,0,0,6,0,1,53
58,15,184114,6,0,20150220,20150417,20160401,20200220,30680,3068,14133,0,43,0,2,5,7786,0,0,2,3,8,7,0,1,16
58,56,336825,5,0,20150619,20151016,20200116,20200619,44904,5613,29297,0,30,0,1,48,26692,0,0,2,0,17,6,0,1,62
35,9,108721,5,0,20151120,20151120,20160722,20201120,14496,2000,9454,0,30,1,2,1,4610,1,0,2,0,0,6,0,1,11
3,56,255923,0,0,20150619,20160415,20191219,20200619,25590,4265,16739,0,27,0,0,50,26788,0,0,0,3,43,8,0,1,62
69,60,400776,0,0,20150619,20160415,20201113,20200619,0,6679,29166,1,69,0,0,60,31484,1,1,0,1,43,8,0,1,60
50,47,217176,1,0,20161021,20170421,20200821,20211021,25333,3619,18470,0,24,1,2,40,21451,0,0,1,3,26,9,0,1,49
52,60,269375,0,0,20150116,20160415,20191207,20200116,40401,4489,25942,0,31,0,0,51,28885,1,0,0,3,65,9,0,1,66
42,60,329107,0,0,20151120,20160923,20211210,20201120,0,5485,23844,1,38,0,0,60,33602,0,0,0,0,44,9,0,1,60
47,38,177590,0,0,20150220,20160115,20180321,20200220,26631,2959,19111,0,29,0,0,29,18975,0,0,0,0,47,8,0,1,39
74,60,355817,5,0,20151120,20170120,20210517,20201120,5930,5930,28255,1,26,0,0,59,30815,0,0,2,3,61,9,0,1,61
50,60,313187,1,0,20160520,20170317,20210614,20210520,10438,5219,28625,1,38,0,0,58,28147,0,0,1,0,43,9,0,1,62
53,60,347190,1,0,20151120,20170217,20201202,20201120,0,5786,39314,1,57,0,0,60,28762,1,1,1,3,65,9,0,1,60
69,48,180674,6,0,20150220,20150220,20190111,20200220,6022,3011,16649,1,58,1,2,46,23515,0,1,2,0,0,9,0,1,50
18,39,132150,6,0,20150515,20150515,20180629,20200515,17616,2202,13166,0,26,1,2,31,19313,0,0,2,3,0,9,0,0,43
58,50,312725,0,0,20150116,20160318,20190128,20200116,36484,5212,28804,0,49,0,0,43,24566,1,0,0,3,61,9,1,1,54
68,20,93626,5,0,20150619,20160415,20170116,20200619,12480,2000,6696,0,49,0,0,12,10232,1,0,2,0,43,9,0,1,23
63,46,343287,5,0,20160219,20170217,20191111,20210219,11442,5721,31901,1,61,0,0,44,21672,0,1,2,3,52,8,0,1,47
45,49,648438,6,0,20151218,20151218,20191206,20201218,0,10807,67488,1,49,1,2,49,23131,1,0,2,4,0,8,0,1,49
18,44,336649,6,0,20150320,20151016,20181010,20200320,5610,5610,19966,1,45,1,2,43,21654,1,0,2,3,30,8,0,1,45
126,37,242085,1,0,20150619,20150918,20180502,20200619,32272,4034,26828,0,29,1,2,29,18328,0,0,1,3,13,8,0,1,44
26,14,58182,1,0,20150619,20160115,20160706,20200619,6783,2000,6690,0,24,1,2,7,7225,0,0,1,0,30,9,0,1,20
5,44,300269,1,0,20151218,20160715,20190725,20201218,5004,5004,25706,1,45,1,2,43,20944,1,0,1,3,30,8,0,1,45
28,40,351711,0,0,20150821,20160715,20181121,20200821,58610,5861,37288,0,31,0,0,30,19479,0,0,0,0,47,9,0,1,43
50,27,88045,1,0,20150220,20161021,20170424,20200220,11736,2000,9907,0,27,1,2,19,13781,1,0,1,0,87,8,1,1,30
50,38,200187,5,0,20161021,20170721,20191001,20211021,30024,3336,15019,0,42,0,0,29,17661,1,0,2,3,39,8,0,1,39
97,56,638202,0,1,20170915,20200821,20220412,20220915,21272,10636,35373,1,39,0,0,54,24242,0,0,0,2,153,8,0,1,57
50,9,54807,1,0,20151120,20160415,20160712,20201120,9130,2000,3294,0,33,1,2,1,4610,0,0,1,3,21,9,0,1,19
114,59,274712,0,0,20150220,20151218,20200313,20200220,9156,4578,26429,1,26,0,0,57,29646,0,0,0,3,43,9,1,1,60
96,34,302613,6,0,20150515,20150619,20180202,20200515,45387,5043,18765,0,23,1,2,25,16944,0,0,2,0,5,9,0,1,43
28,29,141580,1,0,20161021,20170317,20190121,20211021,11795,2359,12502,0,50,1,2,24,13683,0,0,1,3,21,8,0,1,33
50,49,232935,6,0,20150515,20150619,20190502,20200515,0,3882,17049,1,25,1,2,49,23716,0,0,2,0,5,9,0,1,49
97,55,324547,1,0,20150619,20150619,20191106,20200619,0,5409,31665,1,26,1,2,55,26356,1,0,1,0,0,8,0,1,55
50,29,145348,1,0,20150918,20160415,20180117,20200918,19376,2422,13928,0,52,1,2,21,14382,1,0,1,0,30,9,1,1,34
28,56,307458,1,0,20151120,20161216,20200630,20201120,30744,5124,18730,0,27,0,0,50,26227,0,0,1,0,56,8,0,1,58
77,43,264785,1,0,20150821,20170120,20190201,20200821,35304,4413,29639,0,34,0,0,35,20811,0,0,1,3,74,8,0,1,46
85,60,317152,5,0,20150320,20160415,20200218,20200320,10570,5285,26136,1,38,0,0,58,28693,0,0,2,0,56,9,0,1,62
97,30,130641,1,0,20150320,20161021,20170824,20200320,19593,2177,9873,0,47,0,0,21,15181,1,0,1,3,83,8,1,1,32
43,44,314768,5,0,20160219,20161216,20190918,20210219,0,5246,23012,1,31,0,0,44,20799,1,0,2,4,43,7,0,1,44
125,57,298029,0,0,20150619,20160520,20200205,20200619,39736,4967,32661,0,49,0,0,49,27120,0,0,0,3,48,9,0,1,62
15,60,404145,1,0,20161021,20170421,20220519,20211021,0,6735,40341,1,40,1,2,60,29130,1,0,1,3,26,9,1,1,60
77,56,247619,0,0,20150220,20181019,20200228,20200220,0,4126,21748,1,25,0,0,56,29218,0,0,0,0,191,9,0,1,56
58,40,392562,6,0,20150116,20150918,20180425,20200116,0,6542,20617,1,37,1,2,40,19962,0,0,2,3,35,9,1,1,40
12,59,428693,1,0,20160819,20170120,20210504,20210819,7144,7144,42315,1,26,1,2,58,26716,0,0,1,0,22,8,0,1,60
53,56,252510,0,0,20150220,20151120,20191129,20200220,4208,4208,19053,1,34,0,0,55,27054,1,0,0,3,39,9,1,1,57
28,30,129747,5,0,20151120,20170818,20180425,20201120,19458,2162,12462,0,19,0,0,21,14724,0,0,2,0,91,9,0,1,38
97,32,178941,5,0,20150116,20160115,20170803,20200116,26838,2982,20597,0,42,0,2,23,16231,0,0,2,0,52,5,0,1,39
23,58,316751,0,0,20160923,20180316,20220103,20210923,5279,5279,28133,1,66,0,0,57,28871,0,1,0,0,77,9,0,1,59
23,58,309512,0,0,20160923,20180316,20220103,20210923,51580,5158,29278,0,66,0,0,48,28871,0,1,0,0,77,9,0,1,64
50,38,204857,0,0,20150320,20160415,20180425,20200320,27312,3414,17581,0,18,1,2,30,18912,0,0,0,0,56,8,1,1,44
126,52,321066,6,0,20160819,20161118,20201001,20210819,5351,5351,25897,1,28,1,2,51,23824,0,0,2,3,13,8,0,1,53
97,60,396402,0,0,20150619,20160415,20210419,20200619,13212,6606,43307,1,48,1,2,58,29368,0,0,0,3,43,8,1,1,62
50,34,220449,0,0,20150821,20160617,20180511,20200821,22044,3674,21661,0,34,0,0,28,16751,0,0,0,3,43,9,0,1,39
80,60,413490,1,0,20160819,20170317,20210726,20210819,13782,6891,33165,1,55,1,2,58,27524,1,1,1,0,30,8,0,1,61
50,9,12705,1,0,20150515,20150717,20210907,20200515,844,2000,1440,0,32,1,2,5,36089,0,0,1,3,9,3,1,1,13
117,46,205224,0,0,20150220,20160115,20181101,20200220,13680,3420,18911,0,28,0,0,42,22626,0,0,0,1,47,8,0,1,47
42,60,671330,1,0,20160923,20170217,20220302,20210923,11188,11188,39877,1,46,1,2,59,30146,0,0,1,3,21,8,0,1,61
6,55,469860,1,0,20150619,20151016,20200522,20200619,7831,7831,44091,1,53,1,2,54,28939,0,0,1,0,17,8,1,1,56
18,53,302961,5,0,20160520,20170120,20200901,20210520,10098,5049,18151,1,25,0,0,51,24428,1,0,2,3,35,9,0,1,55
80,60,305123,0,0,20150220,20160318,20200312,20200220,5085,5085,31217,1,38,0,0,59,29646,0,0,0,3,56,8,1,1,61
97,60,301818,0,0,20150220,20160115,20200213,20200220,10060,5030,23164,1,82,0,0,58,29218,1,1,0,3,47,9,0,1,61
50,56,434440,0,0,20170915,20190215,20220509,20220915,14480,7240,46494,1,37,0,0,54,24242,0,0,0,3,74,7,0,1,57
85,31,269140,0,1,20170915,20180921,20200204,20220915,35880,4485,30198,0,36,0,0,23,13991,0,0,0,5,53,8,0,1,34
96,48,276373,5,0,20150116,20150220,20181221,20200116,0,4606,19288,1,37,1,2,48,23596,0,0,2,3,5,9,0,1,48
97,34,332438,6,0,20160520,20160715,20190206,20210520,5540,5540,35792,1,69,1,2,33,16174,1,1,2,0,8,9,0,1,35
50,60,381657,1,0,20150821,20170120,20200715,20200821,0,6360,38350,1,48,1,2,60,28218,0,0,1,3,74,7,0,1,60
24,57,305783,0,0,20170915,20180720,20220602,20220915,0,5096,23427,1,57,0,0,57,24621,1,1,0,2,44,8,0,1,57
28,57,297820,0,0,20170915,20180817,20220502,20220915,4963,4963,23215,1,62,0,0,56,24621,0,1,0,4,48,8,0,0,58
58,49,296459,0,0,20150220,20160115,20190228,20200220,34580,4940,32115,0,39,0,0,42,23959,0,0,0,0,47,8,0,1,51
76,56,371395,0,0,20170915,20180720,20220602,20220915,6189,6189,28085,1,36,0,0,55,24242,0,0,0,3,44,9,0,1,57
50,56,347817,1,0,20160819,20161021,20210313,20210819,11592,5796,25923,1,24,1,2,54,25390,0,0,1,2,9,9,0,1,57
23,60,343109,5,0,20160923,20171020,20220517,20210923,11436,5718,33067,1,42,0,0,58,29765,0,0,2,3,56,8,0,1,62
76,56,401312,1,0,20171020,20180119,20220531,20221020,13376,6688,31946,1,52,1,2,54,24143,0,0,1,0,13,8,0,1,57
112,49,316979,0,0,20180420,20191115,20220506,20230420,5282,5282,34005,1,30,0,0,48,20954,1,0,0,4,82,5,0,1,50
97,26,217527,1,0,20180420,20180817,20200504,20230420,21750,3625,14079,0,24,1,2,20,11536,0,0,1,3,17,9,0,1,32
97,31,150630,0,0,20150821,20160923,20180222,20200821,22590,2510,10383,0,31,0,0,22,15367,0,0,0,3,57,9,0,1,40
110,60,383193,1,1,20170519,20171117,20220602,20220519,0,6386,42344,1,28,1,2,60,26549,0,0,1,3,26,8,1,1,60
76,60,513341,0,0,20160819,20171020,20210909,20210819,0,8555,37556,1,49,0,0,60,28326,1,0,0,3,61,8,0,1,60
97,43,785810,1,1,20160819,20180420,20200207,20210819,26192,13096,72330,1,36,0,0,41,19896,0,0,1,0,87,9,0,1,45
28,60,409162,0,0,20170217,20180316,20220531,20220217,13638,6819,39983,1,33,0,0,58,26374,0,0,0,3,56,8,1,1,61
58,47,577659,0,0,20150320,20160318,20190102,20200320,9627,9627,34226,1,43,0,0,46,22990,1,0,0,3,52,9,1,1,48
10,60,352153,0,0,20160819,20170721,20210722,20210819,11738,5869,31576,1,57,0,0,58,27524,1,1,0,2,48,7,0,1,62
50,59,343666,0,0,20161118,20171117,20220420,20211118,11454,5727,26766,1,44,0,0,57,29005,1,0,0,0,52,8,0,1,60
117,60,390390,0,0,20170217,20171117,20220103,20220217,0,6506,43285,1,27,0,0,60,26374,1,0,0,0,39,8,0,1,60
126,42,275247,1,1,20181116,20190621,20220602,20231116,9174,4587,19816,1,28,0,0,40,17669,0,0,1,2,31,9,0,1,44
18,41,269458,1,1,20181116,20190517,20220516,20231116,8980,4490,26305,1,25,1,2,39,17290,1,0,1,3,26,8,0,1,43
7,56,489588,0,0,20170915,20180720,20220412,20220915,8159,8159,49235,1,24,0,0,55,24242,0,0,0,2,44,9,1,1,57
37,48,590026,5,0,20170120,20180720,20201228,20220120,88497,9833,60711,0,36,0,0,39,21635,1,0,2,3,78,9,1,1,56
28,56,362199,0,0,20150320,20170317,20191023,20200320,0,6036,25112,1,52,0,0,56,26968,1,0,0,1,104,8,0,1,56
97,60,554985,0,0,20150320,20160219,20201029,20200320,9249,9249,40265,1,47,0,0,59,32110,0,0,0,3,48,7,0,1,61
0,57,411734,0,0,20151120,20170519,20200724,20201120,6862,6862,30852,1,41,0,0,56,26653,1,0,0,3,78,9,1,1,58
5,25,122834,1,1,20170915,20180316,20190801,20220915,10235,2047,10321,0,52,0,0,20,11387,1,0,1,0,26,8,0,1,27
1,60,285492,0,1,20160819,20170915,20211213,20210819,0,4758,26565,1,34,0,0,60,28993,0,0,0,4,56,7,1,1,60
62,59,291494,1,0,20170217,20180518,20220602,20220217,9716,4858,16592,1,50,0,0,57,27519,0,0,1,2,65,9,1,1,60
84,5,84350,6,0,20181116,20181116,20190305,20231116,11240,2000,6690,0,29,1,2,3,2223,1,0,2,2,0,5,0,1,9
105,58,705696,0,0,20170217,20171215,20211130,20220217,94088,11761,58590,0,30,0,0,50,25596,0,0,0,2,43,9,0,1,66
76,23,119111,6,0,20170915,20180817,20190606,20220915,19850,2000,9488,0,26,0,0,13,10504,0,0,2,2,48,8,0,1,31
23,56,358096,0,1,20170915,20180518,20220510,20220915,0,5968,31150,1,23,0,0,56,24242,0,0,0,0,35,9,0,1,56
97,59,334405,0,0,20160819,20170721,20210623,20210819,11146,5573,36054,1,61,0,0,57,26610,0,1,0,3,48,7,0,1,60
97,26,156318,0,1,20170915,20180518,20190911,20220915,20840,2605,12326,0,25,0,0,18,11828,1,0,0,5,35,8,0,1,28
5,16,285217,6,0,20160819,20160819,20171129,20210819,0,4753,23162,1,46,1,2,16,7802,0,0,2,3,0,9,0,1,16
9,57,327290,1,0,20170915,20180817,20220503,20220915,10908,5454,26556,1,27,1,2,55,24621,0,0,1,2,48,9,0,1,59
47,60,318447,0,0,20170421,20171215,20220511,20220421,5307,5307,28800,1,57,0,0,59,26170,1,1,0,0,34,9,0,1,61
50,58,282084,0,0,20160819,20170818,20210531,20210819,47010,4701,23852,0,36,0,0,48,26205,0,0,0,0,52,9,0,0,64
58,21,133079,5,1,20170421,20171117,20181221,20220421,13302,2217,10206,0,26,0,0,15,9773,0,0,2,2,30,9,0,1,27
44,56,367150,0,1,20170915,20180615,20220513,20220915,12238,6119,21712,1,33,0,0,54,24242,0,0,0,2,39,9,0,1,58
42,11,52327,0,0,20150320,20160115,20160118,20200320,3488,2000,3193,0,54,0,0,7,5731,1,0,0,3,43,8,0,1,14
85,60,278818,0,1,20170217,20180216,20220131,20220217,32522,4646,20181,0,34,0,0,53,26374,0,0,0,5,52,9,0,1,66
58,42,214814,1,1,20160923,20170519,20200216,20210923,14320,3580,15896,0,45,0,0,38,19386,0,0,1,3,34,8,0,1,46
18,58,295285,5,0,20150619,20170915,20210119,20200619,9842,4921,31494,1,34,0,0,56,32318,1,0,2,3,117,9,0,1,60
50,60,285657,5,0,20170217,20171020,20220603,20220217,0,4760,21427,1,36,0,0,60,27519,1,0,2,3,35,9,0,1,60
23,55,327389,1,1,20171020,20180615,20220520,20221020,10912,5456,22568,1,35,0,0,53,23666,0,0,1,0,34,9,0,1,56
97,41,228651,1,0,20181116,20190118,20220531,20231116,0,3810,13769,1,41,1,2,41,17290,1,0,1,0,9,9,0,1,41
7,43,506592,0,1,20181116,20200221,20220506,20231116,16886,8443,35600,1,29,0,0,41,18120,0,0,0,2,66,8,0,1,45
5,54,265745,6,0,20171020,20171020,20220530,20221020,22145,4429,17461,0,31,1,2,49,23383,1,0,2,4,0,8,0,1,57
104,48,262620,1,0,20180420,20180921,20220516,20230420,4377,4377,14486,1,26,1,2,47,20494,0,0,1,3,22,9,0,1,49
58,29,246563,6,0,20151120,20151120,20180322,20201120,16436,4109,21404,0,36,1,2,25,14263,0,0,2,0,0,9,0,1,32
42,54,426026,0,1,20171020,20191018,20220228,20221020,49700,7100,30519,0,32,0,0,47,23383,0,0,0,2,104,9,0,1,60
50,40,233245,1,0,20150320,20150918,20180503,20200320,15548,3887,16825,0,41,1,2,36,19899,0,0,1,3,26,8,1,1,41
97,22,100163,0,0,20151120,20170317,20170809,20201120,11683,2000,9056,0,36,0,0,15,10993,0,0,0,3,69,8,0,1,27
85,31,454307,1,1,20181116,20190215,20210513,20231116,75710,7571,47445,0,40,1,2,21,13349,0,0,1,2,13,9,0,1,37
50,41,272406,0,1,20181116,20190816,20220516,20231116,0,4540,19210,1,45,0,0,41,17290,0,0,0,2,39,9,0,1,41
126,58,332814,0,0,20170616,20180720,20220601,20220616,0,5546,19661,1,39,0,0,58,25204,1,0,0,3,57,7,0,1,58
126,52,371132,5,0,20160819,20170217,20201111,20210819,6185,6185,33591,1,25,0,1,51,23824,0,0,2,4,26,8,0,1,53
53,60,336387,0,0,20151120,20181019,20201003,20201120,11212,5606,23423,1,50,0,0,58,27922,1,0,0,4,152,9,1,1,61
45,60,665703,1,1,20170519,20180119,20220407,20220519,11095,11095,62929,1,52,1,2,59,26549,1,0,1,4,35,8,0,1,61
50,30,203475,0,1,20161216,20170818,20190411,20211216,20346,3391,21360,0,34,0,0,24,14002,0,0,0,2,35,8,0,1,33
97,15,170256,1,1,20181116,20190621,20200110,20231116,28370,2837,19256,0,28,1,2,5,6611,0,0,1,2,31,8,1,1,18
23,42,479068,0,0,20160819,20171020,20200117,20210819,15968,7984,40935,1,32,0,0,40,19467,0,0,0,3,61,9,0,1,43
115,42,382628,6,0,20181116,20181116,20220601,20231116,0,6377,33287,1,61,1,2,42,17669,1,1,2,2,0,7,0,1,42
58,57,358428,6,0,20170915,20180921,20220603,20220915,11946,5973,23190,1,46,0,0,55,24621,0,0,2,4,53,8,0,1,58
28,56,366155,1,0,20170915,20180615,20220509,20220915,12204,6102,41755,1,32,1,2,54,24242,0,0,1,4,39,7,0,1,57
117,41,280810,1,1,20181116,20190118,20220527,20231116,9360,4680,21508,1,33,1,2,39,17290,0,0,1,2,9,7,0,1,43
97,27,144136,0,1,20181116,20190719,20210105,20231116,21618,2402,8357,0,30,0,0,18,11711,0,0,0,2,35,9,0,1,34
85,60,366591,1,1,20160819,20170519,20210701,20210819,0,6109,28560,1,23,0,0,60,27013,1,0,1,0,39,9,0,1,60
42,41,689327,0,0,20181116,20190920,20220518,20231116,11488,11488,66590,1,50,0,2,40,17290,0,0,0,0,44,9,0,1,42
106,42,351395,1,1,20181116,20190517,20220601,20231116,0,5856,23299,1,52,1,2,42,17669,1,0,1,2,26,7,0,1,42
15,58,377781,0,0,20170616,20180921,20220217,20220616,12592,6296,25893,1,27,0,0,56,25306,1,0,0,3,66,9,0,1,60
97,53,307070,5,0,20170915,20180720,20211227,20220915,20468,5117,25995,0,22,0,0,49,23088,1,0,2,2,44,9,0,1,57
97,42,584651,0,1,20181116,20190315,20220502,20231116,9744,9744,37280,1,40,0,2,41,17669,1,0,0,2,17,9,0,1,43
15,60,262527,0,0,20150116,20160923,20191226,20200116,8750,4375,19389,1,40,0,0,58,28885,1,0,0,3,88,6,1,1,61
97,44,280193,1,0,20170915,20171215,20210318,20220915,28014,4669,18194,0,29,1,2,38,19485,0,0,1,0,13,8,0,1,49
77,29,199138,0,1,20181116,20190621,20210318,20231116,29862,3318,22573,0,49,0,0,20,12533,0,0,0,2,31,9,0,1,37
126,53,379795,0,0,20170915,20181019,20211214,20220915,6329,6329,20393,1,37,0,0,52,23088,0,0,0,0,57,7,1,1,54
97,42,346187,1,0,20181116,20181116,20220510,20231116,11538,5769,38227,1,49,1,2,40,17669,0,0,1,2,0,9,0,1,43
50,42,315657,1,0,20181116,20181221,20220601,20231116,0,5260,28687,1,31,1,2,42,17741,0,0,1,0,5,9,0,1,42
97,60,337637,0,1,20160819,20170616,20210930,20210819,50643,5627,26298,0,45,0,0,51,27814,0,0,0,0,43,8,0,1,66
97,44,414180,0,0,20150116,20151218,20180809,20200116,27612,6903,26702,0,29,0,0,40,21799,1,0,0,3,48,9,1,1,47
91,54,298553,6,0,20150116,20150116,20190617,20200116,0,4975,32397,1,29,1,2,54,26256,0,0,2,3,0,8,0,1,54
58,60,285039,6,0,20170915,20181116,20220506,20220915,0,4750,19852,1,44,0,0,60,29130,0,0,2,3,61,1,0,1,60
97,38,205398,6,0,20150417,20150417,20180418,20200417,27384,3423,17964,0,67,1,2,30,18912,0,1,2,3,0,8,1,1,44
11,60,357109,0,0,20160819,20170915,20210719,20210819,11902,5951,19751,1,35,0,0,58,27013,0,0,0,0,56,9,0,1,62
52,60,314781,1,0,20170421,20190118,20220503,20220421,10492,5246,17742,1,36,1,2,58,27033,1,0,1,3,91,8,0,1,61
126,60,254946,6,0,20160923,20180921,20220524,20210923,4249,4249,22712,1,36,0,0,59,28871,1,0,2,2,104,7,1,1,61
97,60,413415,0,1,20170120,20170915,20211214,20220120,13780,6890,39669,1,24,0,0,58,26973,1,0,0,3,34,8,0,1,62
23,42,321162,6,0,20181116,20190118,20220523,20231116,10704,5352,21689,1,56,0,2,40,17741,0,1,2,0,9,7,0,1,43
31,42,252656,6,0,20181116,20181116,20220602,20231116,8420,4210,17583,1,66,1,2,40,17669,0,1,2,3,0,9,0,1,43
97,28,116522,1,0,20180420,20180817,20200622,20230420,17478,2000,9823,0,42,1,2,19,12425,0,0,1,0,17,8,0,1,35
23,54,229835,0,0,20160819,20170616,20201201,20210819,19150,3830,18752,0,46,0,0,49,24663,0,0,0,3,43,8,1,1,55
83,31,201015,1,0,20181116,20190719,20210527,20231116,26800,3350,16850,0,49,1,2,23,13349,0,0,1,2,35,8,0,1,33
97,49,313131,1,1,20180420,20180720,20220531,20230420,10436,5218,26086,1,24,1,2,47,20954,1,0,1,0,13,8,0,1,50
38,60,340640,1,0,20170421,20170721,20220601,20220421,5677,5677,24712,1,32,1,2,59,26549,0,0,1,3,13,8,0,1,61
50,60,359367,0,0,20160819,20170616,20220412,20210819,0,5989,29225,1,34,0,0,60,29381,0,0,0,0,43,9,0,1,60
97,42,251618,1,0,20181116,20181221,20220518,20231116,0,4193,26012,1,26,1,2,42,17669,0,0,1,3,5,8,0,1,42
97,43,259176,0,0,20181116,20200221,20220601,20231116,8638,4319,22546,1,30,1,0,41,18120,0,0,0,0,66,2,0,1,44
47,42,188490,0,0,20150619,20160415,20181103,20200619,15705,3141,18772,0,36,0,0,37,20529,1,0,0,3,43,9,0,1,46
97,60,309683,0,0,20160819,20170818,20210816,20210819,10322,5161,25084,1,66,0,0,58,27415,1,1,0,0,52,9,0,1,62
97,50,370329,0,1,20180420,20181221,20220602,20230420,6172,6172,42338,1,60,0,0,49,21416,0,1,0,2,35,7,0,1,51
112,49,242532,1,0,20180420,20190215,20220527,20230420,8084,4042,17233,1,45,0,0,47,20954,1,0,1,4,43,7,0,1,51
68,60,290057,5,0,20170421,20180420,20220515,20220421,4834,4834,15767,1,29,0,0,59,26549,1,0,2,0,52,9,0,1,61
73,31,154662,0,0,20151120,20170217,20180510,20201120,15462,2577,12522,0,25,0,0,25,15187,1,0,0,1,65,9,0,1,34
97,60,330463,0,0,20170519,20180518,20220421,20220519,11014,5507,36400,1,33,0,0,58,26066,1,0,0,2,52,9,0,1,61
50,60,357376,0,1,20161216,20180119,20211105,20211216,5956,5956,19673,1,24,0,0,59,27082,0,0,0,2,57,8,0,1,61
28,55,338938,1,0,20171020,20180119,20220602,20221020,11296,5648,22912,1,32,1,2,53,23666,1,0,1,3,13,9,0,1,56
61,60,242550,0,0,20160819,20170317,20220326,20210819,8084,4042,21530,1,34,0,0,58,30146,0,0,0,0,30,9,1,1,62
97,50,273162,0,0,20180420,20190719,20220602,20230420,0,4552,20895,1,33,0,0,50,21333,0,0,0,2,65,8,0,1,50
97,34,208855,0,0,20190816,20200717,20220603,20240816,0,3480,17222,1,47,0,0,34,14117,0,0,0,2,48,8,0,1,34
50,59,293741,0,0,20170217,20170915,20220517,20220217,4895,4895,18731,1,27,0,0,58,27140,0,0,0,2,30,8,0,1,60
23,46,313158,0,1,20170915,20180615,20210520,20220915,52190,5219,16265,0,38,0,0,36,20300,0,0,0,0,39,8,0,1,56
23,57,368378,1,0,20170915,20180921,20220602,20220915,0,6139,33017,1,36,0,0,57,24621,0,0,1,0,53,8,0,1,57
97,56,265445,6,0,20170915,20180817,20220530,20220915,0,4424,19852,1,48,0,0,56,24242,0,0,2,2,48,8,0,1,56
58,49,319646,6,0,20150116,20150220,20210329,20200116,0,5327,30600,1,40,1,2,49,35237,0,0,2,0,5,9,0,1,49
19,58,317812,0,0,20150619,20160715,20200928,20200619,5296,5296,37053,1,48,0,0,57,27549,0,0,0,0,56,8,0,1,59
45,13,50639,0,0,20150619,20160415,20160602,20200619,3372,2000,4382,0,48,0,0,9,6714,0,0,0,3,43,7,0,0,17
50,52,351681,0,1,20170120,20180216,20210329,20220120,46888,5861,33883,0,47,0,0,44,23370,1,0,0,3,56,8,0,1,60
18,43,278458,0,1,20181116,20190621,20220601,20231116,4640,4640,19456,1,25,0,0,42,18120,0,0,0,2,31,8,1,1,44
58,50,346606,1,0,20180420,20180720,20220601,20230420,5776,5776,26869,1,53,1,2,49,21333,0,0,1,5,13,8,0,1,51
42,41,329796,1,1,20181116,20190621,20220516,20231116,0,5496,30983,1,36,0,0,41,17290,1,0,1,0,31,9,0,1,41
74,60,211736,1,0,20150619,20160415,20200716,20200619,35280,3528,18483,0,28,0,0,50,29268,0,0,1,0,43,9,0,1,63
58,53,314733,0,1,20170519,20171215,20210906,20220519,36715,5245,17209,0,35,0,0,46,23355,0,0,0,5,30,9,1,1,54
91,55,330787,5,1,20170421,20171117,20210920,20220421,0,5513,26849,1,28,0,0,55,24322,0,0,2,2,30,8,0,1,55
0,5,213384,5,0,20170915,20171215,20171205,20220915,21336,3556,17999,0,36,0,2,1,2363,0,0,2,3,13,4,0,1,8
97,19,184317,0,1,20181116,20190719,20200507,20231116,24568,3071,11922,0,29,0,0,11,8332,0,0,0,2,35,9,0,1,21
28,41,285884,0,1,20181116,20190920,20220518,20231116,9528,4764,31451,1,45,0,0,39,17290,1,0,0,2,44,9,0,1,43
97,59,365163,1,0,20170519,20180216,20220531,20220519,6086,6086,31712,1,28,0,0,58,25687,1,0,1,0,39,9,0,1,60
97,54,315265,0,0,20170616,20180720,20211101,20220616,5254,5254,23551,1,28,0,0,53,23660,1,0,0,3,57,8,0,1,55
0,58,296977,5,0,20150619,20160520,20220228,20200619,9898,4949,28203,1,32,0,0,56,36990,1,0,2,0,48,8,0,1,59
47,60,447631,6,0,20170421,20180817,20220531,20220421,7460,7460,43586,1,36,0,0,59,26654,0,0,2,3,69,7,0,1,61
50,60,524959,5,0,20160819,20170915,20220519,20210819,17498,8749,56273,1,41,0,0,58,29381,0,0,2,3,56,9,0,1,62
97,60,373058,0,0,20170519,20180518,20220502,20220519,6217,6217,36850,1,41,0,0,59,26066,0,0,0,3,52,9,0,1,61
63,49,347215,6,0,20180420,20190315,20220502,20230420,11572,5786,35718,1,49,0,0,47,20873,0,0,2,3,47,8,0,1,51
23,42,213606,1,1,20181116,20190517,20220517,20231116,7120,3560,12168,1,29,0,0,40,17741,0,0,1,2,26,8,0,1,43
58,50,298298,1,0,20180420,20190315,20220603,20230420,9942,4971,25157,1,40,1,2,48,21333,1,0,1,3,47,8,0,1,52
28,52,335595,0,1,20170217,20171020,20210524,20220217,50337,5593,24895,0,40,0,0,43,23199,0,0,0,0,35,9,1,1,59
41,42,253217,1,1,20181116,20181221,20220520,20231116,4220,4220,17399,1,26,1,2,41,17669,0,0,1,2,5,7,0,1,43
97,17,282068,1,0,20180420,20180921,20190823,20230420,47010,4701,27174,0,38,0,2,7,7639,1,0,1,0,22,4,0,1,21
97,38,526242,6,0,20180420,20180420,20210518,20230420,87700,8770,60693,0,40,1,2,28,16553,0,0,2,4,0,9,1,1,45
85,59,369779,1,0,20170421,20170818,20220301,20220421,0,6162,21481,1,43,1,2,59,26654,0,0,1,3,17,7,0,1,59
42,49,347484,0,0,20180420,20190920,20220603,20230420,5791,5791,25548,1,44,0,0,48,20873,1,0,0,3,74,7,1,1,50
28,48,187518,0,0,20170217,20171215,20210129,20220217,25000,3125,12834,0,39,0,0,40,21561,0,0,0,0,43,9,0,1,49
126,51,738520,6,0,20170120,20170120,20210203,20220120,12308,12308,67110,1,20,1,2,50,22960,1,0,2,4,0,8,0,1,52
28,60,571587,5,0,20170120,20180720,20220512,20220120,9526,9526,46377,1,53,0,0,59,27745,0,0,2,0,78,8,0,1,61
50,49,361105,6,1,20180420,20181116,20220603,20230420,0,6018,35879,1,26,0,0,49,20873,1,0,2,2,30,9,0,1,49
100,54,275972,1,0,20170915,20180316,20220511,20220915,0,4599,26850,1,27,1,2,54,23476,1,0,1,2,26,7,0,1,54
52,60,235911,0,0,20151120,20161118,20210301,20201120,0,3931,18644,1,29,0,0,60,29999,1,0,0,3,52,9,1,1,60
78,10,53901,1,0,20160819,20160819,20170519,20210819,6286,2000,4186,0,76,1,2,3,4943,1,1,1,0,0,9,0,1,16
118,56,319042,1,0,20170915,20180518,20220512,20220915,10634,5317,22771,1,38,1,2,54,24242,0,0,1,0,35,8,0,1,57
50,41,259030,0,1,20181116,20190816,20220502,20231116,8634,4317,21820,1,19,0,0,39,17290,0,0,0,2,39,9,0,1,42
97,41,169606,1,0,20181116,20190621,20220302,20231116,11304,2826,13256,0,37,1,2,37,17290,0,0,1,2,31,7,0,1,43
38,46,253250,0,0,20160819,20170721,20200526,20210819,16880,4220,28215,0,27,0,0,42,21188,1,0,0,3,48,9,0,1,48
125,49,295165,0,0,20180420,20190215,20220527,20230420,4919,4919,25038,1,31,0,0,48,20873,0,0,0,2,43,9,0,1,50
33,58,322493,0,1,20170519,20171215,20220117,20220519,53740,5374,26322,0,29,0,0,48,25404,0,0,0,2,30,8,0,1,65
117,49,262667,6,0,20180420,20190426,20220502,20230420,4377,4377,18087,1,23,0,0,48,20954,1,0,2,0,53,7,0,1,50
58,45,360377,1,1,20180420,20190118,20211214,20230420,0,6006,33564,1,36,0,0,45,19410,0,0,1,0,39,8,0,1,45
97,60,396289,0,1,20170421,20180119,20220308,20220421,13208,6604,34453,1,51,0,0,58,26170,0,0,0,5,39,9,0,1,62
45,60,415039,1,0,20170217,20170217,20220103,20220217,0,6917,30679,1,36,1,2,60,26374,1,0,1,5,0,9,1,1,60
18,60,323785,5,1,20170217,20171020,20220215,20220217,5396,5396,23793,1,47,0,0,59,26759,1,0,2,5,35,9,0,1,61
50,60,352297,0,1,20170421,20171117,20220527,20220421,11742,5871,27543,1,29,0,0,58,26170,0,0,0,0,30,8,0,1,61
58,56,339609,1,0,20171020,20171020,20220601,20221020,11320,5660,32906,1,38,1,2,54,24143,0,0,1,4,0,7,1,1,57
97,45,335319,1,0,20180420,20180720,20211202,20230420,0,5588,34222,1,35,1,2,45,19340,0,0,1,3,13,8,0,1,45
45,42,207765,0,1,20170217,20170915,20200708,20220217,20772,3462,16514,0,46,0,0,36,19037,1,0,0,5,30,8,1,1,43
97,54,311063,6,0,20171117,20180921,20220601,20221117,5184,5184,33224,1,47,0,0,53,23193,1,0,2,3,44,9,0,1,55
52,58,260431,1,0,20170616,20171215,20220503,20220616,8680,4340,25412,1,32,1,2,56,25306,1,0,1,3,26,8,0,1,60
117,42,352472,1,0,20181116,20190426,20220531,20231116,11748,5874,30795,1,35,1,2,40,17669,0,0,1,0,23,9,0,1,44
106,55,266421,1,0,20171020,20180216,20220513,20221020,4440,4440,18344,1,50,1,2,54,23666,1,0,1,4,17,8,0,1,56
15,54,279108,0,1,20171020,20180720,20220202,20221020,32557,4651,21725,0,26,0,0,47,23383,0,0,0,2,39,7,0,1,58
50,33,212713,0,1,20190816,20200619,20220412,20240816,7090,3545,14981,1,23,0,0,31,13738,0,0,0,2,44,8,0,1,35
68,48,275351,6,0,20180420,20190315,20220520,20230420,0,4589,18301,1,29,0,0,48,20494,1,0,2,3,47,9,0,1,48
28,19,111015,1,0,20170915,20171117,20190212,20220915,7400,2000,9680,0,53,1,2,15,8732,1,0,1,0,9,8,0,0,20
97,42,350339,0,0,20181116,20200221,20220507,20231116,0,5838,18051,1,35,0,0,42,17669,1,0,0,3,66,9,0,1,42
97,16,126039,6,0,20170421,20170421,20180605,20220421,14700,2100,10595,0,24,1,2,9,7545,0,0,2,0,0,7,1,1,22
126,51,259722,6,0,20150220,20150220,20190331,20200220,8656,4328,16863,1,30,1,2,49,24927,0,0,2,3,0,6,0,1,53
68,46,443599,6,0,20161216,20161216,20200813,20211216,7393,7393,28982,1,61,1,2,45,20948,0,1,2,0,0,8,1,1,47
45,36,340755,0,0,20150619,20160819,20180529,20200619,0,5679,26428,1,46,0,0,36,17802,1,0,0,4,61,9,0,1,36
18,30,103198,0,0,20150220,20160219,20170623,20200220,8595,2000,11069,0,45,0,0,25,15273,1,0,0,0,52,7,0,1,31
97,37,287429,5,0,20151120,20151218,20181130,20201120,38320,4790,32119,0,47,0,2,29,17914,0,0,2,4,4,7,0,1,38
106,60,214057,0,0,20150220,20160219,20200622,20200220,3567,3567,13940,1,20,0,0,59,31465,1,0,0,3,52,8,0,1,61
23,38,234660,0,0,20170421,20171215,20200414,20220421,19555,3911,15691,0,40,0,0,33,17264,0,0,0,0,34,8,0,1,43
38,27,187783,1,0,20150619,20160617,20170824,20200619,12516,3129,18879,0,30,1,2,23,13608,0,0,1,3,52,7,0,1,29
97,55,298427,6,0,20170421,20180921,20210910,20220421,39784,4973,19687,0,31,0,0,47,24322,0,0,2,0,74,8,0,1,61
97,15,178462,6,0,20170915,20171020,20181023,20220915,17844,2974,9550,0,24,1,2,9,6952,1,0,2,3,5,8,0,1,19
18,58,317081,0,0,20150220,20160115,20191018,20200220,0,5284,18608,1,47,0,0,58,28018,0,0,0,3,47,6,1,1,58
5,52,315693,0,0,20150220,20160219,20190410,20200220,0,5261,27318,1,38,0,0,52,25369,0,0,0,3,52,9,0,1,52
74,47,211910,1,1,20171020,20171215,20210705,20221020,14124,3531,12141,0,38,1,2,43,20630,0,0,1,5,8,8,0,1,50
126,34,338694,6,0,20160819,20160923,20190527,20210819,50796,5644,32856,0,30,1,2,25,15965,1,0,2,3,5,9,0,1,42
53,42,288338,1,0,20181116,20190426,20220429,20231116,9610,4805,16224,1,43,1,2,40,17669,0,0,1,0,23,8,0,1,43
53,41,286665,1,0,20181116,20181116,20220601,20231116,0,4777,27233,1,30,1,2,41,17290,0,0,1,0,0,9,0,1,41
94,46,279455,1,0,20171020,20180817,20210609,20221020,18628,4657,19410,0,27,0,0,42,20227,0,0,1,2,43,8,1,1,49
97,56,444579,1,0,20170915,20180216,20220512,20220915,0,7409,31773,1,48,1,2,56,24242,1,0,1,0,22,8,0,0,56
97,49,253962,0,1,20160819,20170421,20200803,20210819,25392,4232,17681,0,39,0,0,43,22468,1,0,0,5,35,9,0,1,53
50,58,230385,0,0,20150220,20160219,20220107,20200220,3839,3839,17635,1,35,0,0,57,39228,0,0,0,3,52,8,0,1,59
58,31,240305,5,0,20170616,20171117,20191209,20220616,40050,4005,18145,0,26,0,1,21,14095,0,0,2,0,22,9,0,1,32
68,41,372538,0,1,20181116,20190816,20220502,20231116,0,6208,37780,1,47,0,0,41,17290,0,0,0,0,39,8,0,1,41
84,42,318471,1,0,20181116,20190816,20220602,20231116,0,5307,28958,1,23,1,2,42,17669,0,0,1,3,39,9,0,1,42
35,34,197190,0,1,20181116,20190621,20210823,20231116,16430,3286,18788,0,31,0,0,29,14558,1,0,0,0,31,8,0,1,36
69,35,400068,5,0,20170616,20180720,20200302,20220616,6667,6667,44232,1,62,0,0,34,15865,0,1,2,2,57,8,0,1,36
97,29,105701,0,0,20150220,20160520,20170530,20200220,7044,2000,11434,0,40,0,0,25,14790,1,0,0,3,65,9,0,1,32
69,59,485889,0,0,20150220,20190426,20211006,20200220,8098,8098,33734,1,64,0,0,58,38058,0,1,0,3,218,8,1,1,60
121,34,247910,7,1,20190816,20200320,20220603,20240816,0,4131,19058,1,42,0,0,34,14117,0,0,2,2,31,8,0,1,34
80,54,335253,0,0,20160819,20170721,20210116,20210819,5587,5587,31402,1,29,0,0,53,24567,0,0,0,0,48,8,0,1,55
5,59,259433,0,0,20150220,20160318,20210330,20200220,0,4323,13730,1,44,0,0,59,35237,1,0,0,3,56,8,1,1,59
38,55,354128,0,0,20150220,20160219,20190715,20200220,0,5902,24659,1,37,0,0,55,26698,1,0,0,0,52,5,0,1,55
27,43,332779,0,0,20160923,20171215,20200303,20210923,55460,5546,33540,0,47,0,0,33,19814,0,0,0,0,64,9,0,1,50
69,58,538899,0,1,20170120,20180216,20220414,20220120,8981,8981,56051,1,52,0,0,57,27745,1,0,0,5,56,9,0,1,59
85,42,280513,1,1,20181116,20190517,20220510,20231116,0,4675,16593,1,51,1,2,42,17741,0,0,1,2,26,8,0,1,42
63,50,312714,0,0,20170120,20180119,20210119,20220120,10422,5211,19974,1,35,0,0,48,22547,0,0,0,3,52,7,0,1,51
50,39,373609,1,1,20180420,20181019,20210602,20230420,62260,6226,28565,0,63,0,0,29,16958,0,1,1,3,26,8,0,1,43
5,26,169986,5,0,20150220,20160115,20170224,20200220,16998,2833,14012,0,30,0,0,20,13341,0,0,2,0,47,8,0,1,28
90,51,343157,1,0,20170519,20180518,20210618,20220519,11438,5719,24927,1,33,0,0,49,22634,0,0,1,0,52,8,0,1,53
50,57,303535,5,0,20170915,20180720,20220603,20220915,5058,5058,24967,1,41,0,0,56,24621,1,0,2,0,44,8,1,1,58
5,16,123535,6,0,20180817,20180817,20191004,20230817,14406,2058,8273,0,35,1,2,9,7133,0,0,2,0,0,8,0,1,21
28,50,287481,6,0,20170421,20180817,20210504,20220421,4791,4791,20749,1,45,0,0,49,22229,0,0,2,0,69,7,1,1,51
50,51,257971,5,0,20150320,20150918,20190430,20200320,4299,4299,17834,1,41,0,2,50,24844,0,0,2,3,26,6,0,1,52
28,60,299507,0,1,20160923,20170519,20220531,20210923,0,4991,20148,1,43,0,0,60,29637,1,0,0,0,34,9,0,1,60
50,41,227381,0,1,20181116,20190920,20220504,20231116,7578,3789,17264,1,45,0,0,39,17290,0,0,0,2,44,9,0,1,43
69,57,335128,0,0,20160923,20170721,20220411,20210923,55850,5585,27197,0,56,0,0,47,29637,1,1,0,4,43,8,0,1,60
97,57,294267,0,0,20170421,20180518,20211217,20220421,4904,4904,31951,1,39,0,0,56,25016,0,0,0,0,56,9,0,1,58
118,59,337435,1,0,20170616,20180518,20220420,20220616,11246,5623,38219,1,48,0,0,57,25687,0,0,1,0,48,8,0,1,60
50,33,221414,0,1,20190816,20200717,20220601,20240816,0,3690,21672,1,37,0,0,33,13738,0,0,0,2,48,8,0,1,33
97,48,226003,0,0,20180615,20190426,20220602,20230615,7532,3766,16447,1,52,0,0,46,20411,1,0,0,2,45,8,0,1,50
23,45,249327,0,1,20180817,20190517,20220314,20230817,4155,4155,17238,1,36,0,0,44,19109,0,0,0,2,39,7,0,1,46
29,46,268802,0,1,20180817,20190517,20220601,20230817,8960,4480,18682,1,62,0,0,44,19488,0,1,0,2,39,8,0,1,48
50,56,329802,0,0,20170616,20180720,20220125,20220616,0,5496,22736,1,23,0,0,56,24534,0,0,0,0,57,8,0,1,56
69,20,149573,6,0,20150320,20150515,20160901,20200320,12460,2492,17379,0,54,0,2,15,10339,1,0,2,0,8,6,0,0,21
112,52,269312,0,1,20170915,20180518,20220517,20220915,4488,4488,25512,1,37,0,0,51,22698,0,0,0,0,35,8,0,1,53
28,46,284154,0,0,20160923,20170818,20220530,20210923,18940,4735,27222,0,56,0,0,42,21108,0,1,0,0,47,9,0,1,49
40,39,253183,0,1,20181116,20190719,20220530,20231116,8438,4219,14844,1,22,0,0,37,16524,0,0,0,2,35,9,1,1,40
83,56,223979,0,0,20161021,20180216,20210531,20211021,29856,3732,24304,0,32,0,0,48,25189,0,0,0,3,69,9,0,1,58
50,24,234404,0,0,20160923,20180921,20180816,20210923,3906,3906,23348,1,26,0,0,23,11442,0,0,0,0,104,6,0,0,25
15,60,405288,5,0,20150320,20160415,20200318,20200320,13508,6754,36409,1,45,0,0,58,29646,0,0,2,0,56,7,0,1,61
45,60,269794,5,0,20170616,20180316,20220504,20220616,26976,4496,17281,0,39,0,1,54,26066,0,0,2,0,39,7,0,1,63
50,54,253961,1,0,20170915,20180420,20220531,20220915,8464,4232,23400,1,28,1,2,52,23476,1,0,1,0,31,8,0,1,55
125,26,117021,0,0,20190816,20200717,20210823,20240816,1950,2000,10046,1,36,0,0,25,11007,0,0,0,4,48,8,0,1,27
70,24,145036,1,0,20170120,20170217,20181130,20220120,19336,2417,12515,0,72,1,2,16,11285,0,1,1,0,4,8,0,1,28
10,60,292672,0,1,20160923,20170421,20210910,20210923,9754,4877,15666,1,44,0,0,58,27305,1,0,0,5,30,8,0,1,61
5,50,296518,0,0,20180316,20190315,20220509,20230316,9882,4941,30388,1,30,0,0,48,21416,1,0,0,2,52,8,0,1,51
5,46,225904,0,0,20180817,20190719,20220601,20230817,0,3765,14649,1,39,0,0,46,19488,1,0,0,3,48,8,0,1,46
50,59,333803,0,0,20170616,20181019,20220514,20220616,11126,5563,31651,1,28,0,0,57,25687,0,0,0,3,70,8,0,1,61
97,27,94263,5,0,20150320,20160715,20170428,20200320,6284,2000,8696,0,31,0,0,23,13781,1,0,2,3,69,6,0,1,30
38,38,197516,6,0,20150320,20150417,20180320,20200320,32910,3291,11157,0,44,1,2,28,18975,1,0,2,3,4,8,0,1,47
97,60,324045,0,0,20170217,20180615,20220602,20220217,5400,5400,35135,1,60,0,0,59,27519,1,1,0,0,69,8,0,1,61
18,57,235126,1,0,20150320,20160415,20191004,20200320,39180,3918,19164,0,21,0,0,47,27492,0,0,1,0,56,7,0,1,60
18,60,337617,0,1,20161216,20180518,20220106,20211216,5626,5626,27280,1,46,0,0,59,27860,1,0,0,0,74,8,0,1,61
107,60,342697,5,0,20150320,20171020,20220511,20200320,5711,5711,26926,1,42,0,0,59,35932,0,0,2,3,135,8,0,1,61
100,60,338249,0,1,20161216,20170915,20220222,20211216,11274,5637,29518,1,23,0,0,58,28245,0,0,0,3,39,8,0,1,62
77,38,249328,1,1,20190315,20190920,20220603,20240315,8310,4155,24596,1,32,0,0,36,15889,0,0,1,2,27,8,0,1,40
97,53,274350,6,0,20171117,20181116,20220601,20221117,0,4572,26367,1,33,0,0,53,22814,1,0,2,0,52,9,0,1,53
126,27,124984,1,0,20161216,20170317,20190103,20211216,20830,2083,10925,0,24,1,2,17,12673,1,0,1,0,13,9,0,1,35
58,28,298771,5,0,20150320,20160520,20170508,20200320,24895,4979,20284,0,51,0,0,23,14265,0,0,2,0,61,8,0,0,31
77,60,217708,5,0,20150320,20151016,20200818,20200320,7256,3628,18770,1,35,0,1,58,31790,1,0,2,0,30,8,1,1,61
97,51,260730,1,0,20180316,20181116,20220602,20230316,0,4345,18845,1,61,0,1,51,21795,0,1,1,3,35,9,0,1,51
97,60,286896,0,0,20150320,20161216,20200330,20200320,0,4781,24131,1,24,0,0,60,29646,0,0,0,3,91,8,1,1,60
62,53,402310,6,0,20171117,20190215,20220527,20221117,0,6705,29462,1,18,0,0,53,22814,0,0,2,2,65,9,0,1,53
15,44,315257,7,1,20180921,20191220,20220529,20230921,10508,5254,23256,1,36,0,0,42,18574,1,0,2,0,65,9,1,1,45
97,60,281494,0,0,20150320,20160219,20200317,20200320,4691,4691,25575,1,52,0,0,59,29122,0,0,0,3,48,8,1,0,61
68,50,387007,6,0,20180316,20190215,20220601,20230316,6450,6450,29490,1,40,0,0,49,21416,0,0,2,3,48,8,0,1,51
26,50,296332,6,0,20180316,20190315,20220513,20230316,4938,4938,32805,1,25,0,0,49,21416,0,0,2,3,52,9,0,1,51
23,60,378719,0,0,20170421,20180720,20220506,20220421,0,6311,32422,1,37,0,0,60,27033,0,0,0,0,65,7,0,1,60
51,52,506811,0,0,20180316,20190118,20220602,20230316,0,8446,55153,1,43,0,0,52,22258,0,0,0,4,44,8,0,1,52
97,47,371692,5,0,20160923,20170915,20200703,20210923,0,6194,29734,1,42,0,2,47,21534,1,0,2,3,51,3,0,1,47
58,48,464633,6,1,20180420,20190118,20220502,20230420,7743,7743,47373,1,32,0,0,47,20494,1,0,2,2,39,9,0,1,49
97,55,433910,0,1,20171117,20180921,20220601,20221117,0,7231,28624,1,45,0,0,55,23666,0,0,0,0,44,8,1,1,55
45,55,394029,6,0,20171020,20181116,20220601,20221020,6567,6567,36684,1,54,0,0,54,23764,0,0,2,0,56,8,0,1,56
58,58,627270,0,1,20170120,20170818,20210928,20220120,20908,10454,57298,1,52,0,0,56,25794,0,0,0,3,30,8,1,1,60
119,60,297957,0,0,20150417,20160318,20211004,20200417,4965,4965,27611,1,32,0,0,59,37008,0,0,0,0,48,8,0,1,61
80,56,462500,0,0,20171020,20190215,20220602,20221020,0,7708,41844,1,53,0,0,56,24143,1,0,0,3,69,7,0,1,56
126,58,265531,0,0,20150417,20160715,20200307,20200417,4425,4425,17046,1,51,0,0,57,29122,1,0,0,0,65,9,0,1,59
97,11,228965,6,0,20180817,20180921,20190603,20230817,38160,3816,16543,0,41,1,2,1,4913,0,0,2,2,5,8,0,1,21
50,36,115076,0,0,20150417,20160219,20180221,20200417,11502,2000,9018,0,29,0,0,30,17990,1,0,0,0,44,9,0,1,40
54,55,253251,5,0,20150417,20150821,20190930,20200417,4220,4220,20269,1,45,0,2,54,26530,0,0,2,3,18,9,0,1,56
121,59,270930,0,0,20150417,20160219,20200304,20200417,0,4515,21312,1,50,0,0,59,29122,1,0,0,3,44,7,0,1,59
97,60,466818,0,0,20160923,20180119,20220516,20210923,7780,7780,37323,1,44,0,0,59,27701,0,0,0,3,69,9,0,1,61
58,60,239330,0,0,20150417,20161021,20210108,20200417,3988,3988,14932,1,25,0,0,59,33365,0,0,0,3,79,8,0,1,61
66,45,282143,1,0,20180817,20190621,20220517,20230817,0,4702,26056,1,29,0,0,45,19109,0,0,1,2,44,8,0,1,45
97,47,623366,6,0,20171020,20171020,20210702,20221020,20778,10389,43411,1,57,1,2,45,20630,0,1,2,0,0,9,0,1,48
23,60,345034,1,0,20180316,20190118,20220505,20230316,0,5750,30203,1,39,0,0,60,27033,1,0,1,0,44,1,0,1,60
80,44,281694,5,0,20150417,20150918,20181005,20200417,32858,4694,24884,0,55,0,1,37,21654,0,0,2,3,22,8,0,1,46
97,47,322709,0,0,20160115,20161118,20191129,20210115,21512,5378,36383,0,43,0,0,43,22184,0,0,0,0,44,8,0,1,51
45,60,387122,0,0,20170421,20180216,20220413,20220421,12904,6452,36490,1,30,0,0,58,26654,0,0,0,0,43,8,0,1,62
69,37,361885,5,0,20170421,20170519,20200325,20220421,0,6031,32079,1,57,1,2,37,16831,0,1,2,2,4,7,0,1,37
50,43,207986,0,0,20170217,20180420,20200817,20220217,17330,3466,12928,0,32,0,0,38,19461,1,0,0,3,61,7,0,1,47
62,51,419703,0,0,20180316,20190315,20220601,20230316,13990,6995,41392,1,65,0,0,49,21795,1,1,0,3,52,8,0,1,53
40,45,385189,6,0,20180817,20180817,20220422,20230817,12838,6419,37742,1,26,1,2,43,19109,0,0,2,2,0,8,0,1,46
44,60,376352,6,0,20161021,20180921,20220506,20211021,12544,6272,26019,1,51,0,0,58,29130,0,0,2,3,100,7,0,1,61
18,60,472641,0,0,20150417,20160318,20200626,20200417,15754,7877,27675,1,25,0,0,58,30415,1,0,0,3,48,9,0,1,62
50,60,452042,0,0,20170616,20180216,20220502,20220616,0,7534,24175,1,44,0,0,60,26066,0,0,0,0,35,8,1,1,60
18,54,342496,6,0,20171117,20181221,20220503,20221117,5708,5708,28916,1,34,0,0,53,23193,1,0,2,3,57,9,0,1,55
28,47,347085,0,0,20170120,20181019,20201104,20220120,23136,5784,29225,0,22,0,0,43,21216,0,0,0,0,91,9,0,1,50
35,50,345904,1,0,20180316,20190816,20220526,20230316,11530,5765,31248,1,47,1,2,48,21416,1,0,1,0,74,8,0,1,51
38,47,315382,0,0,20150417,20160923,20190103,20200417,5256,5256,24308,1,60,0,0,46,22990,0,1,0,3,75,8,1,1,48
85,37,173572,0,0,20150417,20160219,20180327,20200417,11568,2892,11215,0,26,0,0,33,18450,0,0,0,3,44,8,0,1,39
97,56,373472,6,0,20160115,20160115,20200812,20210115,12448,6224,33693,1,50,1,2,54,26047,0,0,2,4,0,8,0,0,57
50,50,386011,1,0,20180316,20181116,20220521,20230316,12866,6433,30816,1,39,1,2,48,21416,1,0,1,2,35,7,0,1,52
50,53,339228,5,0,20150417,20150417,20190719,20200417,0,5653,23762,1,28,1,2,53,25648,0,0,2,3,0,9,1,1,53
97,60,371617,0,0,20170519,20180119,20220602,20220519,6193,6193,30852,1,40,0,0,59,26549,0,0,0,0,35,8,0,1,61
45,60,539507,6,0,20170519,20180817,20220411,20220519,8991,8991,41063,1,53,0,0,59,26170,0,0,2,3,65,8,0,1,61
50,27,162091,0,0,20180316,20190215,20200402,20230316,16206,2701,10702,0,37,0,0,21,12027,1,0,0,2,48,8,0,1,28
5,57,274245,1,1,20170915,20180216,20220520,20220915,4570,4570,26444,1,34,1,2,56,24621,1,0,1,3,22,9,0,1,58
97,60,365062,0,0,20150515,20160520,20200611,20200515,6084,6084,28088,1,25,0,0,59,29892,0,0,0,3,53,9,1,1,61
97,58,575455,0,0,20150515,20160415,20200925,20200515,9590,9590,46962,1,40,1,2,57,31166,0,0,0,0,48,8,1,1,59
63,56,349150,6,0,20170915,20181116,20220602,20220915,5819,5819,31350,1,27,0,0,55,24242,0,0,2,0,61,8,0,1,57
97,41,186807,0,0,20150515,20160318,20180831,20200515,18678,3113,14890,0,22,0,0,35,20227,0,0,0,0,44,9,0,1,47
15,31,289193,7,1,20180921,20190719,20210304,20230921,24095,4819,24410,0,20,0,0,26,13438,1,0,2,2,43,8,1,1,36
23,60,349212,0,1,20160923,20170818,20210827,20210923,5820,5820,39161,1,37,0,0,59,26905,0,0,0,3,47,9,0,1,61
5,60,349606,0,1,20170519,20171215,20220601,20220519,5826,5826,24576,1,50,0,0,59,26549,1,0,0,0,30,8,1,1,61
97,36,175828,6,0,20150515,20150515,20180327,20200515,5860,2930,15702,1,45,1,2,34,17928,1,0,2,3,0,8,1,1,38
62,37,181379,1,0,20190315,20190315,20220421,20240315,6044,3022,17152,1,36,1,2,35,15510,1,0,1,3,0,4,0,1,39
126,60,615614,0,0,20150515,20161021,20200701,20200515,20520,10260,51450,1,23,0,0,58,30318,1,0,0,3,75,8,1,1,61
105,41,256684,7,1,20190118,20191220,20220506,20240118,8556,4278,25001,1,45,0,0,39,17221,1,0,2,2,48,7,0,1,42
98,49,210573,5,0,20150515,20151218,20190401,20200515,3509,3509,18070,1,35,1,2,48,23797,1,0,2,3,31,8,1,0,50
85,60,315050,5,0,20170421,20180316,20220602,20220421,10500,5250,20037,1,37,0,0,58,26170,0,0,2,3,47,9,0,1,62
118,39,200248,6,0,20161021,20170421,20191230,20211021,20022,3337,10816,0,55,1,2,33,18021,0,1,2,0,26,8,0,1,45
50,51,292979,6,0,20180216,20181221,20220523,20230216,4882,4882,27016,1,20,0,0,50,21795,0,0,2,0,44,9,0,1,52
28,26,129185,1,1,20170915,20171020,20191031,20220915,17224,2153,7077,0,51,1,2,18,11788,0,0,1,0,5,9,0,1,34
114,51,303045,5,0,20160115,20160115,20200305,20210115,10100,5050,18044,1,32,1,2,49,23903,0,0,2,3,0,8,0,1,53
97,59,318320,0,0,20161021,20170915,20220118,20211021,10610,5305,36656,1,39,0,0,57,28364,0,0,0,0,47,9,0,0,61
58,58,290678,1,0,20161216,20170217,20210831,20211216,4844,4844,20718,1,21,1,2,57,25895,0,0,1,3,9,8,0,1,59
97,25,116281,0,0,20160115,20170818,20180112,20210115,15504,2000,12093,0,38,0,0,17,12310,1,0,0,3,83,7,0,1,32
50,50,295594,1,1,20180316,20180518,20220515,20230316,0,4926,22437,1,34,1,2,50,21416,1,0,1,2,9,8,0,1,50
58,46,281415,0,1,20180817,20190426,20220504,20230817,4690,4690,19619,1,44,0,0,45,19488,0,0,0,5,36,8,0,1,47
94,43,218721,6,0,20150515,20150515,20181001,20200515,0,3645,24399,1,50,1,2,43,21132,0,0,2,0,0,6,0,1,43
38,37,224827,7,1,20190426,20191115,20220602,20240426,0,3747,24258,1,41,0,0,37,15446,0,0,2,0,29,9,0,1,37
120,52,248878,0,0,20150515,20160819,20190709,20200515,16588,4147,27668,0,42,0,0,48,25125,0,0,0,0,66,7,0,1,55
85,60,320495,1,0,20170421,20170721,20220531,20220421,5341,5341,26409,1,34,1,2,59,26170,0,0,1,3,13,9,0,1,61
35,51,284291,1,0,20180316,20180720,20220601,20230316,9476,4738,28077,1,52,1,2,49,21795,1,0,1,3,18,7,0,1,52
63,48,359150,0,1,20180420,20181019,20220520,20230420,5985,5985,29974,1,38,0,0,47,20494,1,0,0,2,26,9,0,1,49
74,59,380701,0,1,20170421,20171117,20220228,20220421,6345,6345,32911,1,32,0,0,58,25789,0,0,0,5,30,9,1,1,60
18,54,328715,0,0,20171117,20181019,20220510,20221117,0,5478,31471,1,58,0,0,54,23193,0,1,0,3,48,9,0,1,54
74,49,251438,6,0,20180316,20190517,20220523,20230316,4190,4190,19871,1,36,0,0,48,21035,1,0,2,2,61,8,0,1,50
83,41,229510,1,0,20181221,20190517,20220513,20231221,7650,3825,20814,1,46,1,2,39,17290,0,0,1,2,21,8,0,1,43
121,22,106464,1,1,20191220,20200619,20210816,20241220,12418,2000,9837,0,33,0,0,15,9245,1,0,1,2,26,8,0,1,27
38,58,304595,5,0,20150515,20160617,20200427,20200515,5076,5076,26079,1,43,0,0,57,29032,1,0,2,3,57,7,1,1,59
117,50,292559,1,0,20180316,20190426,20220520,20230316,4875,4875,29149,1,46,0,0,49,21416,1,0,1,3,58,8,0,1,51
97,50,309597,0,0,20180316,20181019,20220601,20230316,10318,5159,30615,1,56,0,0,48,21416,1,1,0,0,31,9,0,1,51
79,60,326336,0,1,20170421,20171020,20220309,20220421,0,5438,28209,1,20,0,0,60,26170,0,0,0,0,26,9,0,1,60
23,57,336449,0,1,20171020,20180720,20220524,20221020,0,5607,32241,1,32,0,0,57,24621,0,0,0,0,39,7,0,1,57
117,53,285926,0,0,20171117,20181019,20220515,20221117,9530,4765,27312,1,50,0,0,51,22814,0,0,0,3,48,9,0,1,54
50,58,280311,0,0,20160115,20161216,20201002,20210115,9342,4671,15367,1,39,0,0,56,26892,0,0,0,3,48,9,0,1,60
50,22,106705,0,1,20170421,20171215,20190130,20220421,17780,2000,8838,0,32,0,0,12,10217,0,0,0,0,34,9,1,1,28
53,59,328023,0,0,20161216,20171215,20211116,20211216,0,5467,37636,1,25,0,0,59,27082,1,0,0,3,52,7,0,1,59
51,37,246332,1,0,20190426,20190719,20220602,20240426,0,4105,28233,1,30,1,2,37,15446,0,0,1,3,12,9,0,1,37
86,38,187417,0,0,20170217,20180518,20200328,20220217,31230,3123,20493,0,28,0,0,28,17318,0,0,0,0,65,8,0,1,41
97,37,237511,0,0,20150515,20160318,20180515,20200515,3958,3958,23313,1,54,0,0,36,18390,0,0,0,3,44,7,0,1,38
50,37,216586,7,0,20190426,20200221,20220430,20240426,3609,3609,18984,1,28,0,0,36,15446,0,0,2,2,43,9,0,1,38
97,59,337433,5,0,20170616,20180720,20220602,20220616,5623,5623,24365,1,61,0,0,58,25687,1,1,2,3,57,8,1,1,60
45,30,288973,5,0,20161216,20171020,20190410,20211216,9632,4816,17764,1,43,0,0,28,14002,1,0,2,3,44,7,0,1,31
35,60,231278,0,0,20161216,20170818,20211201,20211216,0,3854,24779,1,53,0,0,60,27472,0,0,0,0,35,6,0,1,60
45,54,375637,0,0,20150515,20160617,20200820,20200515,12520,6260,42625,1,26,0,0,52,30743,1,0,0,3,57,9,1,1,56
125,48,296249,1,1,20180615,20190215,20220601,20230615,4937,4937,17913,1,20,1,2,47,20411,0,0,1,0,35,8,0,1,49
97,59,367077,5,0,20170519,20180615,20220302,20220519,12234,6117,27961,1,47,0,0,57,25687,0,0,2,0,56,9,0,1,60
35,41,256020,6,0,20171117,20171215,20210302,20221117,21335,4267,23851,0,36,1,2,36,18057,1,0,2,4,4,8,0,1,44
65,60,404537,0,0,20160115,20170217,20210330,20210115,33710,6742,23718,0,32,0,0,55,28969,0,0,0,3,57,9,1,1,63
62,33,247148,1,0,20190816,20200918,20220530,20240816,8238,4119,18254,1,34,0,0,31,13738,0,0,1,3,57,7,0,1,35
50,29,113523,0,0,20160520,20170421,20180924,20210520,17028,2000,9789,0,24,0,0,20,13943,1,0,0,3,48,8,0,1,32
38,58,427512,0,0,20170421,20180420,20211204,20220421,7125,7125,32631,1,39,0,0,57,25500,0,0,0,2,52,8,0,1,59
97,30,189894,1,0,20191220,20200515,20220602,20241220,6328,3164,17452,1,32,1,2,28,12356,1,0,1,2,21,8,0,1,31
52,26,188909,1,0,20190315,20190315,20210311,20240315,28332,3148,14480,0,37,1,2,17,11197,1,0,1,2,0,8,0,1,30
15,47,335702,1,0,20180615,20190426,20220531,20230615,11190,5595,38069,1,29,0,0,45,20032,1,0,1,3,45,7,0,1,48
97,59,230076,6,0,20150619,20190215,20200302,20200619,7668,3834,19706,1,63,0,0,57,28075,0,1,2,0,191,8,0,1,60
6,60,307401,0,0,20150619,20180720,20220429,20200619,5123,5123,26283,1,51,0,0,59,37656,0,0,0,0,161,6,0,1,61
18,60,353023,0,0,20160115,20161216,20210302,20210115,11766,5883,18822,1,31,0,0,58,29483,0,0,0,3,48,8,0,1,61
28,43,213685,5,0,20160115,20160415,20190607,20210115,0,3561,15250,1,60,0,2,43,20502,0,1,2,3,13,7,0,1,43
17,40,324195,1,0,20190315,20190621,20220506,20240315,5403,5403,17418,1,45,1,2,39,16777,1,0,1,2,14,7,0,1,41
62,60,327499,0,0,20160923,20190719,20220120,20210923,0,5458,24381,1,39,0,0,60,28871,0,0,0,3,147,9,0,1,60
45,42,318835,0,0,20181116,20190920,20220601,20231116,10626,5313,26331,1,36,0,0,40,17669,1,0,0,2,44,6,1,1,43
58,12,115778,6,0,20150619,20150619,20160422,20200619,9645,2000,7926,0,47,1,2,7,6215,1,0,2,0,0,5,0,1,17
28,47,297732,6,0,20180316,20190118,20211224,20230316,44658,4962,18886,0,21,0,0,38,20262,1,0,2,0,44,8,0,1,48
28,56,350483,6,0,20170915,20190517,20220510,20220915,0,5841,28460,1,41,0,0,56,24143,1,0,2,0,87,8,0,1,56
23,55,332349,0,0,20170915,20180518,20220515,20220915,0,5539,34956,1,50,0,0,55,23764,0,0,0,0,35,9,0,1,55
5,6,45980,1,0,20181116,20181116,20190410,20231116,3064,2000,3502,0,32,1,2,2,2665,1,0,1,0,0,6,0,1,8
97,60,426229,0,0,20170421,20180316,20220511,20220421,0,7103,34498,1,50,0,0,60,26273,0,0,0,2,47,8,0,1,60
23,54,424875,6,0,20171117,20181116,20220509,20221117,14162,7081,35831,1,36,0,0,52,23193,0,0,2,3,52,9,0,1,55
53,13,67471,0,1,20170421,20171117,20180404,20220421,8992,2000,4589,0,57,0,0,5,6139,1,1,0,5,30,9,0,1,19
100,55,259848,0,0,20150619,20160415,20210504,20200619,4330,4330,15826,1,24,1,2,54,33956,0,0,0,3,43,8,1,1,56
28,41,397697,0,0,20181221,20191115,20220603,20231221,0,6628,28590,1,42,0,0,41,17221,0,0,0,0,47,8,1,1,41
28,39,283989,1,0,20190118,20190215,20220314,20240118,9466,4733,22778,1,27,1,2,37,16398,0,0,1,2,4,9,0,1,40
45,26,95821,0,0,20160923,20170721,20181001,20210923,15970,2000,9262,0,35,0,0,16,12347,1,0,0,3,43,9,0,1,35
97,59,393636,0,0,20170616,20180720,20220531,20220616,13120,6560,32966,1,27,0,0,57,25583,0,0,0,2,57,9,0,1,61
45,55,350362,0,0,20160115,20161216,20200731,20210115,23356,5839,26021,0,56,0,0,51,25623,1,1,0,0,48,9,0,1,58
50,32,139644,1,0,20150619,20150717,20171220,20200619,16289,2327,14660,0,27,1,2,25,16019,0,0,1,0,4,8,1,1,37
97,46,303727,0,1,20170421,20171117,20201210,20220421,0,5062,31013,1,42,0,0,46,20659,0,0,0,2,30,8,0,1,46
9,39,205325,0,0,20161216,20170915,20200115,20211216,23954,3422,11810,0,28,0,0,32,17947,0,0,0,0,39,6,0,1,45
68,53,384650,6,0,20171117,20180921,20220328,20221117,12820,6410,38137,1,28,0,0,51,22814,0,0,2,3,44,7,0,1,55
58,59,285124,0,0,20150619,20190719,20200716,20200619,9504,4752,27400,1,27,0,0,57,29795,0,0,0,3,213,8,0,1,60
97,28,187573,1,0,20191220,20200821,20220228,20241220,6252,3126,21674,1,35,1,2,26,11596,0,0,1,2,35,7,0,1,29
28,38,354773,7,1,20190426,20191115,20220602,20240426,5912,5912,20776,1,39,0,0,37,15889,0,0,2,2,29,8,0,1,39
97,52,262986,0,0,20171117,20181019,20220203,20221117,4383,4383,29447,1,47,0,0,51,22433,0,0,0,0,48,8,0,1,53
97,59,261646,0,0,20150619,20161216,20200918,20200619,4360,4360,19043,1,28,0,0,58,30642,0,0,0,3,78,6,0,1,60
117,22,97771,0,0,20170421,20180518,20190128,20220421,9774,2000,7509,0,49,0,0,16,10217,0,0,0,3,56,9,0,1,27
97,54,567829,0,0,20171117,20181116,20220506,20221117,18926,9463,64368,1,42,0,0,52,23193,1,0,0,3,52,9,0,1,56
50,31,177708,0,0,20181221,20191018,20210514,20231221,26649,2961,19921,0,26,0,0,22,13349,1,0,0,2,43,7,0,1,38
11,48,438762,5,0,20150619,20160219,20190430,20200619,14624,7312,41234,1,42,1,2,46,23273,1,0,2,3,35,7,0,1,49
58,37,231771,5,1,20170217,20170915,20200210,20220217,27034,3862,22331,0,30,0,0,30,16889,0,0,2,5,30,9,0,1,38
45,50,355480,1,0,20180316,20181221,20220513,20230316,0,5924,25241,1,29,1,2,50,21416,0,0,1,3,40,6,0,1,50
50,48,394935,7,0,20180420,20190920,20220425,20230420,6582,6582,31829,1,42,0,0,47,20494,0,0,2,0,74,7,0,1,49
63,55,304261,0,0,20150717,20160923,20200311,20200717,5071,5071,29166,1,25,0,0,54,26262,0,0,0,0,62,7,1,1,56
97,8,37023,1,0,20170519,20170915,20171204,20220519,2468,2000,2614,0,31,1,2,4,3809,1,0,1,0,17,8,0,1,11
42,57,344560,0,1,20170915,20180615,20220406,20220915,5742,5742,32756,1,37,0,0,56,24621,0,0,0,2,39,8,0,1,58
45,52,381294,5,0,20171020,20171020,20220112,20221020,12708,6354,31294,1,27,1,2,50,22521,1,0,2,0,0,9,0,1,54
97,53,254144,0,0,20170217,20180615,20210624,20220217,42350,4235,16513,0,46,0,0,43,23604,0,0,0,3,69,9,0,1,58
125,38,167177,7,1,20190426,20191115,20220515,20240426,0,2786,11692,1,38,0,0,38,15889,0,0,2,2,29,8,0,1,38
32,52,306506,6,1,20180119,20180817,20220511,20230119,5108,5108,27937,1,29,0,0,51,22345,0,0,2,3,30,8,0,1,53
32,39,233681,7,1,20190315,20200221,20220519,20240315,7788,3894,16496,1,21,0,0,37,16398,0,0,2,0,49,7,1,1,40
50,23,149039,6,0,20161021,20161021,20180808,20211021,22347,2483,12317,0,38,1,2,14,10935,0,0,2,3,0,8,0,1,29
15,43,218602,5,0,20160115,20160219,20190624,20210115,14572,3643,23383,0,43,0,2,39,20502,1,0,2,0,5,9,1,1,44
32,39,198043,7,0,20190315,20200117,20220603,20240315,0,3300,15264,1,41,0,0,39,16333,0,0,2,2,44,9,1,1,39
28,56,287346,1,0,20161216,20170818,20210630,20211216,0,4789,19933,1,51,1,2,56,25090,0,0,1,3,35,8,0,1,56
38,54,307678,5,0,20150717,20151218,20191121,20200717,10254,5127,23901,1,41,0,0,52,25830,0,0,2,0,22,6,0,1,55
23,56,258173,0,0,20171020,20180720,20220507,20221020,4302,4302,15502,1,33,0,0,55,24143,0,0,0,3,39,9,0,1,57
97,57,253093,0,0,20170915,20190621,20220602,20220915,4218,4218,21978,1,26,0,0,56,24621,1,0,0,3,92,8,0,1,58
23,15,73596,0,1,20170915,20180518,20181001,20220915,9808,2000,4416,0,35,0,0,7,6952,1,0,0,0,35,8,0,1,23
85,49,299166,1,1,20180420,20180817,20220514,20230420,9972,4986,20008,1,39,1,2,47,20873,0,0,1,2,17,9,1,1,51
126,59,254560,0,1,20170421,20180216,20220403,20220421,38178,4242,15156,0,35,0,0,50,26549,0,0,0,2,43,7,0,1,68
50,41,217863,1,0,20181221,20200515,20220603,20231221,3631,3631,20914,1,48,0,0,40,17221,1,0,1,2,73,7,0,1,42
15,59,311498,0,0,20150717,20160617,20200402,20200717,5191,5191,29144,1,38,0,0,58,27982,0,0,0,3,48,8,1,1,60
50,60,280644,0,0,20170421,20180518,20220303,20220421,4677,4677,27163,1,35,0,0,59,26170,0,0,0,3,56,7,0,1,61
125,57,267422,0,1,20170915,20180817,20220519,20220915,4457,4457,29469,1,26,0,0,56,24621,0,0,0,2,48,8,0,1,58
50,56,335020,1,0,20170915,20171020,20220516,20220915,0,5583,27674,1,34,1,2,56,24242,1,0,1,3,5,7,0,1,56
28,45,233674,0,0,20180817,20190719,20220519,20230817,0,3894,13700,1,33,0,0,45,19109,0,0,0,2,48,8,1,1,45
58,17,180439,6,0,20160115,20160318,20170421,20210115,12028,3007,12007,0,37,0,2,13,8553,0,0,2,3,9,6,0,1,20
9,25,135385,0,1,20180316,20181019,20200213,20230316,15792,2256,13645,0,29,0,0,18,11165,0,0,0,0,31,8,0,1,31
52,29,119413,0,0,20170915,20180817,20200110,20220915,7960,2000,11185,0,27,0,0,25,13085,0,0,0,3,48,9,0,1,33
118,42,194967,6,0,20170915,20170915,20210224,20220915,19494,3249,12816,0,73,1,2,36,18598,0,1,2,0,0,9,0,1,47
45,41,230422,6,0,20181116,20181116,20220530,20231116,3840,3840,24443,1,54,1,2,40,17290,1,0,2,3,0,8,0,1,42
50,32,158003,1,0,20171215,20180720,20200627,20221215,18431,2633,12526,0,39,1,2,25,14285,0,0,1,2,31,6,0,1,39
93,23,140411,1,1,20200619,20201016,20220602,20250619,0,2340,10784,1,37,1,2,23,9338,0,0,1,2,17,9,0,1,23
96,51,314962,6,1,20180316,20181116,20220510,20230316,10498,5249,26812,1,43,0,0,49,21795,1,0,2,2,35,8,0,1,52
124,33,182372,6,0,20150717,20150717,20180202,20200717,27351,3039,16229,0,35,1,2,24,16417,0,0,2,0,0,9,0,0,40
50,60,295979,1,0,20150717,20150717,20200831,20200717,9864,4932,20326,1,26,1,2,58,29693,0,0,1,3,0,7,0,1,61
96,60,221391,0,0,20150717,20160715,20210622,20200717,3689,3689,17770,1,41,0,0,59,33835,1,0,0,3,52,7,0,1,61
50,23,118250,0,0,20161216,20170818,20180922,20211216,19700,2000,11833,0,53,0,0,13,10885,1,1,0,1,35,8,0,1,29
68,44,282200,0,0,20160115,20161216,20190711,20210115,4703,4703,29370,1,27,0,0,43,20944,0,0,0,0,48,8,1,1,45
5,21,116729,1,1,20200117,20200717,20210921,20250117,19450,2000,7006,0,32,1,2,11,8778,1,0,1,2,26,9,0,1,28
94,58,244168,1,0,20160115,20160923,20200928,20210115,0,4069,21521,1,51,1,2,58,26985,1,0,1,3,36,8,0,1,58
15,54,290391,5,0,20171117,20180316,20220502,20221117,9678,4839,28278,1,59,0,1,52,23193,0,1,2,3,17,9,0,1,56
13,58,261658,5,0,20161216,20171215,20211123,20211216,8720,4360,23326,1,41,0,0,56,27082,0,0,2,2,52,8,1,1,60
62,23,105242,1,0,20200619,20201218,20220531,20250619,0,2000,7580,1,31,1,2,23,9390,1,0,1,3,26,9,0,1,23
23,48,286744,0,0,20180420,20190315,20220322,20230420,4779,4779,26052,1,43,0,0,47,20494,1,0,0,3,47,9,0,1,49
97,60,323822,1,0,20161216,20170217,20211118,20211216,10794,5397,27966,1,37,1,2,58,27082,0,0,1,3,9,6,0,1,61
76,54,301347,5,0,20170915,20180119,20220508,20220915,5022,5022,26681,1,45,0,1,53,23383,0,0,2,3,18,9,0,1,55
23,60,265143,1,0,20150717,20150918,20201002,20200717,4419,4419,22788,1,53,1,2,59,30537,1,0,1,0,9,8,1,1,61
97,42,235838,0,1,20171215,20180720,20210524,20221215,19650,3930,14481,0,33,0,0,37,18404,0,0,0,0,31,9,0,1,47
97,40,165455,0,0,20150717,20160520,20181002,20200717,11028,2757,17576,0,32,0,0,36,19556,1,0,0,0,44,9,0,0,43
28,37,142772,0,0,20171117,20180817,20201107,20221117,23790,2379,11283,0,26,0,0,27,16400,1,0,0,0,39,9,0,1,45
51,60,341827,1,1,20170421,20171215,20220411,20220421,0,5697,30444,1,36,0,0,60,26170,1,0,1,3,34,8,0,1,60
85,46,286562,6,0,20171020,20181221,20210607,20221020,0,4776,23184,1,47,0,0,46,20227,1,0,2,0,61,8,0,1,46
45,41,212251,7,0,20181116,20190920,20220531,20231116,0,3537,20535,1,29,0,0,41,17290,0,0,2,0,44,8,0,1,41
63,60,316137,5,0,20150717,20170317,20220412,20200717,52680,5268,29370,0,26,0,0,50,28413,0,0,2,3,87,7,0,1,68
58,56,336648,0,0,20170519,20180316,20211101,20220519,11220,5610,25569,1,34,0,0,54,24626,0,0,0,3,43,8,0,1,58
50,48,283675,6,0,20171215,20171215,20220323,20221215,4727,4727,26486,1,37,1,2,47,20878,0,0,2,0,0,7,0,1,49
97,56,417762,0,0,20170217,20171215,20210928,20220217,6962,6962,34750,1,28,0,0,55,24808,0,0,0,2,43,9,0,1,57
50,52,259416,0,0,20160115,20161216,20200317,20210115,34584,4323,20870,0,34,0,0,44,24418,0,0,0,0,48,7,0,1,60
15,60,322891,0,0,20150717,20161021,20200925,20200717,5381,5381,21533,1,30,0,0,59,30116,1,0,0,0,66,8,1,1,61
35,54,329732,5,0,20160115,20160219,20200506,20210115,0,5495,29190,1,39,1,2,54,25282,1,0,2,0,5,7,0,1,54
85,49,369297,0,0,20160520,20170519,20200512,20210520,0,6154,34080,1,35,0,0,49,22725,0,0,0,3,52,9,1,1,49
77,60,431992,1,0,20170421,20170421,20220315,20220421,7199,7199,32552,1,24,1,2,59,26170,0,0,1,0,0,8,0,1,61
28,30,245568,1,0,20190315,20190816,20210809,20240315,24552,4092,16477,0,47,1,2,24,12778,1,0,1,2,22,9,1,1,32
77,38,320163,1,0,20190426,20200417,20220602,20240426,10672,5336,17133,1,35,0,0,36,15889,0,0,1,0,51,8,0,1,40
69,43,359508,1,1,20181116,20190920,20220602,20231116,5991,5991,39506,1,50,1,2,42,18120,1,0,1,4,44,6,0,1,44
38,49,341674,6,1,20180420,20190517,20220602,20230420,0,5694,24472,1,40,0,0,49,20873,1,0,2,2,56,5,1,1,49
50,59,338241,0,0,20170120,20171117,20220429,20220120,11274,5637,31869,1,47,0,0,57,26191,1,0,0,0,43,8,0,1,61
35,59,361499,0,0,20160115,20160923,20201001,20210115,0,6024,29115,1,35,0,0,59,27406,1,0,0,3,36,7,0,1,59
50,60,282377,0,0,20160923,20170721,20220105,20210923,4706,4706,24057,1,37,0,0,59,28871,1,0,0,0,43,9,0,1,61
62,26,143384,0,0,20200417,20210924,20220602,20250417,2389,2389,8131,1,49,0,0,25,10630,0,0,0,2,75,7,0,1,27
117,30,188794,1,0,20191220,20201120,20220601,20241220,6292,3146,17147,1,39,0,0,28,12356,0,0,1,0,48,7,1,1,32
51,33,345620,0,1,20190816,20200221,20220523,20240816,11520,5760,31097,1,46,0,0,31,13738,0,1,0,3,27,6,1,1,34
50,48,395710,7,0,20180420,20190920,20220509,20230420,0,6595,24637,1,40,0,0,48,20494,1,0,2,0,74,8,0,1,48
126,53,485795,0,1,20180119,20180817,20220602,20230119,16192,8096,46512,1,41,0,0,51,22724,1,0,0,2,30,8,0,1,55
97,25,134733,0,0,20150717,20160415,20170622,20200717,17960,2245,9483,0,34,1,2,17,12650,0,0,0,3,39,8,1,1,30
58,49,315195,0,0,20180518,20190621,20220601,20230518,5253,5253,35211,1,36,0,0,48,20873,0,0,0,3,57,8,1,1,50
125,40,247631,0,0,20150717,20160520,20180917,20200717,16508,4127,22647,0,44,0,0,36,19630,0,0,0,0,44,8,1,1,43
69,46,291413,0,0,20180817,20190816,20220602,20230817,0,4856,21433,1,52,0,0,46,19488,1,0,0,2,52,8,0,1,46
50,58,415462,0,0,20160115,20161118,20200930,20210115,13848,6924,27032,1,47,0,0,56,26985,0,0,0,3,44,8,0,1,59
28,30,267587,0,0,20191115,20200221,20220601,20241115,0,4459,22642,1,38,1,0,30,12356,1,0,0,3,14,9,1,1,30
51,33,346126,7,1,20190816,20200221,20220523,20240816,0,5768,30875,1,46,0,0,33,13738,0,1,2,3,27,6,1,1,33
97,21,253949,0,0,20200821,20210924,20220603,20250821,4232,4232,19350,1,40,0,0,20,8482,0,0,0,0,57,9,0,1,22
28,12,101589,5,0,20160923,20170616,20170828,20210923,13544,2000,8613,0,33,0,1,4,5873,1,0,2,3,38,9,0,1,13
97,28,339510,1,1,20200221,20200821,20220513,20250221,11316,5658,34117,1,40,1,2,26,11542,0,0,1,2,26,7,0,1,30
68,34,232734,0,1,20190621,20200417,20220512,20240621,7756,3878,20003,1,30,0,0,32,14182,0,0,0,0,43,9,0,1,36
50,22,180917,1,1,20200717,20200918,20220601,20250717,6030,3015,15821,1,51,1,2,20,8909,0,0,1,2,9,9,0,1,23
68,54,455615,5,0,20170616,20171117,20211111,20220616,0,7593,42676,1,68,0,1,54,23660,0,1,2,0,22,9,0,1,54
97,18,123804,0,0,20160923,20170818,20180209,20210923,12378,2063,10867,0,27,0,0,12,8683,0,0,0,0,47,8,1,1,19
45,51,424093,6,1,20180316,20181221,20220516,20230316,0,7068,32286,1,39,0,0,51,21795,0,0,2,2,40,8,0,1,51
106,41,562169,6,0,20181116,20181116,20220530,20231116,18738,9369,32665,1,49,1,2,39,17290,1,0,2,2,0,9,1,1,42
5,39,281315,7,1,20190315,20191220,20220511,20240315,0,4688,19758,1,24,0,0,39,16333,0,0,2,2,40,8,0,1,39
97,48,421046,0,0,20180615,20190426,20220603,20230615,7017,7017,25673,1,65,0,0,47,20411,1,1,0,0,45,6,0,1,49
97,37,335697,6,1,20180615,20190118,20210527,20230615,39158,5594,34619,0,40,0,0,30,16091,0,0,2,2,31,8,0,1,40
23,57,334676,0,1,20170120,20170818,20220311,20220120,0,5577,37017,1,54,0,0,57,28127,0,0,0,3,30,8,0,1,57
117,34,195591,0,0,20160115,20161118,20181022,20210115,29331,3259,13975,0,38,0,0,25,16436,0,0,0,0,44,9,0,1,43
45,41,269057,6,0,20181116,20181221,20220531,20231116,0,4484,30753,1,45,1,2,41,17290,0,0,2,3,5,6,0,1,41
22,51,304508,1,0,20180316,20180921,20220504,20230316,0,5075,26444,1,46,1,2,51,21795,0,0,1,0,27,7,0,1,51
53,38,408163,1,0,20190426,20190426,20220602,20240426,0,6802,35654,1,31,1,2,38,15889,0,0,1,2,0,9,1,1,38
80,50,256426,1,1,20160923,20170818,20201002,20210923,29911,4273,22951,0,28,0,0,43,22803,0,0,1,5,47,9,0,1,57
38,51,577572,6,1,20180316,20181116,20220601,20230316,9626,9626,66200,1,42,0,0,50,21795,0,0,2,0,35,8,0,1,52
50,59,215481,1,0,20161021,20170519,20210831,20211021,14364,3591,24830,0,47,1,2,55,26398,1,0,1,0,30,9,0,1,60
45,60,304277,0,0,20160115,20161216,20210323,20210115,0,5071,26198,1,36,0,0,60,29483,1,0,0,0,48,8,0,1,60
50,59,442880,5,0,20150717,20160115,20220126,20200717,66429,7381,29678,0,34,0,1,50,36605,1,0,2,0,26,8,1,1,66
18,46,322778,1,1,20180817,20190215,20220601,20230817,0,5379,28245,1,27,0,0,46,19488,0,0,1,3,26,8,1,1,46
28,56,360462,5,0,20170217,20171215,20210929,20220217,6007,6007,31342,1,25,0,0,55,24808,1,0,2,0,43,9,0,1,57
39,56,272613,1,0,20150717,20160715,20200111,20200717,18172,4543,28346,0,30,1,2,52,26692,0,0,1,0,52,8,0,1,60
68,41,392877,6,0,20181221,20190118,20220602,20231221,0,6547,33129,1,22,1,2,41,17221,1,0,2,2,4,9,0,1,41
50,51,431895,0,0,20170421,20210924,20210603,20220421,0,7198,29878,1,57,0,0,51,22634,0,1,0,0,231,8,0,1,51
62,44,259361,0,0,20180518,20190621,20220504,20230518,30254,4322,19246,0,47,0,0,37,18950,1,0,0,0,57,7,1,1,48
97,60,280196,1,0,20150717,20201218,20200828,20200717,0,4669,25699,1,62,0,0,60,29167,0,1,1,3,283,7,0,1,60
63,29,240409,0,0,20191220,20200320,20220601,20241220,4006,4006,24702,1,26,1,0,28,11921,0,0,0,2,13,9,1,1,30
115,45,305959,1,1,20180817,20190517,20220502,20230817,10198,5099,24026,1,40,1,2,43,19109,1,0,1,2,39,9,0,1,47
50,52,305329,1,0,20180119,20180216,20220429,20230119,5088,5088,18251,1,40,1,2,51,22345,0,0,1,0,4,8,0,1,53
126,50,266029,0,1,20180316,20181116,20220331,20230316,22165,4433,27456,0,32,0,0,45,21416,1,0,0,3,35,6,0,1,51
85,53,428618,6,1,20180119,20181019,20220602,20230119,7143,7143,37931,1,40,0,0,52,22724,0,0,2,0,39,8,0,1,54
97,29,201002,1,0,20171117,20171215,20200302,20221117,23450,3350,14494,0,27,1,2,22,12992,0,0,1,2,4,8,0,1,33
35,60,340082,1,0,20150717,20151218,20201210,20200717,5668,5668,29515,1,34,1,2,59,30851,0,0,1,1,22,9,1,1,61
97,41,230392,0,0,20171117,20181019,20210306,20221117,34551,3839,26086,0,61,0,0,32,18057,0,1,0,0,48,9,0,1,47
50,54,280972,0,0,20161021,20170519,20211122,20211021,28092,4682,28682,0,39,0,0,48,27586,0,0,0,0,30,9,0,1,55
69,50,249090,0,0,20180316,20190426,20220531,20230316,0,4151,23831,1,69,0,0,50,21416,0,1,0,4,58,8,1,1,50
58,56,328547,0,1,20170915,20180518,20220504,20220915,10950,5475,37696,1,32,0,0,54,24242,0,0,0,0,35,8,0,1,58
45,53,278824,0,0,20171117,20181019,20220513,20221117,4647,4647,28370,1,23,0,0,52,22814,1,0,0,0,48,9,0,1,54
50,60,260121,0,0,20170616,20180720,20220602,20220616,4335,4335,20146,1,23,0,0,59,26066,1,0,0,0,57,6,0,1,61
5,59,319861,0,0,20150821,20160819,20200518,20200821,0,5331,27434,1,36,0,0,59,27887,1,0,0,0,52,8,0,1,59
45,50,231820,5,0,20160115,20160115,20211206,20210115,7726,3863,19617,1,37,1,2,48,33086,1,0,2,0,0,9,0,1,51
50,52,212345,0,0,20160520,20170421,20200803,20210520,21234,3539,19367,0,48,0,0,46,24005,0,0,0,1,48,9,0,1,53
97,60,311026,0,0,20150821,20161118,20200703,20200821,5183,5183,32686,1,19,0,0,59,28742,0,0,0,3,65,7,0,1,61
28,35,177008,6,0,20160520,20160715,20190320,20210520,11800,2950,14487,0,39,1,2,31,16617,0,0,2,0,8,7,0,1,36
10,60,344697,1,1,20170421,20170421,20220603,20220421,11488,5744,20784,1,36,1,2,58,26654,1,0,1,3,0,8,0,1,61
23,41,221912,1,0,20180420,20190426,20210822,20230420,25886,3698,16439,0,19,0,0,34,17762,1,0,1,2,53,9,0,1,47
52,60,320068,1,0,20150821,20160415,20201209,20200821,10668,5334,22849,1,29,1,2,58,30851,1,0,1,3,34,7,0,1,62
68,27,214532,1,0,20181221,20200417,20210225,20231221,32175,3575,24149,0,48,0,0,18,11676,0,0,1,3,69,7,0,1,32
23,40,275381,7,1,20190118,20190816,20220506,20240118,9178,4589,29988,1,50,0,0,38,16842,0,0,2,2,30,8,1,1,42
46,60,363504,1,0,20160520,20160819,20210816,20210520,6058,6058,36831,1,49,1,2,59,28952,0,0,1,3,13,9,0,1,61
5,57,285287,0,0,20161216,20171117,20210730,20211216,4754,4754,16686,1,35,0,0,56,25493,1,0,0,3,48,8,0,1,58
5,55,219663,1,0,20150821,20160219,20200107,20200821,18305,3661,18556,0,41,1,2,50,26166,1,0,1,0,26,8,1,1,58
58,38,350712,6,0,20190426,20190517,20220531,20240426,5845,5845,30515,1,56,1,2,37,15889,0,1,2,3,3,8,0,1,39
28,55,342087,0,1,20170915,20180720,20220602,20220915,0,5701,23399,1,38,0,0,55,23764,1,0,0,2,44,9,0,1,55
5,33,168656,0,1,20190816,20200221,20220511,20240816,5620,2810,8945,1,41,1,0,31,13738,0,0,0,2,27,7,1,1,34
50,52,293934,6,0,20171215,20190215,20220531,20221215,9796,4898,25931,1,48,0,0,50,22433,0,0,2,3,61,8,0,1,54
96,44,204087,7,0,20180921,20191220,20220510,20230921,0,3401,18977,1,31,0,0,44,18574,0,0,2,2,65,9,0,1,44
117,44,243207,1,1,20180921,20190215,20220601,20230921,8106,4053,25261,1,30,1,2,42,18574,1,0,1,2,21,9,0,1,45
28,59,262543,0,0,20161216,20171020,20210901,20211216,4375,4375,30294,1,60,0,0,58,26294,0,1,0,3,44,8,1,1,60
45,31,172814,6,0,20150821,20150821,20180131,20200821,25920,2880,16196,0,38,1,2,22,15430,0,0,2,3,0,9,0,1,35
97,47,440495,0,0,20161216,20171117,20200918,20211216,14682,7341,50563,1,18,0,0,45,21371,0,1,0,0,48,8,0,1,48
68,60,310370,0,1,20161216,20170915,20211018,20211216,5172,5172,26944,1,23,0,0,59,26690,1,0,0,0,39,8,0,1,61
97,58,274846,5,0,20150821,20160520,20201202,20200821,4580,4580,20101,1,39,0,0,57,30851,0,0,2,3,39,8,0,1,59
97,19,100701,0,0,20161216,20171020,20180502,20211216,16780,2000,11084,0,25,0,0,9,9057,0,0,0,3,44,8,0,1,27
97,33,238869,0,1,20190118,20191115,20210827,20240118,31848,3981,13806,0,54,0,0,25,14111,1,0,0,2,43,8,0,1,36
50,56,273537,0,0,20170915,20181019,20220601,20220915,0,4558,25435,1,49,0,0,56,24143,0,0,0,3,57,8,0,1,56
92,60,240413,0,0,20150821,20170915,20210601,20200821,0,4006,20445,1,57,0,0,60,33309,0,1,0,0,108,8,0,1,60
97,53,318412,1,1,20180119,20181221,20220602,20230119,5306,5306,27272,1,54,0,0,52,22724,0,0,1,2,48,8,0,1,54
53,59,357872,1,0,20170616,20170915,20220421,20220616,11928,5964,33989,1,36,1,2,57,25687,1,0,1,0,13,6,0,1,61
94,44,289010,6,0,20180119,20180119,20210820,20230119,4816,4816,15307,1,58,1,2,43,19148,0,1,2,3,0,9,0,1,45
46,53,334615,0,1,20180119,20181019,20220505,20230119,5576,5576,25381,1,33,0,0,52,22724,0,0,0,0,39,8,1,1,54
97,60,334049,0,0,20170519,20180817,20220602,20220519,0,5567,23730,1,43,0,0,60,26549,0,0,0,3,65,8,0,1,60
23,14,76623,0,1,20180921,20190621,20191003,20230921,7662,2000,6796,0,37,0,0,8,6219,0,0,0,2,39,9,0,1,19
68,60,283415,1,0,20170519,20180216,20220502,20220519,9446,4723,17140,1,37,0,0,58,26066,0,0,1,0,39,6,0,1,62
63,59,411022,0,1,20170519,20180119,20220520,20220519,0,6850,36800,1,25,0,0,59,25687,0,0,0,5,35,8,0,1,59
28,38,246187,7,1,20190426,20191115,20220602,20240426,0,4103,25373,1,54,0,0,38,15889,1,0,2,2,29,8,0,1,38
97,23,125274,0,1,20200619,20210528,20220602,20250619,4174,2087,12198,1,44,0,0,21,9338,0,0,0,2,49,9,0,1,25
50,55,349013,6,0,20171020,20181221,20220531,20221020,5816,5816,24833,1,19,0,0,54,23764,0,0,2,0,61,8,0,1,56
85,58,241986,1,0,20150821,20151218,20210219,20200821,0,4033,13885,1,43,1,2,58,31679,1,0,1,3,17,8,0,1,58
52,33,144384,1,0,20190816,20191018,20220502,20240816,4812,2406,12120,1,27,1,2,31,13738,0,0,1,3,9,5,0,1,35
28,59,303461,5,0,20150821,20161021,20210212,20200821,10114,5057,25997,1,35,0,0,57,29590,0,0,2,3,61,8,0,1,60
5,51,252409,6,0,20180316,20190517,20220601,20230316,4206,4206,16862,1,24,0,0,50,21795,1,0,2,3,61,8,0,1,52
50,60,319641,1,0,20161216,20170818,20211104,20211216,10654,5327,18784,1,68,0,0,58,26582,0,1,1,3,35,9,0,1,61
15,47,296039,6,0,20180615,20180720,20220426,20230615,4933,4933,29379,1,42,1,2,46,20032,1,0,2,0,5,7,0,1,48
97,49,438225,6,0,20171215,20180216,20211130,20221215,36515,7303,31624,0,23,1,2,44,21270,1,0,2,2,9,8,0,1,53
5,47,241465,0,0,20180615,20190517,20220524,20230615,0,4024,15432,1,33,0,0,47,20032,1,0,0,3,48,8,0,1,47
23,46,182397,0,0,20150821,20160819,20190415,20200821,15195,3039,14525,0,22,0,0,41,22221,0,0,0,3,52,8,0,1,50
97,60,351006,1,1,20161216,20170317,20220512,20211216,11700,5850,38444,1,41,1,2,58,30525,1,0,1,5,13,7,0,1,61
11,48,312310,5,0,20180119,20180720,20211220,20230119,5205,5205,34342,1,25,0,1,47,20725,1,0,2,3,26,8,0,1,49
97,54,279503,0,0,20171215,20180817,20220602,20221215,4658,4658,27494,1,40,0,0,53,23193,1,0,0,2,35,7,0,1,55
50,56,325128,0,0,20171020,20181019,20220601,20221020,5418,5418,22977,1,50,0,0,55,24143,0,0,0,2,52,8,1,1,57
74,21,111765,1,1,20200918,20210416,20220602,20250918,3724,2000,11810,1,25,1,2,19,8482,0,0,1,2,30,8,0,1,23
28,27,178371,1,1,20200221,20210122,20220602,20250221,2972,2972,20752,1,52,1,2,26,11059,0,0,1,2,48,9,0,1,28
50,33,194884,6,0,20171117,20181116,20200715,20221117,22736,3248,21059,0,54,0,0,26,14711,0,0,2,3,52,8,0,1,36
109,20,342228,9,1,20201016,20210219,20220512,20251016,0,5703,28207,1,54,1,2,20,8058,0,0,2,2,18,7,1,1,20
85,40,185226,0,1,20170519,20171215,20200825,20220519,18522,3087,12422,0,33,0,0,34,18009,0,0,0,3,30,9,0,1,44
28,35,208835,1,0,20170217,20171117,20191202,20220217,27840,3480,24143,0,30,1,2,27,16031,1,0,1,3,39,9,1,1,39
97,20,106806,1,0,20201016,20201218,20220603,20251016,0,2000,9253,1,48,1,2,20,8058,0,0,1,2,9,8,0,1,20
20,42,244025,1,0,20180615,20180615,20211007,20230615,28469,4067,24076,0,28,1,2,35,18096,1,0,1,2,0,7,0,1,46
114,39,258692,5,0,20170519,20171117,20200331,20220519,38799,4311,16113,0,34,0,0,30,17807,0,0,2,2,26,5,0,1,44
117,37,200075,0,1,20190426,20191018,20220602,20240426,0,3334,18702,1,33,0,0,37,15446,0,0,0,2,25,7,0,1,37
28,54,344801,1,0,20171215,20180119,20220518,20221215,5746,5746,38168,1,51,1,2,53,23193,1,0,1,3,5,8,0,1,55
38,23,104342,7,0,20200619,20210416,20220510,20250619,3478,2000,7879,1,24,0,0,21,9390,0,0,2,2,43,8,0,1,25
50,53,301752,6,0,20171215,20190118,20220506,20221215,0,5029,23273,1,32,0,0,53,22814,0,0,2,3,57,8,0,1,53
58,30,244080,1,1,20191220,20201016,20220531,20241220,0,4068,14834,1,41,1,2,30,12356,0,0,1,3,43,8,0,1,30
50,33,305655,6,0,20160115,20160219,20180813,20210115,35658,5094,23069,0,41,1,2,26,16045,1,0,2,3,5,8,0,1,35
97,50,406343,5,0,20160520,20161216,20200630,20210520,27088,6772,35707,0,44,0,1,46,23154,0,0,2,3,30,9,0,1,51
58,41,289258,1,0,20181116,20190215,20220601,20231116,9640,4820,33253,1,42,1,2,39,17290,1,0,1,2,13,9,0,1,42
50,35,378976,1,0,20190621,20190920,20220603,20240621,6316,6316,24756,1,49,0,2,34,14561,0,0,1,0,13,9,0,1,36
69,53,329335,0,0,20171215,20181019,20220602,20221215,0,5488,37558,1,69,0,0,53,22724,0,1,0,0,44,9,0,1,53
97,26,201493,0,0,20200320,20201218,20220602,20250320,6716,3358,15110,1,30,0,0,24,10630,0,0,0,2,39,9,0,1,28
50,58,273718,0,0,20160115,20161118,20210202,20210115,31927,4561,20506,0,40,0,0,51,29074,0,0,0,3,44,8,0,1,65
50,42,250886,6,0,20180316,20190118,20210721,20230316,33448,4181,20979,0,41,0,0,34,18282,0,0,2,2,44,8,0,1,50
5,16,90302,0,0,20170915,20180720,20181101,20220915,12040,2000,8431,0,24,0,0,8,7400,0,0,0,3,44,8,0,1,24
97,60,382263,0,0,20160520,20170721,20220301,20210520,0,6371,38477,1,39,0,0,60,31683,0,0,0,1,61,9,1,1,60
85,25,231198,1,1,20200221,20201120,20220218,20250221,7706,3853,25717,1,25,0,0,23,10299,0,0,1,2,39,9,0,1,26
58,51,515527,0,0,20160115,20160219,20200228,20210115,17184,8592,35005,1,53,0,2,49,23989,0,0,0,0,5,8,0,1,53
97,51,454169,1,0,20180316,20200918,20220603,20230316,15138,7569,32133,1,35,0,0,49,21795,1,0,1,4,131,6,0,1,52
97,41,269252,0,0,20170217,20180518,20200605,20220217,31409,4487,19377,0,40,0,0,34,18611,1,0,0,2,65,9,1,1,42
126,51,434536,5,0,20170915,20171020,20211013,20220915,0,7242,41407,1,43,0,2,51,22306,0,0,2,0,5,9,0,1,51
17,39,339995,6,0,20190118,20190118,20220603,20240118,5666,5666,32069,1,32,1,2,38,16398,0,0,2,2,0,8,0,1,40
80,59,394174,5,0,20170616,20180216,20220502,20220616,6569,6569,32583,1,44,0,0,58,25583,1,0,2,3,35,9,0,1,60
5,58,346023,1,0,20170217,20170915,20211110,20220217,57670,5767,30617,0,35,1,2,48,25596,1,0,1,0,30,9,0,1,68
50,20,176336,0,1,20200918,20210924,20220601,20250918,5876,2938,16939,1,33,0,0,18,8058,0,0,0,2,53,8,0,1,22
80,37,375112,6,0,20181221,20181221,20211207,20231221,12502,6251,32270,1,49,1,2,35,15689,0,0,2,2,0,7,0,1,38
97,42,286810,1,1,20181221,20190517,20220601,20231221,4780,4780,27498,1,60,1,2,41,17669,0,1,1,2,21,9,0,1,43
58,32,140840,0,0,20160115,20170519,20180731,20210115,16429,2347,12985,0,46,0,0,25,15590,1,0,0,0,70,7,0,1,36
24,3,123794,5,0,20150821,20150918,20150922,20200821,14441,2063,11167,0,38,0,2,4,1571,0,0,2,0,4,3,0,1,9
28,41,399987,1,0,20181116,20181116,20220503,20231116,0,6666,28215,1,33,1,2,41,17290,0,0,1,2,0,8,0,1,41
97,30,274238,0,1,20191220,20200821,20220602,20241220,9140,4570,24431,1,39,0,0,28,12356,1,0,0,0,35,8,1,1,32
68,53,317882,0,1,20180119,20180817,20220603,20230119,0,5298,24683,1,31,0,0,53,22724,0,0,0,2,30,9,0,1,53
85,41,190996,0,0,20150821,20160715,20181101,20200821,12732,3183,10208,0,31,0,0,37,20003,0,0,0,0,47,7,0,0,43
91,57,437191,1,1,20170915,20180420,20220531,20220915,14572,7286,30390,1,32,0,0,55,24621,0,0,1,2,31,8,0,1,59
69,46,314195,1,1,20180615,20190118,20220228,20230615,52360,5236,24134,0,55,0,0,36,19651,0,0,1,0,31,6,0,1,49
63,60,359888,0,1,20160923,20170421,20210802,20210923,53982,5998,41338,0,25,0,0,51,26905,1,0,0,3,30,9,1,1,68
42,60,369635,0,0,20160923,20170721,20210818,20210923,6160,6160,32411,1,51,0,0,59,26905,0,0,0,3,43,9,0,1,61
28,56,443394,5,0,20171020,20171020,20220602,20221020,0,7389,43628,1,51,1,2,56,24143,1,0,2,3,0,4,0,1,56
126,60,310365,0,0,20150821,20160923,20200817,20200821,10344,5172,33672,1,53,0,0,58,29167,1,0,0,0,57,8,0,1,62
55,54,268537,6,0,20161021,20161021,20210223,20211021,35800,4475,19963,0,35,1,2,46,24470,0,0,2,0,0,9,1,1,60
110,29,244352,1,0,20200117,20210122,20220602,20250117,8144,4072,18514,1,28,0,0,27,11921,0,0,1,0,53,8,0,1,30
58,25,455962,8,1,20200417,20200821,20220505,20250417,7599,7599,33284,1,32,1,2,24,10251,0,0,2,2,18,9,1,1,26
50,45,321224,7,0,20180817,20200117,20220601,20230817,10706,5353,27576,1,50,0,0,43,19030,0,0,2,2,74,9,0,1,47
5,58,316606,0,1,20170616,20180216,20220529,20220616,5276,5276,27110,1,25,0,0,57,25204,0,0,0,0,35,8,0,1,59
69,43,304452,0,1,20181019,20190621,20220601,20231019,10148,5074,34596,1,47,0,0,41,18120,0,0,0,0,35,9,0,1,45
126,60,459259,5,0,20170120,20171215,20211102,20220120,68886,7654,31648,0,44,0,0,51,26582,1,0,2,4,47,7,0,1,64
80,52,479720,6,0,20171117,20171117,20220225,20221117,0,7995,31809,1,62,1,2,52,22433,0,1,2,2,0,9,0,1,52
97,59,272236,0,0,20150821,20160415,20200905,20200821,36296,4537,17144,0,34,1,2,51,29590,0,0,0,3,34,7,0,0,60
28,31,205312,1,0,20191115,20200717,20220602,20241115,0,3421,17645,1,48,1,2,31,12794,0,0,1,2,35,8,0,1,31
5,56,410383,0,0,20171020,20181019,20220602,20221020,6839,6839,30537,1,50,0,0,55,24143,0,0,0,2,52,8,0,1,57
85,53,383785,6,0,20180119,20181116,20220602,20230119,0,6396,26236,1,35,0,0,53,22724,0,0,2,3,43,8,0,1,53
52,50,301065,1,0,20171020,20180817,20220526,20221020,40136,5017,22860,0,42,0,0,42,21828,1,0,1,2,43,8,0,1,57
111,40,376544,0,0,20150821,20161021,20181001,20200821,25100,6275,26919,0,28,0,0,36,19556,0,0,0,3,61,8,0,1,44
47,31,234140,0,1,20181019,20190426,20210429,20231019,19510,3902,25823,0,34,0,0,26,13393,0,0,0,2,27,8,0,1,32
96,21,127713,0,1,20171020,20180518,20190518,20221020,12768,2128,10582,0,19,0,0,15,9583,1,0,0,3,30,8,0,1,25
97,58,425376,5,0,20160115,20160819,20200928,20210115,14178,7089,24818,1,39,0,1,56,26985,1,0,2,0,31,8,1,1,59
97,54,438687,0,1,20171117,20180518,20220504,20221117,7311,7311,49109,1,41,0,0,53,23287,1,0,0,3,26,8,0,1,55
96,45,348822,0,0,20171020,20180921,20210507,20221020,52317,5813,20498,0,49,0,0,36,19822,0,0,0,3,48,7,0,1,47
53,28,181432,0,1,20191220,20200821,20220520,20241220,0,3023,14242,1,27,0,0,28,11596,0,0,0,2,35,8,0,1,28
23,59,443252,0,0,20161021,20170721,20211129,20211021,0,7387,34917,1,43,0,0,59,27586,0,0,0,3,39,9,0,1,59
97,49,465688,6,0,20180420,20190517,20220509,20230420,15522,7761,34678,1,27,0,0,47,20873,0,0,2,2,56,8,0,1,51
126,46,324379,1,0,20180817,20190621,20220603,20230817,10812,5406,25937,1,41,0,0,44,19488,1,0,1,3,44,8,0,1,48
50,53,379079,6,1,20171117,20180921,20220602,20221117,6317,6317,35774,1,41,0,0,52,22814,0,0,2,2,44,9,0,1,54
50,17,164108,5,0,20171117,20180316,20190304,20221117,13675,2735,15126,0,51,0,2,12,7747,0,0,2,0,17,8,0,1,18
42,60,348326,0,0,20150821,20160415,20200713,20200821,5805,5805,28579,1,33,1,2,59,28218,1,0,0,0,34,9,0,1,61
97,16,130578,1,1,20200320,20201218,20210601,20250320,21760,2176,14550,0,26,0,0,6,6715,1,0,1,0,39,9,0,1,26
97,60,310267,0,0,20150821,20170616,20220513,20200821,10342,5171,32546,1,56,0,0,58,30011,0,1,0,3,95,8,0,1,61
50,60,413816,0,0,20161118,20180720,20220404,20211118,0,6896,46344,1,61,0,0,60,29005,0,1,0,0,87,6,0,1,60
65,50,310576,6,0,20180316,20190315,20220509,20230316,10352,5176,35228,1,24,0,0,48,21416,0,0,2,3,52,8,0,1,51
75,48,461704,6,0,20180615,20180817,20220530,20230615,7695,7695,31467,1,49,0,2,47,20411,0,0,2,2,9,6,0,1,49
68,43,358842,6,0,20181019,20190215,20220603,20231019,5980,5980,33569,1,49,0,2,42,18120,0,0,2,2,17,9,1,1,44
97,30,243510,1,1,20191220,20200821,20220601,20241220,8116,4058,20991,1,38,0,0,28,12356,0,0,1,2,35,8,1,1,31
58,30,842910,1,1,20191018,20191220,20220601,20241018,14048,14048,52235,1,29,1,2,29,12415,0,0,1,2,9,9,1,1,31
50,60,368412,0,0,20150918,20161021,20200902,20200918,6140,6140,31749,1,26,0,0,59,29066,0,0,0,3,57,7,0,1,61
112,52,303438,0,1,20180119,20180720,20220522,20230119,5057,5057,21906,1,30,0,0,51,22345,0,0,0,5,26,9,0,1,53
97,48,207458,1,0,20170915,20170915,20210831,20220915,34570,3457,20729,0,28,1,2,38,21032,0,0,1,0,0,9,0,1,54
23,26,119263,5,1,20161216,20170818,20190108,20211216,13909,2000,11311,0,40,0,0,19,12173,0,0,2,0,35,9,0,0,31
28,29,157273,1,1,20191220,20200821,20220510,20241220,2621,2621,11198,1,43,0,0,28,11977,1,0,1,2,35,8,0,1,30
48,60,314002,0,0,20161216,20171020,20220329,20211216,10466,5233,18983,1,24,0,0,58,28127,0,0,0,3,44,9,0,1,61
97,59,301322,0,0,20160520,20170519,20210604,20210520,0,5022,20912,1,43,0,0,59,28147,1,0,0,3,52,8,0,1,59
118,54,357662,5,0,20161216,20170519,20210405,20211216,5961,5961,28215,1,39,0,1,53,24278,0,0,2,0,22,8,0,1,55
97,54,259549,0,0,20161216,20181019,20210408,20211216,43250,4325,14113,0,61,0,0,44,24278,0,1,0,0,96,9,0,1,58
97,60,328313,0,0,20161216,20180720,20211217,20211216,5471,5471,32415,1,61,0,0,59,27472,0,1,0,2,83,9,0,1,61
85,8,43487,5,0,20150918,20160115,20160315,20200918,2896,2000,2813,0,35,0,1,4,4127,0,0,2,0,17,7,1,1,11
96,10,51896,0,1,20170217,20170915,20171109,20220217,6048,2000,4688,0,24,0,0,3,4795,1,0,0,2,30,9,0,1,13
58,54,332219,0,0,20171117,20181019,20220531,20221117,5536,5536,17120,1,24,0,0,53,23287,0,0,0,3,48,8,0,1,55
117,50,295914,1,0,20180316,20180316,20220530,20230316,9862,4931,20545,1,32,1,2,48,21416,1,0,1,2,0,8,1,1,52
79,18,115843,7,1,20201218,20210820,20220603,20251218,1930,2000,8343,1,21,0,0,17,7214,0,0,2,2,35,8,0,1,19
1,26,114716,1,0,20200417,20210219,20220603,20250417,0,2000,7309,1,53,0,0,26,10630,0,0,1,2,44,8,0,1,26
58,33,200113,5,0,20170217,20170616,20191031,20220217,20010,3335,16144,0,30,0,1,27,15164,0,0,2,4,17,9,0,1,34
50,37,200340,7,1,20190426,20191115,20220512,20240426,0,3339,17670,1,30,0,0,37,15510,1,0,2,2,29,8,0,1,37
97,47,276606,0,0,20161216,20181019,20201029,20211216,23050,4610,20333,0,38,0,0,42,21292,1,0,0,3,96,6,0,1,51
28,51,282623,0,0,20180119,20181019,20220228,20230119,9420,4710,30981,1,26,0,0,49,21964,0,0,0,3,39,7,0,1,52
58,47,237672,1,0,20180615,20181116,20220514,20230615,7922,3961,21731,1,35,1,2,45,20032,1,0,1,3,22,8,0,1,48
22,35,188358,6,0,20171117,20181116,20220311,20221117,21973,3139,18539,0,30,0,0,28,15559,0,0,2,2,52,8,1,1,41
69,60,449992,1,0,20161216,20170217,20211110,20211216,14998,7499,41165,1,75,1,2,58,26582,0,1,1,0,9,8,1,1,61
112,54,279864,0,0,20150918,20160715,20200109,20200918,41976,4664,19196,0,38,0,0,45,25642,0,0,0,3,43,7,0,0,59
68,44,227901,0,1,20180817,20190315,20220529,20230817,7596,3798,19939,1,37,0,0,42,18651,0,0,0,2,30,8,0,1,45
50,41,293359,1,0,20190118,20190719,20220603,20240118,9778,4889,25737,1,40,1,2,39,17221,1,0,1,4,26,8,1,1,42
67,41,232004,1,0,20170120,20170421,20200430,20220120,38660,3866,26588,0,42,1,2,31,18737,1,0,1,3,13,8,0,1,46
77,60,315692,5,0,20170120,20171117,20211115,20220120,0,5261,23594,1,34,0,0,60,26582,0,0,2,0,43,8,0,1,60
69,25,220050,7,0,20200221,20200221,20220225,20250221,7334,3667,23573,1,48,1,2,23,10299,1,0,2,3,0,9,0,1,26
45,55,269107,0,0,20170915,20181019,20220531,20220915,0,4485,25275,1,53,0,0,55,23764,1,0,0,3,57,8,0,1,55
5,45,244112,0,0,20180817,20200320,20220603,20230817,4068,4068,18867,1,57,1,0,44,19109,0,1,0,3,83,7,0,1,46
62,18,121031,7,1,20201218,20210716,20220601,20251218,0,2017,8042,1,45,0,0,18,7214,1,0,2,2,30,8,0,1,18
69,49,335788,6,0,20170519,20170519,20210526,20220519,11192,5596,29753,1,68,1,2,47,21746,0,1,2,2,0,8,0,1,51
50,42,262974,6,1,20181116,20190517,20220601,20231116,4382,4382,20098,1,21,0,0,41,17669,1,0,2,0,26,9,0,1,43
36,37,242307,6,0,20150918,20150918,20180823,20200918,8076,4038,26188,1,39,1,2,35,18126,1,0,2,3,0,7,0,1,39
67,51,240755,1,0,20180316,20190315,20220601,20230316,4012,4012,23164,1,72,0,0,50,21795,0,1,1,3,52,8,0,1,52
28,38,233629,1,0,20190315,20191018,20220602,20240315,3893,3893,16461,1,30,1,2,37,15889,1,0,1,0,31,8,0,1,39
118,19,72364,0,0,20160115,20170421,20170613,20210115,6030,2000,6850,0,25,0,0,14,9518,0,0,0,0,66,7,0,1,21
88,25,150667,1,0,20200417,20200619,20220601,20250417,2511,2511,17089,1,50,1,2,24,10251,0,0,1,0,9,7,0,1,26
38,56,403124,1,0,20170915,20180615,20220601,20220915,6718,6718,21978,1,28,0,0,55,24143,0,0,1,3,39,9,0,1,57
85,53,331069,0,1,20171117,20180817,20220511,20221117,0,5517,24660,1,39,0,0,53,22814,0,0,0,2,39,8,0,1,53
28,55,270269,0,0,20150918,20160923,20200908,20200918,0,4504,25114,1,58,0,0,55,28542,0,1,0,3,53,9,0,0,55
23,60,294841,0,0,20160115,20170616,20210806,20210115,4914,4914,29781,1,48,0,0,59,31508,0,0,0,3,74,8,0,1,61
15,46,235452,1,0,20180817,20181221,20220603,20230817,0,3924,20082,1,54,1,2,46,19488,1,0,1,2,18,7,0,1,46
42,53,230882,1,0,20180119,20200417,20220526,20230119,0,3848,19512,1,44,0,0,53,22724,0,0,1,3,117,8,0,1,53
5,40,274684,1,1,20181221,20190426,20220509,20231221,0,4578,27376,1,49,1,2,40,16842,0,0,1,2,18,9,0,1,40
58,57,294969,0,0,20150918,20160923,20200515,20200918,9832,4916,25689,1,32,0,0,55,26839,1,0,0,3,53,9,0,1,58
5,28,259509,6,0,20171020,20171020,20191203,20221020,43250,4325,19564,0,34,1,2,18,12654,0,0,2,2,0,9,1,1,29
111,35,222999,6,0,20170120,20170421,20191108,20220120,29728,3716,21664,0,61,1,2,27,16088,0,1,2,0,13,8,1,1,38
85,51,272208,6,1,20180316,20181221,20220507,20230316,0,4536,28093,1,31,0,0,51,21795,1,0,2,0,40,8,0,1,51
111,49,258926,6,0,20170120,20170421,20210129,20220120,38835,4315,25554,0,61,1,2,40,22050,0,1,2,0,13,8,1,1,51
42,49,291479,6,0,20180518,20190315,20220602,20230518,4857,4857,24935,1,39,0,0,48,20873,1,0,2,2,43,8,1,1,50
50,39,202899,0,0,20170120,20180420,20200222,20220120,13524,3381,14961,0,24,0,0,35,17876,0,0,0,0,65,9,1,1,42
45,60,314517,0,0,20150918,20160923,20200930,20200918,5241,5241,31041,1,48,0,0,59,28542,1,0,0,0,53,7,0,1,61
42,60,257024,0,0,20150918,20170421,20201221,20200918,8566,4283,25141,1,46,0,0,58,29802,1,0,0,3,83,9,0,1,61
45,32,277257,0,0,20170120,20171020,20190719,20220120,9240,4620,26857,1,42,0,0,30,14830,1,0,0,3,39,8,1,1,34
96,40,168585,0,0,20180615,20190426,20210915,20230615,16854,2809,12677,0,23,0,0,34,17238,0,0,0,3,45,9,0,1,43
63,44,309102,6,1,20180316,20190215,20210910,20230316,46359,5151,25271,0,47,0,0,35,19084,1,0,2,2,48,8,0,1,51
97,60,199923,1,0,20150918,20201120,20210407,20200918,0,3332,21120,1,49,0,0,60,31448,1,0,1,0,270,8,0,1,60
50,15,58456,7,1,20210122,20211015,20220601,20260122,0,2000,5691,1,57,0,0,15,5995,0,1,2,0,38,9,0,1,15
50,52,299286,0,1,20171215,20180817,20220221,20221215,9976,4988,31042,1,23,0,0,50,22433,1,0,0,3,35,6,0,1,54
18,45,227805,7,0,20180817,20190621,20220511,20230817,3796,3796,22252,1,27,0,0,44,19109,1,0,2,4,44,8,1,1,46
23,25,126511,1,1,20190315,20190621,20210330,20240315,18972,2108,11599,0,42,1,2,16,10753,0,0,1,2,14,8,0,1,26
97,55,244919,6,0,20171117,20180921,20220602,20221117,0,4081,27842,1,41,0,0,55,23666,0,0,2,3,44,8,0,1,55
23,43,196143,1,1,20171020,20180518,20210329,20221020,13076,3269,16823,0,45,0,0,39,19007,0,0,1,0,30,8,0,1,45
6,59,313772,0,1,20170519,20180316,20220513,20220519,10458,5229,29489,1,54,0,0,57,25687,0,0,0,0,43,9,0,1,61
46,59,305098,0,0,20170120,20181221,20211231,20220120,5084,5084,26765,1,47,0,0,58,26973,1,0,0,0,100,8,0,1,60
28,60,287046,1,0,20150918,20151016,20200803,20200918,9568,4784,19759,1,48,1,2,58,28118,1,0,1,3,4,9,1,1,61
89,50,253014,0,0,20171117,20180817,20220418,20221117,0,4216,16655,1,42,0,0,50,21660,0,0,0,3,39,9,0,1,50
85,17,88697,1,1,20210122,20210716,20220601,20260122,0,2000,9175,1,42,1,2,17,6793,0,0,1,2,25,8,0,1,17
69,33,199473,6,0,20150918,20151016,20180402,20200918,6648,3324,18333,1,57,1,2,31,16289,1,1,2,0,4,7,0,1,35
22,17,116019,1,1,20210122,20211015,20220503,20260122,3866,2000,9214,1,44,0,0,15,6793,1,0,1,2,38,8,0,1,18
58,34,197566,0,0,20150918,20161118,20180531,20200918,32920,3292,13016,0,49,0,0,24,16751,0,0,0,3,61,7,0,1,44
38,30,221752,1,0,20191220,20201120,20220602,20241220,0,3695,25691,1,33,0,0,30,12356,0,0,1,3,48,8,0,1,30
62,29,368527,0,1,20191220,20201016,20220602,20241220,12284,6142,33102,1,43,0,0,27,11921,0,0,0,2,43,8,0,1,31
97,60,571891,0,0,20170120,20171215,20220125,20220120,0,9531,43247,1,67,0,0,60,26475,1,1,0,3,47,7,0,1,60
50,60,307585,0,0,20150918,20170519,20220603,20200918,10252,5126,23341,1,34,0,0,58,36321,0,0,0,3,87,8,1,1,61
111,50,514005,6,0,20180316,20190315,20220515,20230316,17132,8566,26462,1,64,0,0,48,21416,1,1,2,2,52,8,0,1,52
97,17,177408,1,1,20210122,20210219,20220404,20260122,5912,2956,10305,1,33,1,2,15,6793,1,0,1,0,4,7,0,1,19
111,27,222042,7,1,20200320,20210528,20220602,20250320,3700,3700,23365,1,50,0,0,26,11059,1,0,2,2,62,6,0,1,28
97,20,120351,0,0,20170120,20180615,20180728,20220120,16040,2005,10467,0,42,0,0,12,9476,0,0,0,2,73,8,0,1,23
50,23,153914,1,1,20200515,20200717,20220513,20250515,0,2565,16993,1,29,1,2,23,9442,0,0,1,2,9,8,1,1,23
45,54,463180,6,0,20170915,20181221,20220110,20220915,7719,7719,49548,1,54,0,0,53,23476,0,0,2,0,66,8,0,1,55
97,60,296065,0,0,20150918,20201016,20201117,20200918,0,4934,28205,1,31,0,0,60,29907,1,0,0,3,265,8,0,1,60
97,60,315210,0,0,20150918,20160715,20200903,20200918,10506,5253,29571,1,74,0,0,58,29066,0,1,0,3,43,8,0,0,61
68,59,338647,0,0,20170616,20180316,20220503,20220616,0,5644,25142,1,28,0,0,59,25583,1,0,0,0,39,9,0,1,59
97,49,327447,0,1,20170421,20171020,20210414,20220421,27285,5457,32129,0,42,0,0,44,21822,0,0,0,5,26,9,0,1,53
35,55,512170,6,1,20170915,20181116,20220207,20220915,17072,8536,45277,1,30,0,0,53,23861,1,0,2,2,61,7,0,1,56
63,17,173037,1,1,20201218,20211119,20220530,20251218,2883,2883,16213,1,44,0,0,16,6835,0,0,1,0,48,9,0,1,18
28,27,221292,0,1,20170915,20180615,20191105,20220915,22128,3688,16408,0,42,0,0,21,12222,0,0,0,2,39,8,0,1,32
15,38,256880,0,1,20190426,20191220,20220603,20240426,0,4281,29367,1,37,0,0,38,15889,1,0,0,3,34,8,0,1,38
113,49,469359,1,0,20180420,20181019,20220602,20230420,15644,7822,52796,1,32,1,2,47,20873,1,0,1,2,26,9,1,1,51
68,40,271264,0,1,20190118,20190719,20220603,20240118,4521,4521,26114,1,21,0,0,39,16777,0,0,0,2,26,9,1,1,41
28,47,463746,6,1,20180615,20190517,20220505,20230615,15458,7729,42270,1,30,0,0,45,20032,0,0,2,2,48,8,0,1,49
117,43,271427,0,1,20180921,20190426,20220513,20230921,0,4523,26860,1,28,0,0,43,18195,0,0,0,2,31,9,0,1,43
97,17,175528,7,1,20201218,20211015,20220601,20251218,2925,2925,18768,1,34,0,0,16,6793,1,0,2,0,43,9,0,1,18
5,45,344169,7,0,20180817,20191018,20220402,20230817,28680,5736,25706,0,23,0,0,40,19030,1,0,2,0,61,9,0,1,48
58,57,425899,1,0,20170721,20170721,20220603,20220721,0,7098,31906,1,36,1,2,57,24722,0,0,1,2,0,8,1,1,57
50,60,336685,0,0,20150918,20160715,20200803,20200918,0,5611,30292,1,43,0,0,60,28642,0,0,0,3,43,9,1,1,60
32,30,153065,1,1,20191220,20200619,20220530,20241220,2551,2551,9571,1,45,1,2,29,12356,0,0,1,3,26,7,0,1,31
68,60,371275,1,0,20170217,20180921,20220514,20220217,12374,6187,35520,1,42,0,0,58,27519,0,0,1,4,83,9,0,1,62
58,56,262967,0,0,20171020,20181019,20220502,20221020,4382,4382,26291,1,60,0,0,55,24143,0,1,0,3,52,7,0,1,57
126,31,144163,0,1,20171020,20180720,20200324,20221020,16814,2402,10905,0,46,0,0,24,13942,0,0,0,3,39,8,0,1,36
50,53,281645,5,0,20150918,20160318,20191219,20200918,0,4694,15522,1,36,1,2,53,25211,0,0,2,3,26,8,1,1,53
50,54,288263,0,0,20171117,20180518,20220428,20221117,9608,4804,15753,1,48,0,0,52,23193,0,0,0,0,26,9,1,1,55
85,56,466176,0,0,20171020,20180817,20220602,20221020,0,7769,38709,1,35,0,0,56,24143,0,0,0,3,43,8,0,1,56
117,43,389745,6,0,20150918,20151120,20190208,20200918,0,6495,29022,1,29,1,2,43,20811,0,0,2,3,9,7,1,1,43
85,42,340493,1,1,20181019,20181116,20220509,20231019,11348,5674,35555,1,44,1,2,40,17741,0,0,1,2,4,9,0,1,44
97,60,365815,0,0,20161216,20170818,20211001,20211216,12192,6096,26736,1,23,0,0,58,26690,0,0,0,0,35,8,1,1,62
97,60,662479,7,1,20170421,20190920,20220429,20220421,22082,11041,36211,1,49,0,0,58,26170,1,0,2,3,126,6,0,1,61
97,30,216700,1,0,20190920,20210122,20220505,20240920,3611,3611,24402,1,60,0,0,29,12474,0,1,1,2,70,9,0,1,31
50,60,260158,1,0,20161216,20200515,20220316,20211216,4335,4335,13659,1,56,1,2,59,28626,0,1,1,3,178,8,1,1,61
97,43,365894,1,0,20180817,20190215,20220514,20230817,6098,6098,25259,1,42,1,2,42,18270,0,0,1,3,26,9,0,1,44
28,48,265173,0,1,20180518,20181221,20220601,20230518,8838,4419,20685,1,22,0,0,46,20494,1,0,0,2,31,8,0,1,50
97,15,247824,1,1,20210319,20211227,20220602,20260319,4130,4130,14912,1,41,0,0,14,5959,0,0,1,2,40.4285714285714,8,0,1,16
50,51,310095,6,0,20180316,20190215,20220601,20230316,0,5168,24428,1,41,0,0,51,21795,0,0,2,0,48,8,1,1,51
13,47,358015,6,0,20161216,20161216,20201001,20211216,0,5966,32433,1,26,1,2,47,21292,0,0,2,2,0,8,0,1,47
117,34,181900,7,0,20190816,20210618,20220602,20240816,0,3031,11480,1,29,0,0,34,14117,0,0,2,2,96,8,0,1,34
35,21,310974,6,0,20171215,20180119,20190730,20221215,31092,5182,27001,0,27,1,2,15,9517,0,0,2,0,5,9,1,1,25
86,25,113697,7,1,20181019,20190621,20201008,20231019,18940,2000,8208,0,33,0,0,15,10907,0,0,2,2,35,8,0,1,26
52,60,432791,0,0,20170421,20180518,20220322,20220421,0,7213,22266,1,39,0,0,60,26170,1,0,0,0,56,9,1,1,60
69,29,351030,0,0,20191220,20201218,20220603,20241220,11700,5850,18432,1,74,0,0,27,11921,0,1,0,2,52,9,1,1,31
114,27,154893,1,0,20190816,20200821,20210904,20240816,18067,2581,11051,0,25,0,0,20,11406,1,0,1,3,53,8,0,1,28
51,33,346097,7,1,20190816,20200221,20220528,20240816,0,5768,28639,1,46,0,0,33,13738,0,1,2,3,27,6,1,1,33
42,35,183554,6,0,20150918,20151016,20180713,20200918,15295,3059,18345,0,47,1,2,30,17147,1,0,2,3,4,5,0,1,39
50,33,195755,6,0,20180119,20190118,20200818,20230119,16310,3262,17932,0,41,0,0,28,14667,1,0,2,2,52,8,1,1,34
45,47,408564,0,1,20180316,20181019,20211213,20230316,6809,6809,47156,1,32,0,0,46,20262,1,0,0,2,31,8,0,1,48
116,58,398690,0,0,20170421,20180615,20220103,20220421,6644,6644,38672,1,46,0,0,57,25404,0,0,0,3,60,9,0,1,59
97,60,370370,1,0,20170421,20171215,20220516,20220421,6172,6172,27814,1,40,1,2,59,26654,0,0,1,0,34,8,0,1,61
28,18,190687,1,1,20201218,20210716,20220602,20251218,0,3178,18548,1,35,0,0,18,7214,1,0,1,2,30,7,0,1,18
114,60,390773,1,0,20160115,20160219,20201202,20210115,13024,6512,29743,1,43,1,2,58,28245,1,0,1,3,5,8,1,1,62
5,30,212731,1,1,20171215,20180216,20200429,20221215,17725,3545,19977,0,36,1,2,25,13424,0,0,1,0,9,8,0,1,33
117,20,254845,1,0,20191018,20200918,20210513,20241018,29729,4247,22293,0,29,0,0,13,8473,0,0,1,3,48,8,0,1,27
50,18,119484,5,0,20170120,20170818,20180601,20220120,13937,2000,9096,0,25,0,0,11,8521,1,0,2,0,30,9,0,1,22
0,27,321370,1,0,20200417,20200417,20220602,20250417,10712,5356,24495,1,32,1,2,25,11059,0,0,1,4,0,3,0,1,29
83,30,197491,0,0,20191220,20201016,20220602,20241220,3291,3291,17074,1,21,0,0,29,12356,0,0,0,2,43,7,0,1,31
58,29,286857,6,0,20170616,20170616,20191004,20220616,38240,4780,24250,0,42,1,2,21,13228,0,0,2,0,0,8,0,1,30
50,16,80812,1,1,20210122,20211015,20220601,20260122,0,2000,5381,1,53,0,0,16,6414,0,0,1,0,38,8,0,1,16
111,27,174157,1,1,20200221,20210219,20220602,20250221,2902,2902,12323,1,30,0,0,26,11059,0,0,1,2,52,9,0,1,28
50,36,220163,0,0,20170616,20180615,20200430,20220616,25683,3669,19440,0,49,0,0,29,16298,1,0,0,0,52,8,0,1,42
39,60,269323,0,0,20170519,20180518,20220503,20220519,8976,4488,26668,1,25,0,0,58,26066,1,0,0,3,52,9,0,1,62
97,17,89243,1,1,20210122,20210528,20220602,20260122,1487,2000,8358,1,28,1,2,16,6793,1,0,1,2,18,8,0,1,18
83,50,255262,6,0,20180316,20190215,20220514,20230316,8508,4254,17406,1,57,0,0,48,21416,1,1,2,0,48,8,0,1,52
85,56,316512,1,0,20170915,20171215,20220504,20220915,0,5275,36490,1,26,1,2,56,24242,0,0,1,0,13,8,0,1,56
50,19,90491,1,1,20201016,20210924,20220516,20251016,3016,2000,6871,1,38,0,0,17,7679,1,0,1,2,49,8,0,1,21
21,60,303045,0,0,20170519,20181019,20220516,20220519,10100,5050,29568,1,49,0,0,58,26066,0,0,0,3,74,4,0,1,62
101,60,395064,0,1,20170616,20180119,20220602,20220616,0,6584,36792,1,21,0,0,60,26066,0,0,0,2,31,8,0,1,60
118,39,211011,0,0,20170519,20180216,20200603,20220519,24612,3516,17182,0,38,0,0,32,17641,0,0,0,0,39,8,0,1,46
62,20,166560,7,0,20200821,20200821,20220511,20250821,2776,2776,17499,1,35,1,2,19,8103,1,0,2,0,0,9,0,1,21
97,53,355685,0,1,20171215,20180817,20220516,20221215,5928,5928,32436,1,37,0,0,52,22814,0,0,0,2,35,8,0,1,54
45,46,252990,6,0,20180615,20180720,20220513,20230615,4216,4216,20734,1,46,1,2,45,19570,0,0,2,3,5,8,0,1,47
97,55,270191,5,0,20151016,20151016,20200303,20201016,0,4503,26378,1,34,0,2,55,25975,0,0,2,0,0,9,0,1,55
66,22,128012,1,1,20200619,20210122,20220602,20250619,2133,2133,11063,1,32,0,0,21,8959,0,0,1,2,31,6,0,1,23
5,40,349220,0,0,20170519,20180615,20200828,20220519,0,5820,33460,1,31,0,0,40,18009,1,0,0,0,56,9,0,1,40
5,55,314243,0,0,20170915,20180817,20220601,20220915,10474,5237,28027,1,26,0,0,53,23861,1,0,0,3,48,8,0,1,57
123,51,305017,1,0,20180316,20180518,20220601,20230316,0,5083,22093,1,52,1,2,51,21795,0,0,1,2,9,7,1,1,51
108,34,209606,1,1,20190816,20200417,20220603,20240816,0,3493,17473,1,24,0,0,34,14117,0,0,1,2,35,8,1,1,34
58,23,93701,6,1,20180615,20190517,20200304,20230615,15610,2000,6901,0,21,0,0,13,10210,0,0,2,2,48,8,0,1,33
85,34,217401,0,1,20190816,20200515,20220505,20240816,3623,3623,14207,1,21,0,0,33,14117,0,0,0,0,39,8,0,1,35
85,55,284522,0,0,20151016,20160819,20200303,20201016,4742,4742,22732,1,34,0,0,54,25975,0,0,0,3,44,7,0,0,56
97,22,115571,6,0,20171215,20190118,20190819,20221215,7704,2000,6533,0,24,0,0,18,9959,0,0,2,2,57,8,0,1,23
68,25,108366,0,0,20170519,20180518,20190517,20220519,14448,2000,7697,0,50,0,0,17,11506,0,0,0,3,52,9,0,1,32
23,45,271241,0,1,20180817,20190426,20220601,20230817,9040,4520,19862,1,33,0,0,43,19109,0,0,0,2,36,8,0,1,47
97,59,325567,0,0,20170519,20181019,20220517,20220519,5426,5426,23593,1,61,0,0,58,25687,0,1,0,3,74,9,0,1,60
97,56,258123,0,1,20170915,20180518,20220303,20220915,8604,4302,23383,1,31,0,0,54,24242,1,0,0,0,35,8,0,1,57
126,41,173912,0,0,20170915,20180720,20201231,20220915,17388,2898,12397,0,36,0,0,35,18247,1,0,0,0,44,8,0,1,43
97,51,186092,0,0,20151016,20160923,20191116,20201016,27909,3101,13930,0,26,0,0,42,24255,0,0,0,0,49,7,0,1,53
85,50,260519,0,0,20180316,20190215,20220602,20230316,4341,4341,20943,1,27,0,0,49,21333,0,0,0,2,48,9,0,1,51
97,17,102015,7,1,20201218,20210820,20220602,20251218,3400,2000,8808,1,42,0,0,15,6793,1,0,2,2,35,9,0,1,19
58,51,283930,1,0,20180316,20180921,20220601,20230316,4732,4732,21591,1,38,1,2,50,21795,0,0,1,0,27,8,0,1,52
53,25,143536,1,0,20200515,20200619,20220601,20250515,2392,2392,13030,1,41,1,2,24,10202,0,0,1,2,5,8,0,1,26
108,34,212618,1,1,20190816,20200515,20220603,20240816,7086,3543,18948,1,34,0,0,32,14117,0,0,1,2,39,8,0,1,35
121,50,305702,6,1,20180316,20180921,20220531,20230316,10190,5095,24114,1,40,0,0,48,21416,0,0,2,3,27,9,0,1,51
15,35,238617,5,0,20151016,20160318,20180730,20201016,7952,3976,17469,1,53,1,2,33,17147,1,0,2,3,22,8,1,1,36
58,47,287307,1,0,20180420,20181116,20220602,20230420,0,4788,30363,1,48,1,2,47,20113,1,0,1,0,30,7,0,1,47
125,40,247851,7,1,20181221,20190719,20220602,20231221,0,4130,23813,1,31,0,0,40,16842,0,0,2,0,30,8,0,1,40
62,24,112664,7,1,20200619,20210326,20220601,20250619,1877,2000,6177,1,35,0,0,23,9769,1,0,2,2,40,8,0,1,25
5,60,381990,0,1,20170519,20180119,20220428,20220519,12732,6366,35365,1,26,0,0,58,26066,0,0,0,0,35,9,0,1,62
96,51,312992,0,0,20180316,20190315,20220601,20230316,5216,5216,16216,1,42,0,0,50,21795,0,0,0,0,52,8,0,1,52
97,60,311472,1,0,20151016,20151218,20200929,20201016,5191,5191,19207,1,48,1,2,59,28020,1,0,1,0,9,9,0,1,61
50,25,141815,1,0,20200515,20200717,20220502,20250515,2363,2363,12383,1,37,1,2,24,10202,0,0,1,2,9,8,0,1,26
97,25,193504,8,0,20200515,20201120,20220602,20250515,3225,3225,11936,1,52,1,2,24,10202,0,0,2,0,27,8,0,1,26
45,53,381048,7,0,20180119,20190816,20220601,20230119,6350,6350,41405,1,56,0,0,52,22724,1,1,2,2,82,9,0,1,54
50,20,120819,7,1,20200918,20210716,20220603,20250918,0,2013,10242,1,44,0,0,20,8058,0,0,2,2,43,9,0,1,20
50,17,81578,7,1,20210122,20210924,20220603,20260122,2718,2000,7777,1,31,0,0,15,6793,1,0,2,2,35,6,0,1,18
50,60,351693,1,1,20170120,20170317,20220111,20220120,5861,5861,29832,1,29,1,2,59,27361,0,0,1,0,8,8,0,1,61
58,48,280964,6,0,20151016,20151120,20190812,20201016,9364,4682,19848,1,42,1,2,46,22942,1,0,2,3,5,7,0,1,49
50,50,255899,0,0,20180316,20190315,20220530,20230316,0,4264,19284,1,24,0,0,50,21416,1,0,0,0,52,8,0,1,50
68,43,272959,1,1,20180921,20190315,20220516,20230921,9098,4549,20939,1,34,0,0,41,18195,0,0,1,2,25,9,0,1,44
125,57,276136,5,0,20170217,20180119,20211007,20220217,41418,4602,20330,0,26,0,0,48,25204,0,0,2,0,48,9,1,1,65
50,59,219609,0,0,20151016,20160819,20200919,20201016,3660,3660,23008,1,60,0,0,58,27597,0,1,0,3,44,7,0,1,60
97,50,312237,6,0,20180316,20190315,20220601,20230316,0,5203,24319,1,29,0,0,50,21416,1,0,2,2,52,8,0,1,50
62,20,141980,7,1,20200821,20210416,20220601,20250821,0,2366,13189,1,31,0,0,20,8103,0,0,2,2,34,7,0,1,20
100,27,174820,1,1,20200221,20201120,20220516,20250221,2913,2913,16318,1,23,0,0,26,11059,1,0,1,2,39,9,0,1,28
50,48,334378,1,0,20180615,20180615,20220406,20230615,0,5572,18867,1,52,1,2,48,20411,1,0,1,0,0,8,0,1,48
18,59,429582,0,0,20170519,20180420,20220412,20220519,0,7159,38605,1,27,0,0,59,25687,0,0,0,0,48,9,1,1,59
58,59,290978,0,0,20170519,20180615,20220531,20220519,0,4849,32961,1,43,0,0,59,25687,1,0,0,3,56,9,1,1,59
50,34,201649,1,1,20190816,20200821,20220603,20240816,3360,3360,23062,1,18,0,0,33,14117,1,0,1,2,53,7,0,1,35
97,51,295237,0,0,20180316,20190215,20220602,20230316,0,4920,23128,1,47,0,0,51,21795,1,0,0,2,48,8,0,1,51
13,50,243116,6,0,20180119,20181221,20220208,20230119,4051,4051,16126,1,37,0,0,49,21498,0,0,2,0,48,9,0,1,51
97,49,258211,0,0,20180518,20190315,20220601,20230518,0,4303,19544,1,47,0,0,49,20873,0,0,0,0,43,7,0,1,49
11,15,41687,0,0,20170120,20170721,20180220,20220120,5552,2000,4348,0,23,0,0,7,7173,0,0,0,3,26,8,0,1,23
50,53,242434,0,0,20180119,20190426,20220601,20230119,0,4040,19711,1,33,0,0,53,22724,1,0,0,0,66,8,1,1,53
91,54,247683,1,1,20171215,20180216,20220601,20221215,4128,4128,23874,1,54,1,2,53,23193,0,0,1,3,9,8,1,1,55
23,54,328892,0,1,20171215,20180720,20220602,20221215,10962,5481,20233,1,35,0,0,52,23193,0,0,0,2,31,8,0,1,56
45,59,214318,0,0,20151016,20161021,20200702,20201016,21426,3571,17429,0,37,0,0,53,27694,1,0,0,0,53,6,0,1,62
52,50,208257,0,0,20151016,20170519,20191106,20201016,20820,3470,11872,0,43,0,0,44,23734,1,0,0,3,83,9,0,1,53
28,44,230652,1,0,20180921,20190816,20220602,20230921,7688,3844,13167,1,32,0,0,42,18574,1,0,1,2,47,9,0,1,45
5,53,432142,6,1,20171215,20180921,20220516,20221215,14404,7202,49463,1,37,0,0,51,22814,1,0,2,0,40,8,0,1,55
28,51,369129,0,1,20180316,20190315,20220603,20230316,0,6152,34573,1,49,0,0,51,21795,0,0,0,0,52,8,1,1,51
97,55,377959,6,0,20170915,20190215,20220228,20220915,6299,6299,37773,1,40,0,0,54,23861,0,0,2,4,74,8,0,0,56
45,51,377752,0,1,20170421,20171117,20210618,20220421,12590,6295,39207,1,54,0,0,49,22634,0,0,0,5,30,8,0,1,52
50,60,408785,5,0,20161216,20170818,20220412,20211216,0,6813,37665,1,44,0,0,60,26690,1,0,2,3,35,8,1,1,60
97,49,308115,0,0,20151016,20161021,20191014,20201016,0,5135,21941,1,75,0,0,49,23383,1,1,0,3,53,7,0,1,49
68,60,313852,0,0,20151016,20161021,20200803,20201016,5230,5230,30955,1,52,0,0,59,28118,0,0,0,3,53,9,0,1,61
69,23,223707,7,1,20200619,20210528,20220602,20250619,3728,3728,15782,1,73,0,0,22,9338,0,1,2,0,49,8,0,1,24
52,60,364440,6,0,20160617,20160715,20210531,20210617,6074,6074,31378,1,32,1,2,59,27229,0,0,2,0,4,7,0,1,61
58,29,280289,6,0,20170616,20170616,20191004,20220616,42039,4671,30101,0,42,1,2,20,13228,0,0,2,0,0,8,0,1,37
21,59,391548,0,0,20151016,20160819,20220228,20201016,52200,6525,41716,0,32,0,0,51,35416,0,0,0,3,44,7,0,1,62
58,60,440239,0,0,20161021,20180216,20220530,20211021,0,7337,30866,1,27,0,0,60,29130,1,0,0,3,69,9,1,1,60
123,57,426833,0,0,20170421,20180720,20220104,20220421,14226,7113,30159,1,29,0,0,55,25016,0,0,0,0,65,9,0,1,59
58,49,262253,0,0,20180420,20190215,20220602,20230420,8740,4370,21619,1,45,0,0,47,20873,0,0,0,0,43,9,0,1,50
95,58,357097,1,0,20151016,20151120,20201014,20201016,5951,5951,32898,1,47,1,2,57,27268,1,0,1,0,5,8,1,1,59
85,29,210515,1,1,20200117,20201016,20220601,20250117,0,3508,18660,1,26,0,0,29,11921,0,0,1,0,39,8,0,1,29
97,53,307166,0,0,20171215,20190118,20220513,20221215,0,5119,17659,1,47,0,0,53,22814,0,0,0,2,57,7,0,1,53
58,45,346654,5,0,20151016,20160115,20190507,20201016,40439,5777,32432,0,36,1,2,38,21616,0,0,2,3,13,5,0,1,51
56,45,323726,7,1,20180817,20190621,20220601,20230817,10790,5395,22635,1,41,0,0,43,19030,1,0,2,2,44,8,0,1,46
97,53,426999,5,0,20171117,20171117,20220524,20221117,7116,7116,42634,1,22,1,2,52,22814,0,0,2,3,0,9,1,1,54
56,13,73858,1,1,20210521,20220120,20220603,20260521,0,2000,7232,1,60,1,2,13,5136,1,1,1,0,34.8571428571429,8,0,1,13
50,55,347541,0,0,20170616,20180216,20220509,20220616,11584,5792,27182,1,22,0,0,53,24050,0,0,0,0,35,9,0,1,57
97,51,459165,0,0,20180316,20190118,20220505,20230316,0,7652,43472,1,54,0,0,51,21795,1,0,0,0,44,7,0,1,51
6,56,346357,6,1,20170915,20181116,20220512,20220915,11544,5772,18495,1,41,0,0,54,24242,0,0,2,0,61,7,0,1,57
97,55,397451,0,0,20171117,20210219,20220602,20221117,6624,6624,33481,1,45,0,0,54,23666,0,0,0,3,170,8,0,1,56
15,56,345481,0,0,20170915,20181019,20220602,20220915,5758,5758,30828,1,47,0,0,55,24242,1,0,0,0,57,8,0,1,57
126,60,292625,0,0,20151016,20160923,20201216,20201016,4877,4877,22246,1,32,0,0,59,29802,1,0,0,3,49,7,0,1,61
62,37,247482,0,1,20190315,20200515,20220524,20240315,8248,4124,23844,1,26,0,0,35,15510,0,0,0,0,61,6,0,1,39
62,26,179743,1,1,20200221,20200918,20220531,20250221,5990,2995,13571,1,54,0,0,24,10680,0,0,1,2,30,9,0,1,28
50,29,309586,6,0,20151016,20151218,20180102,20201016,10318,5159,22372,1,27,1,2,27,14382,0,0,2,3,9,8,0,1,30
58,27,401066,1,0,20200221,20210528,20220602,20250221,13368,6684,44621,1,54,1,2,25,11059,1,0,1,2,66,8,0,1,29
45,38,131960,0,0,20151016,20160923,20181029,20201016,17592,2199,11409,0,49,0,0,30,18507,1,0,0,0,49,7,0,1,39
35,37,406410,7,0,20190426,20200320,20220602,20240426,13546,6773,44412,1,56,0,0,35,15446,0,1,2,3,47,9,0,1,38
23,41,600443,6,0,20181221,20190118,20220603,20231221,20014,10007,50452,1,20,1,2,39,17221,0,0,2,3,4,9,0,1,42
42,12,187158,6,0,20180921,20180921,20190826,20230921,15595,3119,15327,0,38,1,2,7,5340,0,0,2,0,0,8,0,1,17
117,30,192029,0,1,20191220,20200717,20220602,20241220,3200,3200,16849,1,32,0,0,29,12356,0,0,0,3,30,8,0,1,31
28,47,377432,6,0,20151016,20151120,20190715,20201016,6290,6290,34951,1,26,1,2,46,22501,1,0,2,3,5,9,0,1,48
97,45,381092,0,1,20161021,20170616,20200604,20211021,12702,6351,33773,1,24,0,0,43,20601,0,0,0,5,34,9,1,1,47
69,51,293484,0,0,20180316,20190315,20220602,20230316,0,4891,21775,1,50,0,0,51,21795,1,0,0,2,52,8,0,1,51
97,59,378702,0,0,20170421,20180720,20220502,20220421,0,6311,27160,1,54,0,0,59,25789,0,0,0,3,65,9,0,1,59
28,37,387378,0,1,20190426,20200417,20220527,20240426,12912,6456,28560,1,26,0,0,35,15446,1,0,0,0,51,8,0,1,39
42,8,168406,6,0,20180921,20180921,20190405,20230921,19642,2806,19174,0,38,1,2,1,3570,0,0,2,0,0,8,0,1,12
97,48,259357,1,0,20180420,20190426,20220329,20230420,21610,4322,23846,0,42,0,0,43,20494,0,0,1,4,53,8,1,1,52
23,16,103474,6,0,20180119,20190118,20190306,20230119,17240,2000,9661,0,36,0,0,6,7278,0,0,2,0,52,9,0,1,22
111,26,212098,1,0,20200417,20210219,20220601,20250417,3534,3534,15762,1,49,0,0,25,10630,0,0,1,3,44,8,1,1,27
50,17,103079,1,1,20210122,20210924,20220603,20260122,3434,2000,9736,1,48,1,2,15,6793,1,0,1,2,35,7,0,1,19
15,26,115216,0,0,20180817,20190621,20200807,20230817,7680,2000,9815,0,39,0,0,22,11430,1,0,0,0,44,7,0,1,28
10,43,494074,6,1,20181019,20190517,20220505,20231019,8234,8234,42462,1,25,0,0,42,18120,1,0,2,0,30,9,0,1,44
42,24,250489,7,1,20200619,20210618,20220503,20250619,4174,4174,14470,1,25,0,0,23,9769,0,0,2,0,52,8,0,1,25
68,42,479760,5,0,20170120,20171117,20200611,20220120,7996,7996,54765,1,57,0,0,41,19100,0,1,2,0,43,9,0,1,43
118,26,144668,1,1,20171020,20180615,20191014,20221020,16877,2411,11066,0,29,1,2,19,11788,0,0,1,0,34,8,0,1,28
80,31,280671,6,0,20170421,20170421,20191008,20220421,28062,4677,28306,0,34,1,2,25,14194,1,0,2,0,0,5,0,1,36
34,41,284051,7,1,20190215,20190920,20220601,20240215,9468,4734,27505,1,38,0,0,39,17221,1,0,2,2,31,7,1,1,43
18,34,148397,0,0,20151016,20160923,20180604,20201016,17311,2473,16999,0,23,0,0,27,16688,1,0,0,0,49,8,1,1,38
58,51,398156,0,0,20180316,20190426,20220601,20230316,6635,6635,28363,1,47,0,0,50,21795,0,0,0,0,58,7,1,1,52
72,35,372532,6,0,20151016,20160115,20180730,20201016,55872,6208,32594,0,38,1,2,26,17147,1,0,2,4,13,8,0,1,41
50,60,353513,0,0,20151016,20160923,20200902,20201016,53019,5891,29270,0,48,0,0,51,28020,0,0,0,3,49,7,0,1,61
97,44,251949,1,1,20160715,20170120,20200212,20210715,33592,4199,22362,0,26,1,2,36,20407,0,0,1,0,27,9,0,1,45
58,16,312188,1,1,20210122,20210820,20220602,20260122,10406,5203,27633,1,41,0,0,14,6374,0,0,1,2,30,9,1,1,17
50,25,183434,6,0,20180817,20190315,20200722,20230817,12228,3057,16839,0,44,0,0,21,11006,0,0,2,2,30,9,0,1,29
32,56,352742,0,0,20170421,20180119,20211130,20220421,11758,5879,36031,1,50,0,0,54,24626,0,0,0,0,39,9,0,1,57
97,41,481715,7,0,20171117,20200221,20210325,20221117,8028,8028,33990,1,39,0,0,40,18057,0,0,2,0,118,6,0,1,42
50,55,399144,0,0,20171117,20180817,20220603,20221117,0,6652,41708,1,39,0,0,55,23666,1,0,0,5,39,9,1,1,55
27,60,400510,0,0,20151016,20160819,20200901,20201016,0,6675,41385,1,33,0,0,60,28020,1,0,0,3,44,9,0,1,60
23,46,306028,1,0,20180817,20190621,20220602,20230817,0,5100,26349,1,32,0,0,46,19488,1,0,1,3,44,8,0,1,46
86,48,288947,1,0,20180420,20180817,20220525,20230420,4815,4815,22960,1,44,1,2,47,20494,1,0,1,0,17,9,0,1,49
40,38,382946,1,0,20190315,20191220,20220601,20240315,0,6382,20620,1,26,0,0,38,15889,0,0,1,2,40,9,1,1,38
126,31,182608,0,0,20151016,20160923,20180301,20201016,27387,3043,15510,0,41,0,0,22,15304,0,0,0,3,49,7,0,1,35
46,31,206857,1,1,20191115,20201218,20220602,20241115,6894,3447,17266,1,37,0,0,29,12794,1,0,1,0,57,8,0,1,32
125,33,263862,1,1,20190816,20200515,20220531,20240816,8794,4397,21613,1,22,0,0,31,13738,0,0,1,2,39,8,0,1,34
118,58,350736,0,0,20151016,20170721,20210714,20201016,0,5845,31155,1,46,0,0,58,32663,0,0,0,3,92,7,0,1,58
15,53,624688,5,0,20171215,20180119,20220309,20221215,20822,10411,57672,1,48,0,2,51,22814,0,0,2,3,5,2,0,1,54
2,34,187236,6,0,20180119,20181221,20220531,20230119,24960,3120,17281,0,33,0,0,26,15090,0,0,2,2,48,8,0,1,39
126,39,285043,1,1,20190118,20190517,20220530,20240118,0,4750,15174,1,20,1,2,39,16398,0,0,1,2,17,8,0,1,39
50,49,591324,6,0,20171215,20171215,20220323,20221215,0,9855,56079,1,37,1,2,49,21270,0,0,2,0,0,8,0,1,49
117,49,408258,0,1,20180420,20181221,20220512,20230420,6804,6804,39678,1,26,0,0,48,20954,1,0,0,2,35,8,0,1,50
97,54,295106,5,0,20170915,20180420,20220119,20220915,9836,4918,20475,1,31,0,1,52,23476,1,0,2,2,31,7,0,1,56
74,28,142008,1,1,20200221,20210122,20220502,20250221,4732,2366,9565,1,49,0,0,26,11489,0,0,1,2,48,8,0,1,29
77,52,283336,1,0,20170519,20170915,20210817,20220519,18888,4722,24491,0,28,1,2,48,22956,0,0,1,2,17,9,0,1,56
24,45,277107,0,1,20180817,20190426,20220514,20230817,4618,4618,19096,1,33,0,0,44,19030,1,0,0,2,36,9,0,1,46
42,60,286226,6,0,20170915,20190315,20220601,20220915,4770,4770,21287,1,31,0,0,59,26549,0,0,2,0,78,3,0,1,61
50,42,218153,5,1,20170519,20171215,20200921,20220519,18175,3635,15887,0,30,0,0,37,18915,0,0,2,2,30,9,0,1,46
38,49,360034,0,1,20180420,20181116,20220602,20230420,6000,6000,32771,1,37,0,0,48,20873,1,0,0,2,30,7,0,1,50
126,27,101459,5,0,20151120,20151218,20171230,20201120,15210,2000,11718,0,37,0,2,18,13396,1,0,2,0,4,2,0,1,30
62,48,329189,5,0,20180316,20180316,20220109,20230316,10972,5486,22058,1,59,1,2,46,20650,0,1,2,2,0,9,0,0,49
99,50,219972,1,0,20180316,20190621,20220526,20230316,18330,3666,19421,0,32,0,0,45,21416,0,0,1,0,66,8,0,1,54
50,41,243816,0,1,20180921,20190426,20220406,20230921,8126,4063,27610,1,41,0,0,39,17429,1,0,0,2,31,9,1,1,43
28,54,305489,1,0,20171117,20180420,20220512,20221117,5091,5091,21619,1,27,1,2,53,23287,0,0,1,2,22,8,0,1,55
59,30,120262,0,1,20180921,20190426,20210224,20230921,14028,2004,6858,0,24,0,0,23,13029,0,0,0,3,31,9,0,1,35
47,30,141897,0,1,20191220,20200717,20220531,20241220,4728,2364,13437,1,30,0,0,28,12356,0,0,0,2,30,8,0,1,32
62,54,300380,6,0,20171215,20181221,20220602,20221215,0,5006,25982,1,71,0,0,54,23193,0,1,2,2,53,7,0,1,54
97,44,284588,0,1,20180420,20181019,20211124,20230420,0,4743,25198,1,34,0,0,44,18950,1,0,0,2,26,9,0,1,44
15,43,119074,1,0,20170519,20170818,20201125,20220519,15872,2000,13033,0,23,1,2,35,19274,0,0,1,3,13,7,0,1,47
97,26,137958,7,0,20200221,20210528,20220520,20250221,0,2299,9938,1,32,0,0,26,10680,1,0,2,0,66,8,0,1,26
47,42,227575,7,1,20181116,20190719,20220602,20231116,0,3792,20855,1,45,0,0,42,17669,0,0,2,0,35,9,0,1,42
47,38,194428,7,1,20190315,20200221,20220502,20240315,6480,3240,15155,1,33,0,0,36,15889,1,0,2,2,49,9,0,1,39
15,59,307221,0,1,20170519,20171215,20220513,20220519,0,5120,22217,1,30,0,0,59,25687,0,0,0,2,30,7,1,1,59
28,42,246811,7,0,20181221,20191018,20220602,20231221,4113,4113,21221,1,38,0,0,41,17669,1,0,2,0,43,8,0,1,43
29,41,204159,0,0,20181116,20200117,20220516,20231116,6804,3402,19054,1,50,0,0,39,17290,1,0,0,0,61,8,0,1,43
26,44,150831,7,0,20180817,20191220,20220518,20230817,0,2513,12009,1,27,0,0,44,18651,1,0,2,2,70,9,0,1,44
62,14,67965,1,1,20210219,20211015,20220509,20260219,0,2000,6355,1,55,1,2,14,5580,0,1,1,2,34,8,0,1,14
58,41,239078,7,0,20190118,20200117,20220504,20240118,7968,3984,26061,1,37,0,0,39,17221,0,0,2,2,52,7,1,1,43
74,42,230125,7,1,20190118,20190816,20220512,20240118,3835,3835,23190,1,45,0,0,41,17741,0,0,2,0,30,7,0,1,43
37,20,134260,7,1,20200821,20210416,20220512,20250821,4474,2237,12472,1,27,0,0,18,8103,0,0,2,2,34,9,0,1,21
38,17,83750,1,1,20210122,20210820,20220601,20260122,1395,2000,6643,1,37,0,0,16,6835,0,0,1,2,30,8,0,1,18
50,52,364425,5,0,20170120,20171020,20210316,20220120,0,6073,36727,1,36,0,0,52,23370,0,0,2,0,39,7,0,1,52
23,39,209469,1,1,20190315,20190719,20220407,20240315,31419,3491,22855,0,39,1,2,30,16333,0,0,1,2,18,9,0,1,48
50,60,292012,5,0,20151120,20170915,20210129,20201120,0,4866,22801,1,39,0,0,60,29696,1,0,2,0,95,8,1,1,60
38,60,298228,0,0,20170519,20180316,20220602,20220519,9940,4970,24550,1,24,0,0,58,26066,1,0,0,2,43,8,0,1,62
97,47,335418,0,1,20180615,20190426,20220601,20230615,5590,5590,26598,1,44,0,0,46,19949,0,0,0,0,45,8,0,1,48
85,42,204751,7,0,20181116,20190920,20220603,20231116,3412,3412,18539,1,29,0,0,41,17669,0,0,2,0,44,9,0,1,43
52,40,172525,0,0,20181116,20191220,20220411,20231116,0,2875,10483,1,45,0,0,40,16909,1,0,0,2,57,9,0,1,40
50,54,322759,0,0,20160715,20170519,20201228,20210715,0,5379,22184,1,29,0,0,54,24663,0,0,0,0,44,9,1,1,54
107,56,334187,1,0,20160715,20170421,20210202,20210715,0,5569,28795,1,34,1,2,56,25491,0,0,1,2,40,8,0,1,56
122,49,181387,0,0,20151120,20160923,20191022,20201120,12092,3023,11858,0,37,0,0,45,23299,0,0,0,1,44,8,0,1,51
117,34,180802,1,0,20190816,20191115,20220601,20240816,0,3013,11654,1,28,1,2,34,14117,0,0,1,0,13,6,1,1,34
23,46,304792,0,0,20151120,20161118,20190814,20201120,5079,5079,21922,1,33,0,0,45,21979,0,0,0,0,52,8,0,1,47
84,34,169205,0,0,20190816,20200221,20220601,20240816,0,2820,13811,1,27,1,0,34,14117,0,0,0,0,27,7,1,1,34
69,54,304284,0,1,20171215,20180817,20220602,20221215,10142,5071,25039,1,60,0,0,52,23193,0,1,0,0,35,8,1,1,55
45,52,321277,1,0,20171215,20180720,20220504,20221215,0,5354,23634,1,30,1,2,52,22345,0,0,1,3,31,7,0,1,52
126,28,163078,6,0,20151120,20151120,20180119,20201120,21736,2717,11420,0,35,1,2,20,13860,0,0,2,0,0,6,1,1,35
62,30,141362,1,0,20191220,20200515,20220602,20241220,0,2356,7790,1,33,1,2,30,12356,1,0,1,3,21,8,0,1,30
45,14,61588,0,0,20170519,20180518,20180601,20220519,10260,2000,4802,0,54,0,0,4,6579,0,0,0,0,52,8,0,1,20
13,44,260182,0,0,20180817,20190719,20220602,20230817,4336,4336,21835,1,30,0,0,43,18651,1,0,0,0,48,9,0,1,45
91,53,278878,6,1,20171215,20190118,20220602,20221215,0,4647,18660,1,32,0,0,53,22814,0,0,2,0,57,8,0,1,53
85,31,150438,1,1,20191018,20200918,20220602,20241018,2507,2507,16144,1,28,0,0,30,12794,0,0,1,2,48,9,0,1,32
5,43,155405,6,1,20180119,20181116,20210705,20230119,12950,2590,14029,0,26,0,0,38,18746,0,0,2,0,43,9,0,1,44
107,21,109058,1,1,20200821,20210326,20220603,20250821,0,2000,8169,1,31,0,0,21,8482,0,0,1,2,31,9,0,1,21
97,59,401785,0,0,20151120,20161021,20201020,20201120,0,6696,32369,1,52,0,0,59,28862,0,0,0,3,48,8,0,1,59
62,26,198458,7,0,20200417,20200619,20220525,20250417,3307,3307,18936,1,50,1,2,25,10630,0,0,2,2,9,8,0,1,27
97,52,373323,0,1,20160715,20170317,20201002,20210715,6222,6222,31473,1,47,0,0,51,23824,1,0,0,0,35,9,0,1,53
97,38,178734,1,0,20190315,20200821,20220510,20240315,5956,2978,15735,1,61,0,0,36,15889,0,1,1,0,75,9,0,1,40
57,32,133337,0,1,20180420,20181221,20201110,20230420,13332,2222,13288,0,29,0,0,26,14080,0,0,0,2,35,9,0,1,37
111,15,98023,0,1,20170519,20171215,20180720,20220519,11431,2000,7588,0,34,0,0,8,7037,0,0,0,0,30,9,0,1,21
6,59,363895,5,0,20170616,20180720,20220310,20220616,0,6064,23050,1,29,0,0,59,25687,1,0,2,3,57,8,0,1,59
50,48,313640,0,1,20180420,20190118,20220510,20230420,5227,5227,26914,1,30,0,0,47,20494,0,0,0,2,39,9,0,1,49
97,54,278949,0,0,20171215,20180817,20220602,20221215,4649,4649,21333,1,38,0,0,53,23193,0,0,0,2,35,8,0,1,55
126,60,221130,0,0,20170120,20180518,20220530,20220120,7370,3685,21827,1,37,0,0,58,26973,0,0,0,3,69,5,0,1,61
71,45,283432,6,1,20171215,20180921,20210712,20221215,47230,4723,20806,0,23,0,0,35,19680,0,0,2,0,40,8,0,1,50
121,16,69858,1,1,20210219,20210618,20220602,20260219,1164,2000,5008,1,20,1,2,15,6374,0,0,1,2,17,8,0,1,17
6,28,138880,1,1,20200117,20201120,20220502,20250117,4628,2314,11593,1,23,0,0,26,11489,0,0,1,2,44,9,0,1,29
35,49,328097,6,0,20180420,20180420,20220513,20230420,0,5468,25247,1,37,1,2,49,20954,0,0,2,2,0,9,0,1,49
76,54,278921,0,0,20171117,20190719,20220601,20221117,9296,4648,21900,1,24,0,0,52,23193,0,0,0,2,87,6,1,1,55
58,60,263610,1,0,20151120,20161021,20210303,20201120,4393,4393,25229,1,26,0,0,59,30518,0,0,1,3,48,8,1,1,61
27,33,233163,1,1,20190920,20200417,20220602,20240920,7772,3886,20901,1,47,0,0,31,13676,0,0,1,2,30,8,0,1,35
125,32,139295,1,1,20170519,20180119,20191202,20220519,23210,2321,15830,0,56,0,0,22,14578,0,1,1,5,35,9,0,1,33
62,15,73753,1,1,20210319,20211119,20220601,20260319,1229,2000,5136,1,27,0,0,14,5959,0,0,1,0,35,8,0,1,16
50,58,352359,1,0,20170519,20171117,20220511,20220519,11744,5872,32139,1,38,1,2,56,25204,0,0,1,3,26,9,0,1,59
97,41,282069,1,1,20181221,20190517,20220508,20231221,4701,4701,28439,1,49,1,2,40,17221,0,0,1,2,21,9,0,1,42
20,44,252885,7,0,20180817,20190621,20220507,20230817,4214,4214,23696,1,32,0,0,43,18651,0,0,2,0,44,9,0,1,45
23,42,263793,1,0,20151120,20151218,20190606,20201120,0,4396,19488,1,51,1,2,42,20131,1,0,1,3,4,8,0,1,42
97,54,345146,1,1,20170616,20180216,20211013,20220616,57520,5752,32873,0,60,0,0,44,23752,0,1,1,4,35,7,0,1,59
50,51,371842,0,1,20180119,20180817,20220425,20230119,0,6197,27226,1,33,0,0,51,21879,0,0,0,2,30,9,0,1,51
69,51,242446,5,0,20171117,20171117,20220125,20221117,24240,4040,27724,0,55,1,2,45,22048,0,1,2,3,0,7,0,1,56
62,21,107152,1,1,20200821,20210326,20220402,20250821,7140,2000,10656,0,37,0,0,17,8482,0,0,1,2,31,9,0,1,22
10,44,285598,5,0,20171117,20180420,20210610,20221117,9518,4759,19953,1,57,0,1,42,19277,1,1,2,3,22,9,0,1,45
97,60,445360,5,1,20161021,20170721,20210903,20211021,7422,7422,37688,1,36,0,0,59,26798,0,0,2,5,39,9,1,1,61
62,46,440714,0,0,20151120,20170120,20190717,20201120,14690,7345,26847,1,43,0,0,44,21979,1,0,0,3,61,8,0,1,48
9,28,194819,1,1,20200221,20201120,20220507,20250221,3246,3246,19041,1,23,0,0,27,11489,0,0,1,2,39,8,0,1,29
50,40,214348,0,0,20161021,20171117,20200110,20211021,32148,3572,20528,0,50,0,0,31,18451,0,0,0,0,56,8,0,0,41
50,60,384069,1,0,20170120,20211119,20211213,20220120,0,6401,33088,1,39,1,2,60,26475,0,0,1,2,252,9,0,1,60
58,20,126327,0,0,20151120,20160923,20170504,20201120,21050,2105,10000,0,33,0,0,10,10072,0,0,0,3,44,8,0,1,21
53,60,390964,0,1,20161216,20180420,20220512,20211216,6516,6516,27609,1,31,0,0,59,28626,1,0,0,5,70,8,0,1,61
53,58,375005,0,0,20160715,20180720,20210428,20210715,56250,6250,31068,0,46,0,0,49,26309,0,0,0,3,105,8,0,1,61
65,59,346669,0,0,20151120,20161021,20210128,20201120,5777,5777,26892,1,31,0,0,58,29696,0,0,0,3,48,8,0,1,60
97,41,320249,7,1,20181116,20190816,20220506,20231116,0,5337,17288,1,47,0,0,41,17290,0,0,2,2,39,9,0,1,41
62,34,252965,1,1,20190816,20200918,20220602,20240816,4216,4216,28831,1,32,0,0,33,14117,0,0,1,3,57,8,0,0,35
50,55,359884,0,0,20160715,20170421,20210827,20210715,11996,5998,32088,1,33,0,0,53,27926,0,0,0,0,40,9,0,1,56
28,51,521036,0,1,20180119,20200417,20220602,20230119,0,8683,40308,1,53,0,0,51,21879,1,0,0,5,117,9,0,1,51
97,13,136469,0,1,20190426,20191220,20200413,20240426,18192,2274,15615,0,34,0,0,5,5678,1,0,0,2,34,9,0,1,19
62,40,258887,0,0,20190118,20191220,20220602,20240118,8628,4314,23118,1,30,0,0,38,16777,0,0,0,2,48,9,0,1,41
23,32,187576,0,0,20171215,20181116,20200615,20221215,25008,3126,19965,0,22,0,0,24,14285,0,0,0,2,48,8,0,1,33
28,20,70209,0,0,20151120,20161216,20170522,20201120,10530,2000,5640,0,38,0,0,11,10072,0,0,0,0,56,8,0,1,28
23,55,367268,0,1,20170915,20180720,20220526,20220915,30605,6121,36315,0,21,0,0,50,23861,0,0,0,2,44,8,0,1,59
50,33,255644,6,0,20170616,20181116,20200204,20220616,25560,4260,22567,0,39,0,2,27,14953,1,0,2,3,74,7,0,1,38
56,57,311841,0,1,20170915,20180518,20220501,20220915,5197,5197,35506,1,22,0,0,56,24621,1,0,0,0,35,9,0,1,58
68,17,450134,5,0,20171117,20180119,20190704,20221117,0,7502,23109,1,42,0,2,17,7747,0,0,2,4,9,9,1,1,17
97,25,260720,1,1,20200515,20210122,20220504,20250515,8690,4345,22911,1,28,0,0,23,10202,1,0,1,2,36,8,0,1,27
17,50,369090,0,1,20180316,20181116,20220601,20230316,12302,6151,41649,1,26,0,0,48,21416,0,0,0,3,35,8,0,1,51
97,51,496646,7,0,20180316,20190621,20220510,20230316,16554,8277,37264,1,43,0,0,49,21795,0,0,2,3,66,8,0,1,53
45,43,286340,0,1,20180921,20190621,20220513,20230921,4772,4772,15680,1,37,0,0,42,18195,0,0,0,2,39,8,0,1,44
42,54,301267,6,0,20171117,20180921,20220524,20221117,10042,5021,28686,1,38,0,0,52,23193,1,0,2,2,44,9,0,1,55
64,59,365757,0,0,20170616,20180216,20220515,20220616,12190,6095,25953,1,40,0,0,57,25583,1,0,0,0,35,9,0,1,60
15,54,239213,0,0,20170421,20180216,20210927,20220421,31888,3986,17585,0,41,0,0,46,23838,0,0,0,3,43,9,1,1,55
58,24,146058,0,0,20151120,20170317,20170915,20201120,14604,2434,12644,0,26,0,0,18,11988,0,0,0,3,69,8,1,1,25
97,53,383945,1,1,20171020,20180518,20220513,20221020,12798,6399,31780,1,27,0,0,51,22998,1,0,1,0,30,8,0,1,55
97,34,409850,1,1,20190816,20200417,20220603,20240816,13660,6830,21113,1,30,0,0,32,14117,0,0,1,2,35,7,0,1,35
53,47,222137,0,0,20180615,20190621,20220303,20230615,3702,3702,18906,1,31,0,0,46,20032,1,0,0,2,53,8,0,1,48
5,27,165526,6,1,20171117,20180817,20200106,20221117,19306,2758,9024,0,24,0,0,20,12135,1,0,2,0,39,9,0,1,34
50,60,301340,0,0,20151120,20161216,20201201,20201120,0,5022,21569,1,25,0,0,60,29281,1,0,0,0,56,7,0,1,60
50,48,231437,5,0,20151120,20161118,20190930,20201120,34713,3857,19747,0,33,0,0,39,22861,0,0,2,0,52,7,1,1,50
28,53,374294,1,0,20171215,20180420,20220516,20221215,12476,6238,35694,1,25,1,2,51,22814,0,0,1,3,18,8,1,1,54
10,20,140594,7,1,20201016,20210528,20220601,20251016,0,2343,9972,1,46,0,0,20,8058,1,0,2,2,32,8,0,1,20
97,42,464247,0,0,20181019,20190719,20220504,20231019,15474,7737,27448,1,33,0,0,40,17741,0,0,0,3,39,9,0,1,43
62,6,89482,1,1,20200515,20200515,20200910,20250515,14910,2000,8481,0,24,1,2,4,2568,0,0,1,2,0,5,0,1,15
69,60,358517,0,0,20161216,20180316,20220103,20211216,5975,5975,33556,1,68,0,0,59,27860,1,1,0,3,65,8,1,1,61
118,26,164014,1,0,20200221,20201016,20220513,20250221,2733,2733,9921,1,53,1,2,25,10680,0,0,1,2,34,9,0,1,27
69,50,292976,6,0,20180316,20190215,20220602,20230316,4882,4882,26739,1,63,0,0,49,21333,1,1,2,0,48,9,0,1,51
28,21,176849,7,1,20200821,20210618,20220525,20250821,0,2947,15195,1,32,0,0,21,8482,0,0,2,2,43,8,0,1,21
23,47,389803,6,1,20180615,20190315,20220506,20230615,12992,6496,22464,1,22,0,0,45,19949,0,0,2,2,39,7,0,1,48
97,34,390215,6,1,20180817,20190517,20210513,20230817,52024,6503,30961,0,24,0,0,26,14709,1,0,2,0,39,9,0,1,39
50,37,296610,0,0,20190426,20200221,20220503,20240426,9886,4943,34173,1,46,0,0,35,15446,0,0,0,3,43,9,0,1,39
68,31,266746,6,0,20151120,20151120,20180404,20201120,22225,4445,18567,0,50,1,2,26,15244,0,0,2,4,0,8,0,1,32
94,30,147674,0,0,20151120,20161216,20180327,20201120,17227,2461,11425,0,31,0,0,23,14782,1,0,0,0,56,7,0,1,34
50,52,380131,6,0,20171215,20190118,20220512,20221215,6335,6335,27506,1,52,0,0,51,22345,0,0,2,3,57,8,0,1,53
5,40,95405,6,0,20151120,20151120,20190130,20201120,14310,2000,10983,0,50,1,2,31,19322,1,0,2,0,0,7,0,1,42
28,17,169339,7,1,20210122,20211015,20220603,20260122,0,2822,15211,1,38,0,0,17,6793,0,0,2,2,38,7,0,1,17
38,53,383889,0,1,20171215,20180817,20220430,20221215,0,6398,37082,1,49,0,0,53,22724,1,0,0,0,35,9,0,1,53
117,59,372010,0,1,20160715,20170421,20220429,20210715,12400,6200,42583,1,77,0,0,57,29114,0,1,0,3,40,9,0,1,61
42,16,151938,1,1,20201218,20210618,20220601,20251218,2532,2532,8436,1,36,1,2,15,6414,0,0,1,0,26,6,0,1,17
50,34,308102,7,1,20190816,20200320,20220601,20240816,0,5135,27653,1,48,0,0,34,14117,0,0,2,2,31,8,0,1,34
58,48,330189,6,1,20180316,20181221,20220427,20230316,0,5503,29496,1,23,0,0,48,20650,0,0,2,0,40,6,0,1,48
5,57,363678,1,0,20170421,20171215,20220422,20220421,6061,6061,24944,1,33,1,2,56,25016,0,0,1,2,34,8,0,1,58
50,51,233946,0,0,20151120,20161118,20191206,20201120,19495,3899,23989,0,44,0,0,46,24166,1,0,0,0,52,7,1,1,56
62,37,337619,7,1,20190315,20191018,20220530,20240315,11252,5626,25073,1,43,0,0,35,15510,0,0,2,0,31,9,0,1,38
10,9,200679,6,0,20171215,20180316,20180705,20221215,23408,3344,15574,0,43,1,2,2,4164,1,0,2,2,13,8,0,1,13
97,51,502413,0,1,20161216,20170818,20210128,20211216,8373,8373,53506,1,27,0,0,50,23047,0,0,0,0,35,8,0,1,52
15,42,191122,0,0,20170721,20180720,20201202,20220721,22295,3185,14952,0,27,0,0,35,18728,0,0,0,3,52,8,1,1,49
50,60,425132,5,1,20170519,20171215,20220531,20220519,0,7085,33560,1,24,0,0,60,26549,0,0,2,2,30,8,0,1,60
28,39,246833,7,0,20190118,20191220,20220511,20240118,8226,4113,26270,1,47,0,0,37,16398,0,0,2,0,48,9,0,1,41
97,28,120764,1,0,20170421,20171020,20190722,20220421,14084,2012,13712,0,33,1,2,21,12874,0,0,1,3,26,8,0,0,31
50,53,286139,5,0,20161216,20171117,20220416,20211216,23840,4768,31805,0,37,0,0,48,28245,1,0,2,3,48,8,0,1,58
58,60,271074,0,0,20170421,20190426,20220502,20220421,4517,4517,19703,1,38,0,0,59,26170,0,0,0,3,105,9,0,1,61
80,44,360905,7,1,20180921,20190719,20220601,20230921,6015,6015,39196,1,32,0,0,43,18574,1,0,2,2,43,9,1,1,45
117,42,268267,0,0,20151120,20151218,20190402,20201120,26826,4471,20347,0,46,0,2,36,20131,0,0,0,3,4,4,0,0,48
117,30,207773,1,1,20191018,20200515,20220528,20241018,3462,3462,17984,1,30,0,0,29,12415,0,0,1,2,30,9,0,1,31
38,59,224558,0,0,20151218,20170120,20200904,20201218,37420,3742,21863,0,34,0,0,49,27501,1,0,0,3,57,9,0,1,60
62,30,168672,1,0,20191220,20201218,20220602,20241220,5622,2811,15929,1,52,0,0,28,12356,0,0,1,3,52,7,0,1,31
97,60,372910,0,0,20170120,20171215,20211222,20220120,12430,6215,33358,1,53,0,0,58,26973,0,0,0,3,47,7,0,0,62
77,54,275859,1,0,20160520,20160520,20201001,20210520,9194,4597,21629,1,26,1,2,52,24849,1,0,1,0,0,9,0,1,56
6,18,80858,1,1,20200821,20200918,20220125,20250821,0,2000,6028,1,31,1,2,18,7338,1,0,1,2,4,7,0,1,18
50,23,118252,7,0,20200619,20210528,20220603,20250619,3940,2000,9661,1,34,0,0,21,9338,0,0,2,2,49,9,0,1,24
50,48,310958,5,0,20180518,20180518,20220528,20230518,0,5182,21487,1,56,1,2,48,20494,0,1,2,3,0,8,0,1,48
97,59,312494,0,0,20161216,20180615,20220511,20211216,5208,5208,20367,1,18,0,0,58,28127,0,0,0,0,78,9,0,1,60
58,59,339500,1,0,20170519,20171020,20220505,20220519,0,5658,31781,1,27,1,2,59,25687,0,0,1,0,22,9,0,1,59
97,57,256783,0,0,20170915,20180720,20220531,20220915,0,4279,21071,1,36,0,0,57,24621,1,0,0,0,44,8,1,1,57
26,33,139722,0,0,20161216,20171215,20190820,20211216,20952,2328,11005,0,35,0,0,24,15272,1,0,0,3,52,9,0,1,41
126,47,274168,6,1,20180518,20190118,20220214,20230518,0,4569,24563,1,27,0,0,47,20113,1,0,2,2,35,8,0,1,47
50,57,331810,5,0,20161216,20171020,20220401,20211216,11060,5530,34556,1,35,0,0,55,28506,0,0,2,3,44,9,0,1,58
97,48,282745,1,0,20180615,20190215,20220503,20230615,4712,4712,22937,1,33,1,2,47,20411,0,0,1,2,35,7,0,1,49
50,56,293015,0,0,20170915,20180518,20220509,20220915,0,4883,33161,1,28,0,0,56,24242,0,0,0,3,35,7,0,1,56
53,58,308939,0,1,20170217,20180119,20211116,20220217,0,5148,24212,1,31,0,0,58,25596,0,0,0,5,48,9,1,1,58
0,31,195553,1,0,20191018,20200717,20220603,20241018,3259,3259,22628,1,35,1,2,30,12794,0,0,1,0,39,9,0,1,32
28,26,160347,1,0,20200417,20210122,20220603,20250417,5344,2672,15286,1,39,0,0,24,10630,1,0,1,2,40,9,0,1,27
35,44,236997,7,0,20180921,20191018,20220603,20230921,3949,3949,12906,1,56,0,0,43,18574,0,1,2,3,56,9,0,1,45
53,58,284379,0,1,20161216,20170818,20220513,20211216,0,4739,18764,1,30,0,0,58,27361,1,0,0,0,35,9,1,1,58
53,39,299117,0,1,20161216,20170818,20200204,20211216,0,4985,23050,1,45,0,0,39,17876,1,0,0,5,35,9,0,0,39
97,27,299847,6,0,20151218,20151218,20180112,20201218,9994,4997,29516,1,41,1,2,25,13341,0,0,2,3,0,8,0,1,28
97,52,281734,6,0,20180119,20181221,20220601,20230119,4695,4695,26470,1,25,0,0,51,22258,0,0,2,3,48,9,0,1,53
97,60,291178,0,0,20170120,20180518,20211201,20220120,4852,4852,25893,1,41,0,0,59,26475,1,0,0,3,69,8,1,1,61
23,60,309454,0,0,20160415,20170721,20210308,20210415,0,5157,31174,1,67,0,0,60,27437,1,1,0,3,66,9,1,1,60
23,55,300597,1,0,20170915,20181019,20220524,20220915,0,5009,27142,1,35,0,0,55,23764,0,0,1,3,57,9,0,1,55
53,18,104762,0,1,20201218,20220218,20220601,20251218,1746,2000,11741,1,31,0,0,17,7214,1,0,0,0,61,9,1,1,19
75,58,361474,0,1,20170519,20171215,20220518,20220519,12048,6024,30523,1,42,0,0,56,25306,0,0,0,2,30,9,0,1,59
23,38,155116,6,1,20180518,20190215,20210507,20230518,10340,2585,17970,0,27,0,0,34,16553,1,0,2,2,39,8,0,1,40
126,56,243467,1,0,20151218,20160115,20220306,20201218,8114,4057,17865,1,45,1,2,54,34756,1,0,1,3,4,8,0,1,57
48,43,306615,6,1,20180921,20190517,20220514,20230921,5110,5110,21131,1,34,0,0,42,18195,0,0,2,2,34,9,1,1,44
59,59,282873,0,0,20170519,20180720,20220523,20220519,4714,4714,28675,1,44,0,0,58,25687,0,0,0,2,61,9,0,1,60
23,36,324146,0,0,20180119,20181116,20201112,20230119,37814,5402,26765,0,44,0,0,29,15932,0,0,0,2,43,8,1,1,41
63,34,176349,1,1,20190816,20200417,20220603,20240816,5878,2939,18508,1,31,0,0,32,14117,0,0,1,2,35,8,1,1,35
81,34,211153,1,1,20190816,20191018,20220603,20240816,0,3519,19474,1,43,1,2,34,14117,0,0,1,2,9,8,0,1,34
101,34,160539,7,1,20190816,20200221,20220503,20240816,2675,2675,12388,1,21,0,0,33,14117,0,0,2,2,27,8,0,1,35
63,21,98471,7,1,20200821,20210326,20220503,20250821,3282,2000,9217,1,34,0,0,19,8482,0,0,2,2,31,9,0,1,22
126,60,305161,0,0,20151218,20161021,20210324,20201218,5086,5086,19197,1,27,0,0,59,29999,0,0,0,3,44,7,0,1,61
23,53,255777,1,0,20171215,20180420,20220513,20221215,0,4262,21906,1,38,1,2,53,22814,0,0,1,3,18,6,0,1,53
52,32,168082,0,0,20180319,20180720,20201026,20230319,25209,2801,16460,0,42,0,0,23,14120,1,0,0,3,17.5714285714286,7,0,1,33
25,20,112678,7,1,20200821,20210416,20220511,20250821,0,2000,8693,1,25,0,0,20,8103,0,0,2,2,34,9,0,1,20
126,40,289313,1,1,20181221,20190920,20220329,20231221,9642,4821,28286,1,36,0,0,38,16842,0,0,1,4,39,9,0,1,42
10,29,164103,0,0,20191220,20200221,20220528,20241220,2735,2735,11514,1,47,1,0,28,11977,1,0,0,0,9,9,0,1,30
50,52,214089,6,0,20180119,20180817,20220517,20230119,0,3568,23552,1,31,0,0,52,22345,1,0,2,2,30,8,0,1,52
97,37,167588,1,0,20190426,20200821,20220602,20240426,5586,2793,14350,1,24,0,0,35,15446,0,0,1,2,69,9,0,1,39
118,43,214688,7,0,20180921,20191220,20220509,20230921,7156,3578,13004,1,52,0,0,41,18195,0,0,2,3,65,8,0,1,45
58,60,284302,0,0,20170120,20171215,20220222,20220120,4738,4738,26207,1,28,0,0,59,27745,1,0,0,3,47,8,0,1,61
85,46,234814,0,0,20170519,20180518,20210217,20220519,35217,3913,19135,0,34,0,0,37,20521,0,0,0,2,52,9,0,1,54
69,56,303802,0,0,20171020,20180817,20220602,20221020,10126,5063,27687,1,65,0,0,54,24143,0,1,0,0,43,9,0,1,57
42,53,322491,5,0,20180119,20180420,20220504,20230119,5374,5374,24694,1,32,0,2,52,22724,1,0,2,2,13,9,1,1,54
53,47,315812,0,1,20180316,20181116,20211207,20230316,0,5263,29701,1,24,0,0,47,20262,0,0,0,0,35,8,0,1,47
45,51,271813,0,0,20180316,20190621,20220601,20230316,4530,4530,31521,1,52,0,0,50,21795,0,0,0,3,66,8,0,1,52
23,24,118198,1,1,20181221,20190426,20201110,20231221,9845,2000,9297,0,18,1,2,19,10429,0,0,1,3,18,6,0,1,25
1,18,87083,1,1,20201218,20210820,20220602,20251218,0,2000,7233,1,27,1,2,18,7214,0,0,1,0,35,8,0,1,18
68,52,323630,5,0,20170120,20170721,20211201,20220120,0,5393,29698,1,33,0,1,52,26973,0,0,2,3,26,8,1,1,52
5,54,281227,1,1,20171215,20190118,20220601,20221215,4687,4687,16910,1,33,1,2,53,23193,0,1,1,0,57,8,0,1,55
62,24,136683,1,1,20200515,20201120,20220531,20250515,4556,2278,9663,1,37,1,2,22,9823,0,0,1,2,27,8,0,0,26
97,32,269948,7,0,20190920,20190920,20220603,20240920,8998,4499,13999,1,27,1,2,30,13297,0,0,2,2,0,8,0,1,33
62,37,248897,7,1,20180921,20190621,20210929,20230921,20740,4148,22478,0,29,0,0,32,15863,0,0,2,2,39,9,0,1,39
45,48,217737,0,0,20180316,20190118,20220102,20230316,18140,3628,17372,0,25,0,0,43,20650,1,0,0,3,44,8,0,1,51
68,60,316775,0,0,20160415,20170317,20220510,20210415,0,5279,25263,1,36,0,0,60,32194,1,0,0,3,48,9,0,1,60
14,48,258793,0,0,20171117,20190118,20211004,20221117,8626,4313,19931,1,48,0,0,46,20878,0,0,0,0,61,8,0,1,49
97,54,390380,6,0,20171117,20180921,20220602,20221117,6506,6506,29253,1,36,0,0,53,23193,1,0,2,2,44,9,0,1,55
59,40,243643,7,1,20190118,20190816,20220531,20240118,8120,4060,22915,1,38,0,0,38,16842,0,0,2,0,30,7,0,1,42
69,54,308941,0,0,20171117,20181019,20220602,20221117,10298,5149,26546,1,52,0,0,52,23193,1,0,0,3,48,9,0,1,55
106,59,366960,0,0,20170120,20170915,20220107,20220120,0,6116,19414,1,41,0,0,59,27361,1,0,0,3,34,8,0,1,59
18,59,319055,1,1,20170519,20180216,20220602,20220519,0,5317,36096,1,57,1,2,59,25687,1,1,1,0,39,9,0,1,59
48,59,334596,5,0,20170616,20180119,20220328,20220616,0,5576,32352,1,27,0,0,59,25687,0,0,2,2,31,8,0,1,59
13,50,178307,0,0,20151218,20161118,20191220,20201218,14855,2971,18072,0,34,0,0,45,23647,0,0,0,3,48,7,0,1,51
58,27,187230,0,0,20151218,20161021,20180103,20201218,24960,3120,19013,0,35,0,0,19,13341,0,0,0,0,44,7,0,1,28
52,37,213509,1,0,20190426,20200515,20220512,20240426,7116,3558,20105,1,35,0,0,35,15510,0,0,1,2,55,8,0,1,38
50,58,325211,1,0,20151218,20161118,20200804,20201218,5420,5420,18736,1,69,0,0,57,27078,0,1,1,3,48,8,0,1,59
28,58,362851,0,0,20161021,20180316,20210705,20211021,42329,6047,34975,0,63,0,0,51,25996,0,1,0,3,73,9,0,1,59
85,42,378489,7,1,20181116,20190719,20220602,20231116,12616,6308,35602,1,33,0,0,40,17669,0,0,2,2,35,8,0,1,44
97,44,291127,0,0,20180817,20190719,20220516,20230817,9704,4852,20525,1,47,0,0,42,18651,1,0,0,2,48,8,0,1,45
97,36,229991,6,0,20170915,20180921,20200703,20220915,38330,3833,15917,0,40,0,0,26,16139,0,0,2,3,53,8,0,1,42
50,60,448945,0,0,20170120,20180817,20220308,20220120,7482,7482,28553,1,48,0,0,59,27629,1,0,0,3,82,9,0,1,61
80,46,399125,0,0,20151218,20170217,20190828,20201218,26608,6652,28291,0,62,0,0,42,21901,0,1,0,1,61,8,0,1,50
50,26,174275,1,1,20200417,20210122,20220603,20250417,2904,2904,11934,1,40,0,0,25,10630,1,0,1,2,40,8,0,1,27
50,36,296069,1,1,20180615,20180921,20210513,20230615,39472,4934,34352,0,31,1,2,28,15628,0,0,1,2,14,9,0,1,42
45,49,357055,0,0,20180420,20190315,20220502,20230420,0,5950,30719,1,54,0,0,49,20873,1,0,0,0,47,9,1,1,49
97,53,357467,1,0,20171215,20181116,20220531,20221215,5957,5957,39984,1,42,1,2,52,22814,0,0,1,3,48,8,1,1,54
35,33,241627,1,0,20190816,20201120,20220602,20240816,8054,4027,19700,1,51,0,0,31,13738,0,0,1,3,66,8,0,1,34
50,25,167710,0,0,20160520,20161216,20180409,20210520,27950,2795,13840,0,36,0,0,15,12163,0,0,0,3,30,9,0,1,30
15,60,343741,1,0,20151218,20160219,20210312,20201218,11458,5729,23985,1,48,1,2,58,29999,0,0,1,1,9,8,0,1,61
50,27,190656,5,1,20170421,20171117,20190630,20220421,12708,3177,11986,0,20,0,0,23,12432,0,0,2,2,30,8,0,1,30
126,59,379340,0,0,20161216,20171215,20211110,20211216,6322,6322,27371,1,21,0,0,58,27082,0,0,0,0,52,8,0,1,60
97,44,256349,0,0,20180615,20190719,20220503,20230615,0,4272,13490,1,49,0,0,44,18804,1,0,0,3,57,9,0,1,44
96,55,320890,1,0,20171117,20190215,20220530,20221117,0,5348,26049,1,20,1,2,55,23666,0,0,1,3,65,8,0,1,55
63,11,49880,1,0,20191220,20191220,20220401,20241220,8310,2000,3519,0,29,1,2,1,4722,0,0,1,3,0,4,0,1,18
76,44,340475,0,1,20180817,20190315,20220514,20230817,11348,5674,31018,1,28,0,0,42,18651,0,0,0,2,30,9,0,1,46
50,46,367037,6,0,20161021,20161118,20200724,20211021,6117,6117,28821,1,39,1,2,45,21027,1,0,2,3,4,9,0,1,47
97,55,460933,0,0,20171117,20180817,20220502,20221117,7682,7682,40544,1,34,0,0,54,23666,1,0,0,0,39,8,0,1,56
97,42,412749,0,1,20181116,20190621,20220603,20231116,0,6879,40874,1,36,0,0,42,17669,1,0,0,4,31,9,1,1,42
50,38,269278,7,0,20190315,20200117,20220602,20240315,0,4487,14281,1,42,0,0,38,15889,0,0,2,2,44,7,0,1,38
20,22,172508,1,1,20200717,20210219,20220602,20250717,2875,2875,16412,1,34,0,0,21,8909,0,0,1,2,31,9,0,1,23
58,60,368769,5,0,20151218,20171020,20211008,20201218,12292,6146,29514,1,48,0,0,58,32820,0,0,2,3,96,8,0,1,62
28,27,338388,0,0,20160715,20180921,20180818,20210715,11278,5639,36772,1,42,0,0,25,12976,0,0,0,0,114,8,0,1,29
72,25,215221,7,1,20200515,20210618,20220603,20250515,7174,3587,16589,1,25,0,0,23,10202,0,0,2,2,57,9,1,1,27
121,59,413787,0,0,20160617,20171117,20211220,20210617,13792,6896,39876,1,27,0,0,57,30016,0,0,0,3,74,5,0,1,60
51,26,237139,1,0,20160617,20170616,20180731,20210617,15808,3952,22980,0,46,0,0,22,12520,0,0,1,3,52,7,0,1,29
47,48,328640,6,0,20161216,20161216,20201006,20211216,10954,5477,19528,1,27,1,2,46,21792,0,0,2,0,0,6,0,1,50
58,60,544938,0,0,20170120,20180720,20211128,20220120,0,9082,56540,1,44,0,0,60,26582,0,0,0,3,78,8,1,1,60
68,29,191570,1,1,20200117,20200619,20220601,20250117,3192,3192,15547,1,44,1,2,28,11921,1,0,1,2,22,8,0,1,30
53,42,557232,6,0,20181116,20190118,20220603,20231116,18574,9287,28780,1,49,0,2,40,17669,0,0,2,1,9,9,0,1,44
28,58,396834,0,0,20151218,20170217,20200825,20201218,0,6613,37307,1,26,0,0,58,27078,0,0,0,3,61,8,1,1,58
69,60,373918,1,0,20170421,20180615,20220602,20220421,0,6231,27386,1,48,0,0,60,26549,1,0,1,0,60,8,0,1,60
125,55,366341,0,0,20171020,20180817,20220603,20221020,0,6105,23600,1,30,0,0,55,23764,0,0,0,2,43,8,0,1,55
125,30,225794,1,1,20191115,20200821,20220502,20241115,7526,3763,19604,1,22,0,0,28,12356,0,0,1,2,40,9,0,1,32
119,43,238755,0,0,20180316,20180817,20210827,20230316,23874,3979,13426,0,52,0,0,37,18684,1,0,0,0,22,8,1,1,47
53,53,368226,1,0,20171117,20180720,20220422,20221117,6137,6137,31881,1,38,1,2,52,22814,1,0,1,2,35,9,0,1,54
42,60,371126,0,0,20151218,20180216,20210305,20201218,0,6185,28438,1,50,0,0,60,29999,0,0,0,0,113,5,1,1,60
52,43,345905,6,0,20171117,20181116,20210429,20221117,46120,5765,23642,0,26,0,0,35,18939,0,0,2,3,52,8,0,1,49
52,44,300382,7,0,20180817,20190621,20220513,20230817,5006,5006,25192,1,46,0,0,43,18651,0,0,2,1,44,8,0,1,45
23,27,209461,1,1,20200221,20200717,20220602,20250221,6982,3491,23045,1,25,1,2,25,11059,0,0,1,2,21,9,0,1,28
62,16,99975,1,1,20210219,20211119,20220518,20260219,0,2000,6883,1,25,0,0,16,6374,0,0,1,2,39,8,0,1,16
50,60,400693,0,0,20151218,20161118,20210125,20201218,0,6678,44716,1,31,0,0,60,29177,1,0,0,3,48,8,0,1,60
97,30,231198,6,0,20171215,20171215,20200420,20221215,19265,3853,19504,0,28,1,2,25,13424,0,0,2,0,0,8,1,1,33
13,43,312503,0,0,20181019,20200221,20220603,20231019,5208,5208,16200,1,27,0,0,42,18120,0,0,0,2,70,9,1,1,44
49,47,326947,0,0,20161118,20171117,20200924,20211118,5449,5449,36395,1,47,0,0,46,21371,0,0,0,3,52,9,0,1,48
97,58,354237,0,0,20170421,20180316,20220428,20220421,0,5903,23611,1,41,0,0,58,25404,0,0,0,3,47,9,0,1,58
50,60,404383,0,0,20170421,20180817,20220405,20220421,0,6739,32983,1,30,0,0,60,26549,0,0,0,0,69,8,0,1,60
45,6,105337,6,0,20180817,20180817,20190102,20230817,15795,2000,8029,0,70,1,2,3,2697,0,1,2,4,0,5,0,1,14
62,43,369511,6,0,20180119,20181221,20210602,20230119,6158,6158,22476,1,25,0,0,42,18809,0,0,2,2,48,8,0,1,44
50,29,257993,1,0,20191220,20201218,20220429,20241220,0,4299,19853,1,54,0,0,29,11921,0,0,1,2,52,8,0,1,29
97,49,340785,6,0,20180420,20190517,20220504,20230420,5679,5679,19008,1,30,0,0,48,20873,0,0,2,0,56,9,0,1,50
118,27,169728,1,0,20200221,20200918,20220602,20250221,5656,2828,13260,1,56,1,2,25,11059,0,1,1,0,30,9,0,1,29
85,54,328350,0,0,20180119,20190118,20220603,20230119,10944,5472,30436,1,52,0,0,52,23193,0,0,0,3,52,7,0,1,55
114,45,298661,6,1,20180817,20190315,20220602,20230817,0,4977,17537,1,44,0,0,45,19030,0,0,2,4,30,6,0,1,45
126,47,300256,1,0,20180615,20190426,20220510,20230615,5004,5004,28208,1,26,0,0,46,20032,1,0,1,2,45,8,0,1,48
62,45,284360,0,0,20180817,20190920,20220502,20230817,0,4739,29623,1,30,0,0,45,19030,0,0,0,2,57,8,0,1,45
28,42,257234,0,0,20170421,20180316,20200922,20220421,30009,4287,13684,0,36,0,0,35,18915,0,0,0,0,47,9,0,1,44
10,37,388321,0,1,20181019,20190719,20211001,20231019,45304,6472,44485,0,36,0,0,30,15806,1,0,0,0,39,8,0,1,38
97,41,613200,6,0,20181116,20190215,20220513,20231116,20440,10220,38828,1,38,0,2,39,17290,0,0,2,2,13,6,0,1,43
58,15,190408,5,0,20160617,20160715,20170829,20210617,22211,3173,12375,0,34,0,2,8,7407,0,0,2,3,4,7,0,1,20
69,22,107028,1,1,20161216,20170915,20180903,20211216,12481,2000,11579,0,40,1,2,15,10386,1,0,1,5,39,8,0,1,23
41,38,269839,7,0,20190315,20200221,20220603,20240315,4497,4497,18727,1,32,0,0,37,15889,0,0,2,2,49,9,1,1,39
85,41,222075,1,0,20181221,20190621,20220603,20231221,7402,3701,12799,1,35,1,2,39,17221,0,0,1,3,26,9,0,1,42
97,60,314734,0,0,20160219,20170421,20210409,20210219,10490,5245,28831,1,48,0,0,58,29377,1,0,0,3,61,9,1,1,62
85,10,70510,6,0,20160219,20160318,20161010,20210219,10575,2000,6263,0,34,1,2,1,5100,0,0,2,3,4,5,0,1,15
106,42,332409,5,0,20171117,20171215,20210519,20221117,11080,5540,32531,1,60,0,2,40,18465,1,1,2,5,4,9,0,1,43
50,44,201807,7,0,20180817,20191115,20220601,20230817,6726,3363,19843,1,46,0,0,42,18651,0,0,2,2,65,8,0,1,46
53,60,249556,0,0,20160219,20170217,20210930,20210219,8318,4159,19324,1,45,0,0,58,31394,1,0,0,0,52,8,1,1,61
97,51,360687,0,0,20170519,20180420,20210705,20220519,24044,6011,34931,0,51,0,0,47,22554,0,0,0,0,48,9,0,1,52
69,54,404724,6,1,20171117,20180921,20220601,20221117,0,6745,37455,1,50,0,0,54,23193,1,0,2,0,44,9,0,1,54
126,33,243209,1,0,20190816,20190920,20220314,20240816,4053,4053,18162,1,30,1,2,32,13738,0,0,1,2,5,7,0,1,34
45,60,246685,0,0,20160219,20190426,20220302,20210219,0,4111,22729,1,35,0,0,60,33726,0,0,0,3,166,8,1,1,60
5,47,310638,5,0,20170915,20170915,20210617,20220915,5177,5177,28080,1,61,1,2,46,20705,1,1,2,3,0,9,1,1,48
28,57,276496,5,0,20160715,20170519,20210222,20210715,18432,4608,24683,0,45,0,0,53,26004,0,0,2,3,44,8,0,1,59
17,49,330842,6,1,20180316,20190315,20220527,20230316,11028,5514,19196,1,32,0,0,47,20954,0,0,2,0,52,8,0,1,51
5,40,167184,0,0,20190118,20191115,20220602,20240118,2786,2786,15152,1,28,0,0,39,16842,0,0,0,2,43,8,0,1,41
117,34,237495,7,1,20190816,20200320,20220602,20240816,3958,3958,15971,1,47,0,0,33,14117,0,0,2,0,31,8,0,1,35
50,25,148319,5,0,20160415,20160819,20180413,20210415,19768,2471,15800,0,27,0,1,17,12163,1,0,2,3,18,9,0,1,33
50,54,271585,1,0,20171215,20180316,20220602,20221215,0,4526,16854,1,30,1,2,54,23193,0,0,1,0,13,8,0,1,54
97,60,280191,1,0,20160219,20210122,20201207,20210219,9338,4669,21947,1,46,0,0,58,27731,0,0,1,3,257,8,0,1,62
58,46,253975,0,0,20180316,20190426,20211118,20230316,21160,4232,18879,0,48,0,0,41,19872,0,0,0,3,58,8,0,1,47
38,50,292964,0,0,20180316,20181221,20220527,20230316,4882,4882,23520,1,32,0,0,49,21333,0,0,0,0,40,9,0,1,51
52,20,105252,0,1,20201016,20210528,20220602,20251016,0,2000,10166,1,23,0,0,20,8058,0,0,0,2,32,8,0,1,20
5,59,298106,0,0,20170519,20180316,20220518,20220519,0,4968,29700,1,27,0,0,59,25687,1,0,0,0,43,9,0,1,59
18,53,268201,5,0,20160219,20161021,20200529,20210219,35760,4470,26437,0,33,0,0,45,24768,0,0,2,0,35,8,0,1,55
50,51,312011,5,0,20160617,20160715,20200811,20210617,5200,5200,30618,1,28,1,2,50,23492,1,0,2,0,4,8,0,1,52
52,46,179461,7,0,20180316,20190621,20211126,20230316,20937,2991,18070,0,26,0,0,39,19872,0,0,2,0,66,8,0,1,49
97,59,283959,1,0,20160219,20161216,20210504,20210219,0,4732,28273,1,30,0,0,59,29784,0,0,1,0,43,8,1,1,59
6,39,257495,6,0,20171117,20171117,20210106,20221117,42910,4291,22062,0,24,1,2,29,17235,0,0,2,0,0,8,1,1,47
68,38,202318,0,1,20190315,20191115,20220602,20240315,3371,3371,15522,1,41,0,0,37,15889,0,0,0,3,35,9,0,1,39
45,56,356665,0,1,20171020,20180720,20220601,20221020,5944,5944,28101,1,50,0,0,55,24143,1,0,0,2,39,6,0,1,57
101,34,192690,1,0,20190816,20200918,20220603,20240816,3211,3211,19340,1,38,0,0,33,14117,1,0,1,2,57,8,0,1,35
53,45,299946,5,1,20170616,20180119,20210128,20220616,39992,4999,28246,0,26,0,0,37,20108,1,0,2,0,31,8,0,1,47
50,43,223581,7,0,20180817,20190816,20220503,20230817,3726,3726,22525,1,24,0,0,42,18270,1,0,2,2,52,9,0,1,44
50,38,268699,0,1,20170120,20171020,20200117,20220120,26868,4478,16325,0,28,0,0,32,17447,0,0,0,0,39,8,0,1,40
58,48,265178,0,0,20180615,20190517,20220603,20230615,8838,4419,20453,1,23,0,0,46,20411,0,0,0,2,48,8,0,1,49
50,47,350759,5,0,20171215,20180216,20210911,20221215,5845,5845,18560,1,26,0,2,46,20482,1,0,2,2,9,9,0,1,48
45,38,213387,1,0,20190426,20200515,20220601,20240426,0,3556,14659,1,57,0,0,38,15889,1,1,1,0,55,8,0,1,38
77,44,218775,0,0,20180817,20191220,20220513,20230817,7292,3646,13870,1,33,0,0,42,18651,0,0,0,0,70,9,0,1,45
84,56,258176,6,0,20160219,20161021,20220512,20210219,4302,4302,16744,1,37,1,2,55,26047,0,0,2,0,35,7,0,1,57
47,45,274697,6,0,20160219,20160219,20190903,20210219,18312,4578,26107,0,23,1,2,41,21311,0,0,2,0,0,9,1,1,48
26,32,203682,1,1,20190920,20200417,20220603,20240920,0,3394,14927,1,50,0,0,32,13234,0,0,1,0,30,9,0,1,32
45,50,291273,0,0,20171020,20181019,20210915,20221020,0,4854,24508,1,55,0,0,50,21828,1,1,0,3,52,8,1,1,50
50,53,264838,1,0,20171117,20190315,20220601,20221117,8826,4413,19643,1,22,1,2,51,22814,0,0,1,0,69,9,0,1,55
126,33,130771,0,1,20190426,20191220,20211231,20240426,10895,2179,10739,0,35,0,0,28,13914,0,0,0,2,34,9,0,1,36
11,49,306853,0,0,20180518,20190426,20220601,20230518,5114,5114,16854,1,35,0,0,48,20873,1,0,0,4,49,8,1,1,50
6,32,172892,0,1,20180921,20190517,20210419,20230921,17286,2881,13307,0,42,0,0,26,13846,0,0,0,2,34,8,0,1,36
68,51,217563,0,0,20171215,20181019,20220103,20221215,32634,3626,21173,0,35,0,0,42,22048,0,0,0,2,44,8,0,1,59
45,56,255375,1,0,20170616,20170818,20211217,20220616,4256,4256,15463,1,57,1,2,55,24534,1,1,1,0,9,8,0,1,57
97,44,211237,1,0,20171020,20200619,20210405,20221020,3520,3520,23201,1,31,0,0,43,19415,0,0,1,3,139,8,0,1,45
50,15,64803,1,0,20171215,20181019,20190114,20221215,8640,2000,6744,0,31,1,2,7,6860,0,0,1,0,44,8,0,1,18
126,49,263632,0,0,20180518,20190315,20220531,20230518,4393,4393,26168,1,26,0,0,48,20873,1,0,0,3,43,8,0,1,50
52,27,134180,0,1,20200221,20200221,20220601,20250221,2236,2236,15232,1,26,1,0,26,11059,1,0,0,2,0,9,0,1,28
97,55,399169,6,0,20170616,20181221,20211215,20220616,6652,6652,31632,1,50,0,0,54,24050,0,0,2,2,79,8,0,1,56
50,34,202559,0,1,20190816,20200320,20220601,20240816,6750,3375,18942,1,38,0,0,32,14117,0,0,0,3,31,8,0,1,35
80,53,246660,0,0,20171215,20181116,20220511,20221215,0,4111,17366,1,43,0,0,53,22814,0,0,0,3,48,8,0,1,53
28,51,253577,0,0,20180316,20190215,20220530,20230316,8452,4226,25699,1,51,0,0,49,21795,0,0,0,3,48,8,0,1,52
58,45,250084,0,0,20180119,20181116,20210811,20230119,20840,4168,21911,0,29,0,0,40,19614,0,0,0,0,43,7,0,1,47
50,51,349095,6,0,20180420,20190517,20220506,20230420,11636,5818,31519,1,30,0,0,49,21795,1,0,2,0,56,8,0,1,53
121,52,242989,1,0,20180119,20181116,20220601,20230119,4049,4049,19883,1,26,0,0,51,22345,0,0,1,0,43,8,0,1,53
11,20,107094,7,1,20201016,20210820,20220603,20251016,0,2000,9898,1,36,0,0,20,8058,0,0,2,2,44,8,0,1,20
97,46,280223,6,0,20180615,20181116,20220520,20230615,4670,4670,18635,1,49,0,0,45,19570,1,0,2,3,22,9,0,1,47
5,59,255936,0,0,20170616,20180518,20220502,20220616,0,4265,27043,1,26,0,0,59,25583,1,0,0,3,48,9,0,1,59
91,45,288451,0,0,20180420,20190426,20211203,20230420,9614,4807,21994,1,33,0,0,43,19340,1,0,0,2,53,8,0,1,46
45,52,299405,0,0,20180119,20190315,20220603,20230119,4990,4990,24821,1,29,0,0,51,22258,1,0,0,3,60,9,1,1,53
83,57,324691,0,0,20170616,20180216,20220602,20220616,5411,5411,26195,1,36,0,0,56,24823,0,0,0,0,35,9,0,1,58
110,31,174737,0,1,20170616,20180615,20191130,20220616,20384,2912,20239,0,35,0,0,24,14146,0,0,0,0,52,9,0,1,35
50,16,107462,1,1,20210219,20210924,20220602,20260219,1791,2000,8318,1,21,0,0,15,6374,0,0,1,2,31,8,0,1,17
28,10,70940,1,1,20210219,20210618,20211024,20260219,11820,2000,4432,0,28,1,2,0,4059,0,0,1,2,17,8,1,1,15
42,48,287622,1,0,20160219,20160520,20191203,20210219,19172,4793,20757,0,40,1,2,44,22616,0,0,1,3,13,8,1,1,51
58,41,379149,6,0,20181116,20181116,20220527,20231116,12638,6319,23891,1,54,1,2,39,17290,0,0,2,0,0,8,0,1,43
28,46,364325,6,0,20160219,20160219,20191018,20210219,0,6072,21701,1,50,1,2,46,21750,0,0,2,3,0,9,0,1,46
97,26,261415,7,0,20200417,20200619,20220601,20250417,8712,4356,23580,1,74,1,2,24,10630,0,1,2,4,9,7,1,1,28
58,60,424022,0,0,20160219,20170317,20210520,20210219,0,7067,34949,1,56,0,0,60,29784,1,1,0,0,56,8,0,1,60
97,23,121894,6,1,20180817,20190517,20200612,20230817,20310,2031,13159,0,33,0,0,13,10122,0,0,2,2,39,7,0,1,30
28,38,423132,7,0,20190315,20200221,20220602,20240315,14104,7052,36212,1,38,0,0,36,15889,0,0,2,3,49,9,0,1,39
117,29,194641,1,1,20191220,20200821,20220531,20241220,6488,3244,16241,1,54,0,0,27,11977,0,0,1,0,35,8,0,1,31
68,39,279681,0,0,20190315,20200117,20220509,20240315,9322,4661,15023,1,52,0,0,37,16333,0,0,0,3,44,9,0,1,40
5,55,380185,5,0,20160219,20161118,20200710,20210219,12672,6336,24098,1,69,0,1,53,25623,0,1,2,0,39,8,0,1,57
38,35,284291,0,1,20180817,20190517,20210630,20230817,23690,4738,21033,0,32,0,0,30,15114,0,0,0,2,39,9,0,1,39
79,29,178767,0,1,20160715,20170317,20181018,20210715,17874,2979,14218,0,23,0,0,23,13881,0,0,0,3,35,7,0,1,30
5,51,351238,0,0,20161021,20170818,20201207,20211021,52677,5853,28756,0,30,0,0,42,23135,0,0,0,0,43,9,0,1,53
69,52,400219,5,0,20180119,20180420,20220301,20230119,0,6670,36048,1,63,0,2,52,22345,1,1,2,0,13,6,0,1,52
5,50,379479,5,0,20160219,20160819,20200228,20210219,12648,6324,34738,1,45,0,1,48,23475,1,0,2,3,26,8,1,1,51
50,41,262671,7,1,20181116,20190621,20220527,20231116,8754,4377,16092,1,26,0,0,39,17290,0,0,2,2,31,9,1,1,43
52,41,335277,7,0,20181221,20191115,20220603,20231221,0,5587,27837,1,33,0,0,41,17221,0,0,2,2,47,9,0,1,41
97,23,150696,0,0,20180420,20191018,20200207,20230420,22599,2511,16751,0,28,0,0,14,10243,1,0,0,3,78,9,0,1,30
97,59,341996,0,0,20170421,20190215,20220228,20220421,5699,5699,37174,1,57,0,0,58,25789,0,1,0,0,95,9,0,1,60
23,53,350247,1,0,20171020,20211015,20220422,20221020,11674,5837,27870,1,48,1,2,51,22998,0,0,1,3,208,8,0,1,55
61,44,748818,6,0,20180921,20180921,20220602,20230921,12480,12480,71878,1,61,1,2,43,18574,0,1,2,2,0,8,0,1,45
85,29,243512,1,1,20191220,20201120,20220328,20241220,0,4058,21674,1,24,0,0,29,11977,0,0,1,2,48,6,0,1,29
97,19,153793,7,1,20201016,20210528,20220502,20251016,2563,2563,17250,1,47,0,0,18,7679,0,0,2,2,32,8,0,1,20
20,37,233324,0,0,20190315,20200117,20220508,20240315,7776,3888,22639,1,27,0,0,35,15510,1,0,0,0,44,8,0,1,38
69,43,407684,1,0,20160219,20160617,20190719,20210219,13588,6794,24279,1,54,1,2,41,20429,1,0,1,5,17,8,0,1,45
116,45,392217,1,0,20180817,20181019,20220601,20230817,13072,6536,34366,1,46,1,2,43,19030,0,0,1,1,9,9,0,1,47
126,19,90631,0,0,20160219,20170217,20170710,20210219,9060,2000,5037,0,40,0,0,13,9484,1,0,0,3,52,8,0,1,20
63,29,227607,0,0,20191220,20200320,20220601,20241220,7586,3793,12722,1,43,1,0,27,11921,0,0,0,2,13,9,1,1,30
50,60,325343,1,0,20160219,20161118,20210504,20210219,5422,5422,26612,1,48,1,2,59,29784,0,0,1,3,39,7,0,1,61
97,48,323050,0,0,20180420,20190315,20220520,20230420,5384,5384,27487,1,33,0,0,47,20494,1,0,0,3,47,9,0,1,49
97,48,327063,6,0,20180420,20181221,20220512,20230420,5451,5451,21575,1,38,0,0,47,20494,0,0,2,3,35,9,0,1,49
5,59,413225,0,1,20170421,20171020,20220517,20220421,13774,6887,37848,1,33,0,0,57,25789,0,0,0,4,26,9,0,1,61
121,49,362311,1,0,20161118,20170915,20201025,20211118,24152,6038,29136,0,35,1,2,45,22296,0,0,1,0,43,8,0,1,50
85,60,307681,0,0,20170421,20180316,20220429,20220421,0,5128,17291,1,53,0,0,60,26549,0,0,0,4,47,6,0,1,60
35,30,188982,1,0,20191220,20210219,20220601,20241220,6298,3149,14723,1,44,0,0,28,12356,1,0,1,0,61,7,0,1,31
37,34,290784,1,1,20190621,20191115,20220516,20240621,0,4846,24438,1,33,1,2,34,14182,0,0,1,2,21,9,0,1,34
125,37,418789,7,0,20190426,20200320,20220601,20240426,6979,6979,28836,1,26,0,0,36,15446,0,0,2,0,47,8,0,1,38
53,44,318331,0,0,20180817,20190920,20220602,20230817,0,5305,27617,1,26,0,0,44,18651,1,0,0,0,57,9,0,1,44
58,52,349730,6,1,20180119,20190315,20220513,20230119,11656,5828,27570,1,40,0,0,50,22345,1,0,2,3,60,8,1,1,54
5,20,148776,7,1,20200821,20210326,20220601,20250821,2479,2479,12158,1,59,0,0,19,8103,1,1,2,2,31,9,0,1,21
23,45,262858,0,0,20180420,20190426,20220525,20230420,17520,4380,19753,0,25,0,0,41,19340,1,0,0,3,53,9,1,1,47
85,15,105511,1,1,20210219,20210528,20220601,20260219,1758,2000,10430,1,43,1,2,14,5995,0,0,1,5,14,8,0,1,16
97,17,93805,5,0,20160715,20170721,20171108,20210715,7815,2000,9945,0,29,0,0,12,8313,0,0,2,3,53,7,1,1,22
46,22,166283,0,1,20170120,20170818,20181027,20220120,24939,2771,13597,0,42,0,0,13,10340,1,0,0,0,30,9,1,1,27
50,60,366544,5,0,20170421,20180119,20220316,20220421,12218,6109,26914,1,41,0,0,58,26170,0,0,2,3,39,9,0,1,62
5,18,132415,5,1,20161216,20171215,20180426,20211216,11030,2206,11504,0,23,0,0,13,8595,0,0,2,3,52,8,0,1,21
47,32,242250,6,0,20170421,20170421,20191104,20220421,20185,4037,17277,0,28,1,2,27,14629,0,0,2,2,0,8,0,1,34
50,36,250447,1,1,20190621,20191220,20220603,20240621,8348,4174,22398,1,27,0,0,34,15004,0,0,1,2,26,7,1,1,37
97,60,237366,0,0,20160617,20180216,20210504,20210617,35604,3956,21290,0,57,0,0,51,27229,0,1,0,3,87,9,0,1,63
5,41,483779,6,0,20171117,20190118,20210301,20221117,0,8062,45979,1,45,0,0,41,18057,1,0,2,3,61,9,0,1,41
106,43,306920,7,0,20180921,20200117,20220516,20230921,10230,5115,23969,1,29,0,0,41,18195,1,0,2,2,69,9,1,1,45
58,38,293131,1,1,20190315,20190315,20220525,20240315,9770,4885,26907,1,52,1,2,36,15954,0,0,1,2,0,8,0,1,40
42,38,275227,7,1,20190315,20191018,20220602,20240315,9174,4587,23322,1,37,0,0,36,15954,0,0,2,2,31,8,0,1,40
50,51,395674,0,0,20160219,20170120,20200320,20210219,0,6594,20880,1,36,0,0,51,23903,0,0,0,3,48,8,0,1,51
38,48,324649,0,1,20180518,20190517,20220601,20230518,5410,5410,23271,1,43,0,0,47,20494,1,0,0,2,52,7,0,1,49
68,50,588727,6,0,20171117,20171117,20211214,20221117,19624,9812,64684,1,53,1,2,48,21660,0,0,2,4,0,9,0,1,52
68,60,459314,0,0,20160715,20180518,20210802,20210715,0,7655,33033,1,41,0,0,60,27926,0,0,0,3,96,9,0,1,60
58,60,385269,5,0,20161216,20171020,20220531,20211216,0,6421,34729,1,25,0,0,60,29005,0,0,2,2,44,8,1,1,60
62,29,187905,0,1,20191115,20200717,20220502,20241115,0,3131,13820,1,47,0,0,29,11977,0,0,0,2,35,9,0,1,29
58,9,66894,1,0,20160219,20160318,20160901,20210219,6684,2000,6678,0,47,1,2,3,4596,1,0,1,3,4,7,0,1,15
58,54,335604,6,0,20171117,20181116,20220506,20221117,0,5593,24688,1,30,0,0,54,23193,0,0,2,3,52,9,0,1,54
69,60,409767,0,0,20170519,20180216,20220402,20220519,13658,6829,33699,1,61,0,0,58,26066,0,1,0,3,39,9,0,1,61
29,44,281395,1,1,20180921,20201218,20220602,20230921,9378,4689,25189,1,44,0,0,42,18574,0,0,1,3,117,8,0,1,45
111,38,433635,6,0,20171215,20180216,20201215,20221215,28908,7227,47612,0,51,1,2,34,16819,0,0,2,0,9,8,0,1,39
50,30,110924,1,1,20190118,20190315,20210511,20240118,18480,2000,11338,0,62,1,2,20,12901,0,1,1,0,8,9,0,1,35
97,59,415843,6,0,20170616,20190426,20220429,20220616,13860,6930,31528,1,48,0,0,57,25583,0,0,2,0,97,9,0,1,61
115,60,239273,5,0,20160715,20171020,20220516,20210715,0,3987,26135,1,26,0,0,60,31170,0,0,2,0,66,7,1,1,60
80,50,241446,6,0,20180316,20190118,20220601,20230316,0,4024,20987,1,43,0,0,50,21416,0,0,2,4,44,9,1,1,50
85,57,263544,1,0,20160219,20161118,20210219,20210219,26352,4392,23588,0,50,1,2,51,28559,0,0,1,3,39,7,0,1,59
15,57,234454,0,0,20160219,20170217,20200921,20210219,15628,3907,16686,0,24,0,0,53,26471,1,0,0,0,52,8,0,1,59
85,21,122861,7,1,20200918,20210528,20220601,20250918,0,2047,12875,1,27,0,0,21,8482,1,0,2,2,36,8,0,1,21
117,59,316273,0,0,20170616,20180720,20220531,20220616,10542,5271,16683,1,40,0,0,57,25687,0,0,0,0,57,8,0,1,61
95,44,335251,0,0,20171117,20190215,20210609,20221117,11174,5587,35528,1,30,0,0,42,19277,0,0,0,0,65,6,0,1,46
18,60,334522,0,0,20170616,20180817,20220603,20220616,11150,5575,37483,1,24,0,0,58,26066,0,0,0,0,61,9,0,1,61
46,58,325418,1,0,20170616,20180921,20220530,20220616,0,5423,17030,1,55,0,0,58,25204,0,1,1,2,66,9,0,1,58
28,28,146096,1,1,20191220,20200918,20220411,20241220,0,2434,14587,1,28,0,0,28,11542,1,0,1,0,39,9,0,1,28
4,33,144896,1,1,20190816,20190920,20220527,20240816,0,2414,14870,1,28,1,2,33,13738,0,0,1,5,5,8,1,1,33
52,41,239108,7,0,20181221,20191018,20220602,20231221,3985,3985,25776,1,49,0,0,40,17221,1,0,2,0,43,9,0,1,42
45,17,89029,1,1,20201218,20211227,20220603,20251218,1483,2000,9676,1,45,1,2,16,6793,1,0,1,2,53.4285714285714,9,0,1,18
53,54,474261,0,0,20170616,20180316,20211022,20220616,15808,7904,25597,1,55,0,0,52,23752,1,1,0,0,39,8,0,1,56
69,60,417341,5,0,20160219,20160819,20210416,20210219,13910,6955,45817,1,54,0,1,58,28865,1,0,2,3,26,9,0,1,61
50,60,317773,0,0,20160219,20161216,20210921,20210219,5296,5296,36149,1,35,0,0,59,31394,1,0,0,3,43,8,0,1,61
58,53,323253,5,0,20171117,20180420,20220228,20221117,43096,5387,31309,0,50,0,1,45,22906,0,0,2,0,22,8,1,1,55
62,20,110304,1,1,20201016,20210528,20220603,20251016,1838,2000,9700,1,54,1,2,19,8058,1,0,1,0,32,8,0,1,21
53,56,397955,6,0,20160219,20160219,20200803,20210219,6632,6632,38396,1,52,1,2,55,26047,1,0,2,3,0,9,0,1,57
101,42,232497,0,0,20181221,20200417,20220601,20231221,7748,3874,16288,1,37,0,0,40,17669,1,0,0,2,69,6,0,1,44
40,58,329709,5,0,20160219,20170217,20201001,20210219,10990,5495,28185,1,29,0,0,56,26892,0,0,2,5,52,7,0,1,60
117,28,222976,7,1,20190118,20190816,20210329,20240118,29728,3716,15987,0,31,0,0,20,12086,0,0,2,2,30,8,0,1,30
76,56,357011,1,0,20170616,20180216,20220121,20220616,11900,5950,30024,1,26,1,2,54,24438,0,0,1,3,35,9,0,1,58
97,27,168861,0,1,20180817,20190517,20201002,20230817,28140,2814,10424,0,49,0,0,17,11817,0,0,0,2,39,8,0,1,30
23,41,196330,1,0,20180817,20190719,20211229,20230817,3272,3272,16876,1,30,0,0,40,17497,0,0,1,2,48,9,0,1,42
85,41,256428,7,1,20181221,20190816,20220603,20231221,4273,4273,19266,1,34,0,0,40,17221,0,0,2,2,34,9,1,1,42
50,54,301348,0,1,20171117,20180720,20220513,20221117,0,5022,28097,1,38,0,0,54,23193,0,0,0,2,35,9,0,1,54
45,45,202498,1,1,20180615,20180720,20220602,20230615,3374,3374,16399,1,39,1,2,44,19266,1,0,1,0,5,8,0,1,46
97,54,276602,1,0,20171020,20190118,20220601,20221020,0,4610,22903,1,47,0,0,54,23383,0,0,1,3,65,8,0,1,54
97,59,338933,0,0,20170616,20180921,20220401,20220616,11296,5648,25192,1,63,0,0,57,25583,0,1,0,4,66,9,0,1,60
58,34,167427,0,1,20190816,20200515,20220602,20240816,5580,2790,13865,1,56,0,0,32,14117,0,1,0,4,39,8,0,1,35
68,48,333171,6,0,20180615,20180615,20220601,20230615,11104,5552,32445,1,34,1,2,46,20411,0,0,2,2,0,9,1,1,50
97,48,300227,0,1,20180615,20190315,20220510,20230615,0,5003,30789,1,40,0,0,48,20411,1,0,0,2,39,8,0,1,48
96,59,362961,0,0,20170616,20180720,20220603,20220616,6049,6049,26461,1,26,0,0,58,25583,0,0,0,3,57,8,1,1,60
50,49,251615,6,0,20180316,20180921,20220503,20230316,4193,4193,17362,1,44,0,1,48,20954,1,0,2,0,27,9,0,1,50
62,11,70034,0,1,20190315,20191018,20200121,20240315,5835,2000,4882,0,40,0,0,6,4831,0,0,0,3,31,9,0,1,12
11,58,245959,0,0,20160219,20161216,20210614,20210219,4099,4099,26828,1,35,0,0,57,28969,0,0,0,5,43,9,0,1,59
53,16,75614,1,1,20210219,20211015,20220601,20260219,2520,2000,6865,1,35,0,0,14,6374,1,0,1,0,34,8,0,1,17
97,43,218496,6,0,20171117,20181019,20210517,20221117,21846,3641,24802,0,27,0,0,37,18872,1,0,2,0,48,8,0,1,45
62,28,177518,7,1,20190315,20191115,20210617,20240315,26622,2958,12503,0,40,0,0,19,11974,0,0,2,3,35,9,0,1,37
23,34,165819,1,1,20190816,20200417,20220602,20240816,2763,2763,12352,1,50,0,0,33,14117,0,0,1,2,35,8,0,1,35
126,30,150900,1,1,20191220,20201120,20220518,20241220,2515,2515,8257,1,37,0,0,29,12356,1,0,1,3,48,8,0,1,31
97,47,243645,1,0,20180420,20181019,20220412,20230420,8120,4060,24463,1,64,1,2,45,20113,0,1,1,3,26,9,0,1,48
53,16,101024,1,0,20160219,20160415,20170503,20210219,11781,2000,11307,0,35,1,2,9,8010,1,0,1,0,8,9,0,1,18
5,41,265496,1,0,20181221,20190621,20220503,20231221,8848,4424,18591,1,55,1,2,39,17221,1,1,1,0,26,8,0,1,42
97,53,357578,6,0,20171215,20190215,20220509,20221215,5959,5959,21887,1,52,0,0,52,22814,0,0,2,3,61,7,0,1,54
62,21,111050,7,1,20200918,20210716,20220519,20250918,11100,2000,6608,0,23,0,0,15,8482,0,0,2,2,43,8,0,1,23
28,60,310886,0,0,20170616,20180216,20220502,20220616,5181,5181,22656,1,40,0,0,59,26549,1,0,0,0,35,8,0,1,61
50,40,289599,1,0,20190118,20190426,20220531,20240118,0,4826,22420,1,43,1,2,40,16842,0,0,1,2,14,8,0,1,40
97,54,234805,0,0,20171215,20180720,20220603,20221215,3913,3913,15570,1,62,0,0,53,23193,0,1,0,3,31,8,0,1,55
68,60,525140,5,1,20170120,20170915,20211201,20220120,8752,8752,53401,1,41,0,0,59,26973,0,0,2,3,34,9,1,1,61
50,39,242206,6,0,20170120,20170217,20200318,20220120,40360,4036,17669,0,45,1,2,29,17807,0,0,2,3,4,9,0,1,41
50,58,289792,0,0,20170616,20180817,20220601,20220616,4829,4829,21719,1,37,0,0,57,25204,0,0,0,3,61,8,0,1,59
23,56,338150,0,1,20171020,20180720,20220602,20221020,11270,5635,33013,1,40,0,0,54,24143,0,0,0,0,39,8,1,1,58
35,57,280860,0,0,20170120,20171020,20210831,20220120,4681,4681,29905,1,31,0,0,56,25395,1,0,0,0,39,8,1,1,58
69,17,118136,1,1,20201218,20210924,20220601,20251218,0,2000,13057,1,54,0,0,17,6793,0,0,1,2,40,8,1,1,17
126,28,131948,1,0,20200221,20201218,20220602,20250221,4398,2199,14436,1,25,1,2,26,11489,0,0,1,0,43,8,0,1,30
9,34,148089,1,0,20190920,20200821,20220603,20240920,2468,2468,14429,1,31,0,0,33,14117,0,0,1,2,48,8,1,1,35
69,58,395869,1,1,20170616,20180119,20220420,20220616,13194,6597,30248,1,37,1,2,56,25204,0,0,1,2,31,9,0,1,60
28,31,144405,1,0,20191220,20210122,20220503,20241220,0,2406,12777,1,35,0,0,31,12794,0,0,1,0,57,8,0,1,31
35,19,89831,7,1,20201016,20210618,20220510,20251016,2994,2000,9056,1,32,0,0,17,7679,1,0,2,2,35,8,0,1,21
50,53,292057,6,0,20171215,20181221,20220502,20221215,4867,4867,24443,1,43,0,0,52,22724,0,0,2,3,53,8,0,1,54
28,24,132560,7,1,20200619,20210326,20220602,20250619,4418,2209,8234,1,56,0,0,22,9769,1,1,2,2,40,8,0,1,25
60,50,229287,0,1,20180316,20181019,20220521,20230316,0,3821,22869,1,41,0,0,50,21416,1,0,0,3,31,8,0,1,50
97,18,165507,1,1,20201120,20210924,20220512,20251120,0,2758,11966,1,27,1,2,18,7256,0,0,1,2,44,8,0,1,18
97,60,392535,0,0,20160318,20170317,20210524,20210318,13084,6542,32070,1,34,0,0,58,29272,0,0,0,3,52,8,1,1,61
32,30,181692,0,0,20191220,20201218,20220603,20241220,6056,3028,16838,1,37,0,0,28,12356,0,0,0,2,52,8,0,1,31
58,55,709199,6,0,20170519,20170818,20211214,20220519,23638,11819,67314,1,43,1,2,53,24143,0,0,2,4,13,8,0,1,56
97,15,152810,5,0,20160318,20160318,20170406,20210318,15276,2546,16187,0,41,1,2,9,7526,1,0,2,0,0,7,1,1,16
28,56,321200,0,0,20171020,20180817,20220603,20221020,5353,5353,22250,1,33,0,0,55,24143,1,0,0,0,43,8,0,1,57
2,53,424083,6,1,20171215,20181221,20220522,20221215,14136,7068,46863,1,28,0,0,51,22814,0,0,2,0,53,8,0,1,55
91,60,282700,1,0,20161021,20200619,20220503,20211021,4711,4711,27942,1,39,0,0,59,29509,0,0,1,3,191,8,0,1,61
50,57,282635,6,0,20170915,20181019,20220516,20220915,4710,4710,29631,1,25,0,0,56,24621,0,0,2,4,57,7,0,1,58
111,54,571496,6,1,20171215,20180921,20220602,20221215,0,9524,50265,1,38,0,0,54,23193,1,0,2,2,40,8,0,1,54
97,56,325222,0,0,20170915,20180817,20220525,20220915,0,5420,29697,1,64,0,0,56,24242,0,1,0,2,48,8,0,1,56
97,16,144247,7,1,20210122,20211015,20220516,20260122,0,2404,10396,1,23,0,0,16,6414,1,0,2,2,38,8,0,1,16
69,42,391199,1,0,20181221,20190816,20220601,20231221,6519,6519,39941,1,58,1,2,41,17669,0,1,1,0,34,7,1,1,43
72,30,189260,0,1,20191220,20200717,20220601,20241220,0,3154,21365,1,38,0,0,30,12356,0,0,0,2,30,8,0,1,30
97,59,349157,0,0,20160318,20170120,20211025,20210318,5819,5819,20709,1,37,0,0,58,31278,0,0,0,0,44,8,0,1,60
97,49,313880,6,0,20180518,20190315,20220506,20230518,0,5231,29075,1,27,0,0,49,20873,1,0,2,3,43,8,0,1,49
10,57,434400,0,0,20170915,20181019,20220531,20220915,14480,7240,42385,1,52,0,0,55,24621,1,0,0,3,57,8,0,1,59
50,44,332347,6,0,20180817,20190215,20220509,20230817,0,5539,17408,1,34,0,1,44,18651,1,0,2,2,26,8,0,1,44
28,27,232874,0,0,20160318,20170217,20180424,20210318,31048,3881,15842,0,23,0,0,19,13182,1,0,0,0,48,8,0,1,33
50,56,383989,0,0,20171020,20180817,20220509,20221020,6399,6399,29867,1,25,0,0,55,24143,1,0,0,0,43,9,0,1,57
91,44,324153,0,0,20160318,20170217,20190924,20210318,48618,5402,28229,0,39,0,0,35,20799,0,0,0,0,48,7,0,1,53
63,45,301600,7,0,20180921,20190816,20220512,20230921,0,5026,21731,1,42,0,0,45,19109,0,0,2,3,47,7,0,1,45
117,35,108359,0,0,20161118,20170915,20190925,20211118,12635,2000,11204,0,28,0,0,28,16212,0,0,0,0,43,9,0,1,36
50,59,357284,0,0,20170519,20180316,20220330,20220519,0,5954,29559,1,44,0,0,59,25687,0,0,0,4,43,7,0,1,59
45,57,410301,1,0,20170915,20180720,20220601,20220915,6838,6838,30039,1,56,0,0,56,24621,0,1,1,0,44,8,0,1,58
85,18,169731,7,1,20200918,20210528,20220520,20250918,5656,2828,11596,1,31,0,0,16,7298,0,0,2,2,36,9,0,1,20
23,26,170893,1,1,20200320,20201016,20220602,20250320,2848,2848,9391,1,51,0,0,25,10630,0,0,1,3,30,9,1,1,27
97,54,396587,1,0,20171117,20181019,20220602,20221117,6609,6609,27269,1,50,0,0,53,23193,1,0,1,0,48,9,0,1,55
52,32,193023,1,0,20191018,20201120,20220516,20241018,0,3217,15843,1,22,0,0,32,13234,0,0,1,3,57,8,1,1,32
51,59,365316,5,0,20160715,20170616,20220308,20210715,0,6088,26151,1,71,0,0,59,31170,0,1,2,0,48,7,0,0,59
50,60,310186,1,0,20160318,20161216,20220408,20210318,10338,5169,19981,1,38,0,0,58,30482,0,0,1,3,39,8,0,1,61
117,29,220074,0,0,20200117,20200221,20220601,20250117,7334,3667,22908,1,51,1,0,27,11921,1,0,0,0,5,8,0,1,31
30,60,561443,5,0,20160318,20160318,20210317,20210318,18714,9357,61567,1,40,0,2,58,28457,1,0,2,4,0,8,0,1,61
25,38,262819,7,1,20190315,20191018,20220506,20240315,8760,4380,27160,1,47,0,0,36,15889,1,0,2,0,31,9,0,1,40
10,44,337726,1,1,20180921,20181116,20220516,20230921,0,5628,29499,1,29,1,2,44,18651,1,0,1,2,8,8,0,1,44
45,59,405439,0,0,20160318,20170217,20210106,20210318,6757,6757,41593,1,58,0,0,58,27219,0,1,0,3,48,8,0,1,60
45,42,290378,7,1,20181019,20190719,20220602,20231019,9678,4839,20462,1,42,0,0,40,17741,0,0,2,2,39,7,0,1,44
97,44,367756,0,0,20160318,20170616,20190913,20210318,6129,6129,35867,1,39,0,0,43,20799,0,0,0,0,65,8,0,1,45
62,15,110950,7,1,20210219,20211119,20220506,20260219,0,2000,9602,1,31,0,0,15,5995,1,0,2,2,39,8,0,1,15
58,39,323975,7,1,20190315,20191115,20220603,20240315,0,5399,26643,1,39,0,0,39,16333,0,0,2,3,35,8,0,1,39
50,51,385392,1,0,20180119,20180420,20220221,20230119,0,6423,28170,1,30,1,2,51,21964,0,0,1,2,13,8,1,1,51
69,49,355608,6,0,20180420,20181116,20220603,20230420,11852,5926,26140,1,71,0,1,47,20873,1,1,2,3,30,8,0,1,51
68,41,316859,1,0,20190118,20191115,20220601,20240118,5280,5280,22024,1,55,0,0,40,17221,0,0,1,3,43,8,0,1,42
97,50,292362,0,0,20160318,20170519,20200331,20210318,38976,4872,28374,0,48,0,0,42,23391,0,0,0,3,61,6,0,1,57
50,54,420154,0,0,20171117,20181019,20220531,20221117,7002,7002,38176,1,36,0,0,53,23287,0,0,0,0,48,8,0,1,55
102,34,255231,7,1,20190816,20200221,20220602,20240816,4253,4253,26088,1,34,0,0,33,14117,0,0,2,2,27,8,0,1,35
5,28,211450,1,0,20200117,20210122,20220504,20250117,7048,3524,17863,1,34,0,0,26,11542,0,0,1,0,53,8,0,1,30
97,45,418055,7,0,20180817,20190816,20220602,20230817,13934,6967,37568,1,53,0,0,43,19030,1,0,2,0,52,7,0,1,46
62,15,107666,1,1,20210319,20211015,20220602,20260319,0,2000,9451,1,49,0,0,15,5959,0,0,1,2,30,8,0,1,15
50,60,200593,0,0,20160318,20181116,20210927,20210318,20058,3343,22710,0,33,0,0,54,30881,1,0,0,0,139,8,0,1,66
58,28,460026,6,0,20170519,20170519,20190801,20220519,38335,7667,51281,0,43,1,2,23,12833,0,0,2,0,0,9,1,1,30
50,44,293126,6,1,20180921,20190517,20220602,20230921,0,4885,15627,1,33,0,0,44,18574,1,0,2,2,34,9,0,1,44
58,51,398670,1,1,20180316,20190426,20220507,20230316,0,6644,25523,1,39,0,0,51,21795,0,0,1,0,58,6,0,1,51
97,60,454941,5,0,20161216,20180119,20220301,20211216,0,7582,39674,1,46,0,0,60,28626,1,0,2,3,57,8,1,1,60
97,30,209049,7,1,20181019,20190621,20210312,20231019,27872,3484,21823,0,33,0,0,22,12985,0,0,2,2,35,9,0,1,34
5,17,156120,1,1,20210122,20210820,20220601,20260122,2602,2602,11882,1,27,0,0,16,6793,1,0,1,2,30,8,1,1,18
50,16,114458,1,1,20210122,20220120,20220603,20260122,0,2000,8532,1,40,0,0,16,6374,0,0,1,2,51.8571428571429,7,0,1,16
52,30,203574,1,1,20191220,20201218,20220601,20241220,6784,3392,16960,1,56,0,0,28,12356,0,1,1,2,52,8,0,1,31
113,50,324905,0,0,20170519,20180316,20210513,20220519,37905,5415,17103,0,53,0,0,43,22229,0,0,0,3,43,9,0,1,53
58,20,170436,1,1,20200918,20210618,20220603,20250918,2840,2840,10077,1,42,0,0,19,8058,0,0,1,2,39,9,0,1,21
58,45,390034,5,0,20160715,20160715,20200304,20210715,6500,6500,35350,1,33,1,2,44,20835,0,0,2,0,0,9,0,1,46
50,24,133654,0,1,20191220,20201218,20211012,20241220,8908,2227,12765,0,52,0,0,20,10041,1,0,0,3,52,6,0,1,28
48,29,195283,0,1,20200117,20201218,20220601,20250117,0,3254,21050,1,45,0,0,29,11921,0,0,0,2,48,8,0,1,29
97,15,145404,6,0,20180420,20180518,20190628,20230420,19384,2423,12756,0,51,1,2,7,6756,1,0,2,3,4,3,0,1,22
97,49,378050,6,0,20180420,20180420,20220509,20230420,12600,6300,38134,1,28,1,2,47,20873,1,0,2,0,0,8,1,1,51
85,25,186263,1,0,20160318,20170317,20180328,20210318,27936,3104,18707,0,45,0,0,16,12210,0,0,1,0,52,7,0,1,32
116,60,382343,0,1,20161216,20170818,20220517,20211216,12744,6372,33281,1,29,0,0,58,28626,1,0,0,0,35,8,0,1,61
97,38,223139,0,1,20161216,20170915,20191223,20211216,37180,3718,25458,0,34,0,0,28,17517,0,0,0,5,39,8,0,1,46
107,38,246491,7,0,20190315,20200117,20220601,20240315,8216,4108,20446,1,32,0,0,36,15889,0,0,2,2,44,9,0,1,39
11,31,329461,7,0,20190920,20190920,20220516,20240920,0,5491,23474,1,32,1,2,31,12855,0,0,2,2,0,9,0,1,31
91,29,235407,1,0,20191115,20191220,20220531,20241115,3923,3923,23753,1,31,1,2,28,11977,0,0,1,3,5,9,0,1,30
106,33,137359,1,0,20190816,20200918,20220427,20240816,4578,2289,12682,1,22,0,0,31,13738,0,0,1,0,57,8,0,1,34
52,55,271002,0,0,20171117,20181019,20220601,20221117,0,4516,24642,1,28,0,0,55,23666,0,0,0,0,48,8,0,1,55
117,44,221760,7,0,20180817,20190816,20220520,20230817,7392,3696,14683,1,27,0,0,42,18651,0,0,2,0,52,8,0,1,45
93,33,172235,1,1,20190816,20200417,20220601,20240816,5740,2870,13758,1,29,0,0,31,13738,0,0,1,2,35,7,1,1,34
11,60,330315,0,0,20160318,20170217,20220107,20210318,0,5505,36769,1,38,0,0,60,32448,0,0,0,3,48,9,1,1,60
63,34,143804,0,0,20190816,20200717,20220602,20240816,0,2396,9885,1,22,0,0,34,14117,0,0,0,2,48,8,0,1,34
96,59,276913,0,0,20170616,20181019,20220513,20220616,4615,4615,18504,1,45,0,0,58,25583,1,0,0,0,70,9,0,1,60
117,58,310906,0,0,20160318,20170120,20201110,20210318,10362,5181,24854,1,27,0,0,56,26800,0,0,0,0,44,9,0,1,59
85,37,189696,7,1,20190315,20200117,20220511,20240315,3161,3161,11969,1,25,0,0,36,15510,1,0,2,2,44,9,0,1,38
117,60,274617,5,0,20160715,20170721,20220501,20210715,4576,4576,18641,1,32,0,0,59,30789,0,0,2,3,53,8,0,1,61
126,58,372380,0,0,20170217,20180316,20211125,20220217,6206,6206,30727,1,52,0,0,57,25596,0,0,0,3,56,8,0,1,59
62,39,215248,1,0,20190118,20190215,20220428,20240118,35870,3587,25108,0,22,1,2,29,16461,0,0,1,2,4,7,0,1,46
112,24,134160,1,1,20200619,20210219,20220503,20250619,2236,2236,12420,1,44,0,0,23,9769,0,0,1,2,35,8,0,1,25
103,40,153380,0,0,20160318,20170915,20190514,20210318,12780,2556,14716,0,53,0,0,35,19032,0,0,0,0,78,9,0,1,42
123,59,327662,0,0,20170616,20180518,20220520,20220616,5461,5461,25861,1,37,0,0,58,25687,0,0,0,0,48,8,1,1,60
18,34,160804,1,0,20190816,20191220,20220504,20240816,2680,2680,11475,1,27,1,2,33,14117,0,0,1,0,18,7,0,1,35
50,30,165515,0,1,20191220,20200918,20220603,20241220,2758,2758,14087,1,40,0,0,29,12356,0,0,0,2,39,8,0,1,31
126,60,453330,0,0,20160318,20170721,20210406,20210318,0,7555,38837,1,43,0,0,60,29891,0,0,0,3,70,7,0,1,60
85,56,335209,0,0,20170915,20180720,20220509,20220915,11172,5586,25500,1,29,0,0,54,24242,0,0,0,0,44,8,1,1,58
69,54,276261,6,0,20171117,20181019,20220603,20221117,9208,4604,26214,1,59,0,0,52,23193,1,1,2,0,48,9,1,1,55
50,46,236478,0,0,20180615,20190426,20220520,20230615,0,3941,23077,1,46,0,0,46,19570,1,0,0,2,45,9,0,1,46
62,51,346431,0,1,20180119,20180817,20220516,20230119,5773,5773,30008,1,45,0,0,50,21879,1,0,0,2,30,9,0,1,52
69,30,140859,0,0,20160318,20170421,20180716,20210318,9388,2347,11460,0,53,0,0,26,14563,0,0,0,0,57,8,0,1,31
22,59,293796,0,0,20170616,20180316,20220503,20220616,9792,4896,27218,1,34,0,0,57,25583,1,0,0,0,39,9,0,1,61
20,44,301939,0,1,20180817,20190621,20220601,20230817,5032,5032,21653,1,55,0,0,43,18651,0,0,0,0,44,8,0,1,45
28,47,398213,5,0,20170120,20170217,20201001,20220120,13272,6636,38594,1,34,0,2,45,21292,0,0,2,3,4,8,0,1,49
5,57,311254,6,0,20170915,20180921,20220513,20220915,5187,5187,29136,1,33,0,0,56,24621,1,0,2,0,53,8,0,1,58
121,47,219573,0,1,20180316,20181116,20211220,20230316,7318,3659,21817,1,43,0,0,45,20262,1,0,0,3,35,8,0,1,48
62,53,282072,0,0,20171117,20181221,20220516,20221117,4701,4701,27535,1,26,0,0,52,22814,0,0,0,2,57,9,0,1,54
77,48,250565,0,0,20160318,20170120,20200121,20210318,41760,4176,26312,0,28,0,0,38,22534,0,0,0,3,44,8,0,1,52
69,23,114076,0,1,20200221,20201218,20220413,20250221,7604,2000,8332,0,69,0,0,19,9566,0,1,0,4,43,8,0,1,27
121,16,76933,1,1,20201218,20210820,20220509,20251218,0,2000,6963,1,36,0,0,16,6414,0,0,1,2,35,9,0,1,16
126,39,181813,0,0,20170616,20180518,20200831,20220616,18180,3030,18511,0,23,0,0,33,17526,0,0,0,0,48,9,0,1,45
125,60,281055,0,0,20160318,20170217,20220517,20210318,4684,4684,20004,1,37,0,0,59,32448,0,0,0,0,48,8,0,1,61
84,53,282186,1,1,20180119,20180420,20220601,20230119,0,4703,27294,1,26,1,2,53,22724,0,0,1,2,13,7,0,1,53
52,33,154317,1,1,20190920,20210122,20220506,20240920,5142,2571,12905,1,54,0,0,31,13676,0,0,1,0,70,7,1,1,34
50,25,140579,7,0,20200417,20210326,20220601,20250417,2342,2342,14615,1,32,0,0,24,10202,0,0,2,2,49,9,0,1,26
62,43,519426,1,1,20180119,20180720,20210621,20230119,8657,8657,35165,1,49,1,2,42,18809,1,0,1,3,26,8,0,1,44
106,50,333795,0,0,20160318,20170421,20200306,20210318,11126,5563,34869,1,29,0,0,48,23391,1,0,0,3,57,8,1,1,51
117,51,228198,0,0,20180316,20181019,20220506,20230316,3803,3803,21840,1,27,0,0,50,21795,0,0,0,2,31,8,0,1,52
20,60,260166,5,0,20160318,20170317,20210525,20210318,4336,4336,19137,1,27,0,0,59,29272,1,0,2,0,52,8,0,1,61
15,41,209344,7,0,20181221,20191115,20220405,20231221,6978,3489,16308,1,49,0,0,39,17221,1,0,2,0,47,9,0,1,43
35,60,374193,0,0,20170120,20171020,20211101,20220120,56124,6236,22575,0,33,0,0,51,26582,0,0,0,3,39,8,1,1,64
121,42,193442,0,0,20180921,20190920,20220601,20230921,3224,3224,12932,1,32,0,0,41,17814,0,0,0,0,52,9,1,1,43
18,58,292327,6,0,20170616,20190315,20220531,20220616,4872,4872,22488,1,44,0,0,57,25204,1,0,2,0,91,8,0,1,59
23,60,343294,5,0,20170120,20180119,20220516,20220120,11442,5721,27185,1,23,0,0,58,28127,0,0,2,3,52,8,0,1,61
28,25,132204,1,1,20200221,20201218,20220103,20250221,4406,2203,13260,1,19,0,0,23,10344,0,0,1,0,43,8,0,1,27
50,59,348704,1,0,20170616,20180216,20220602,20220616,0,5811,29148,1,47,1,2,59,25583,0,0,1,0,35,8,0,1,59
1,48,280063,0,0,20160318,20170421,20211013,20210318,37336,4667,21205,0,43,0,0,40,31278,1,0,0,0,57,8,0,1,54
107,37,184375,1,0,20190315,20190719,20220428,20240315,0,3072,11853,1,27,1,2,37,15510,0,0,1,3,18,8,0,1,37
5,38,185631,0,0,20170120,20171215,20200205,20220120,15465,3093,15310,0,26,0,0,33,17378,1,0,0,3,47,9,0,1,39
62,31,168785,1,1,20191115,20200821,20220602,20241115,5626,2813,11921,1,55,0,0,29,12794,1,1,1,2,40,6,0,1,32
52,41,221680,0,0,20181116,20200117,20220509,20231116,3694,3694,22368,1,28,0,0,40,17290,1,0,0,0,61,7,0,1,42
85,33,187840,7,1,20190816,20200320,20220510,20240816,0,3130,17823,1,31,0,0,33,13738,0,0,2,0,31,8,0,1,33
97,60,276714,0,0,20170120,20180216,20220518,20220120,4611,4611,24050,1,27,0,0,59,28127,0,0,0,3,56,8,0,1,61
106,18,95336,7,1,20201120,20210716,20220523,20251120,1588,2000,5515,1,34,0,0,17,7256,0,0,2,2,34,8,0,1,19
97,27,134621,0,0,20160318,20170120,20180402,20210318,11215,2243,9608,0,39,0,0,22,13182,0,0,0,3,44,8,0,1,30
97,32,281367,5,1,20170217,20171020,20190919,20220217,9378,4689,28570,1,36,0,0,30,14726,0,0,2,2,35,9,0,0,33
112,28,157735,1,0,20200117,20210618,20220602,20250117,2628,2628,12186,1,52,0,0,27,11489,0,0,1,4,74,9,0,1,29
76,37,230629,0,1,20190426,20191220,20220515,20240426,3843,3843,21029,1,34,0,0,36,15510,0,0,0,0,34,8,0,1,38
117,38,219816,7,0,20190315,20200221,20220602,20240315,3663,3663,13799,1,50,0,0,37,15889,0,0,2,3,49,9,0,1,39
103,20,94822,1,1,20200918,20210326,20220504,20250918,0,2000,6339,1,27,1,2,20,8103,1,0,1,2,27,8,0,1,20
5,44,218209,0,0,20180921,20190920,20220504,20230921,0,3636,12175,1,29,0,0,44,18574,1,0,0,0,52,8,0,1,44
126,30,142695,7,0,20191220,20210528,20220514,20241220,0,2378,14177,1,42,0,0,30,12356,0,0,2,0,75,6,0,1,30
76,32,183008,0,0,20191018,20200918,20220506,20241018,3050,3050,14000,1,31,0,0,31,13234,0,0,0,3,48,7,0,1,33
7,54,289033,6,0,20160318,20160415,20200710,20210318,9634,4817,20111,1,54,1,2,52,25110,0,0,2,1,4,7,0,0,56
69,33,183627,0,0,20190920,20200821,20220601,20240920,6120,3060,19513,1,51,0,0,31,13676,0,0,0,2,48,8,0,1,34
28,35,204284,7,1,20190315,20191220,20220117,20240315,27232,3404,14668,0,42,0,0,27,14744,1,0,2,3,40,8,0,1,40
117,44,254955,6,1,20180921,20190426,20220530,20230921,4249,4249,23521,1,54,0,0,43,18574,0,0,2,0,31,9,0,1,45
9,32,194103,5,0,20170120,20171117,20190713,20220120,12940,3235,17854,0,38,0,0,28,14830,0,0,2,0,43,8,0,1,33
69,34,152612,1,1,20190920,20200717,20220602,20240920,0,2543,15955,1,45,0,0,34,14117,1,0,1,0,43,8,0,1,34
97,49,292383,7,0,20180518,20190816,20220602,20230518,9746,4873,15607,1,60,0,0,47,20873,1,1,2,0,65,9,0,1,50
96,23,118711,5,0,20160415,20161118,20180126,20210415,9890,2000,11189,0,39,0,1,18,11288,0,0,2,0,31,9,0,1,26
23,52,327748,6,0,20180119,20190118,20220524,20230119,5462,5462,18272,1,38,0,0,51,22345,0,0,2,5,52,8,1,1,53
58,60,297886,0,0,20160415,20170421,20220311,20210415,0,4964,21467,1,36,0,0,60,32703,0,0,0,0,53,9,0,1,60
50,57,488654,0,0,20170915,20180518,20220603,20220915,0,8144,53744,1,56,0,0,57,24621,0,1,0,0,35,9,0,1,57
97,47,334985,5,0,20170616,20180420,20210419,20220616,11166,5583,22568,1,35,0,0,45,20855,0,0,2,3,44,7,0,1,48
53,46,472927,0,0,20160415,20170120,20210416,20210415,7882,7882,32774,1,50,0,0,45,28355,0,0,0,4,40,8,1,1,47
111,60,387507,1,1,20170519,20180518,20220513,20220519,12916,6458,41874,1,23,0,0,58,26170,0,0,1,4,52,9,0,1,62
85,38,225009,0,1,20180817,20190621,20210929,20230817,26250,3750,25843,0,44,0,0,31,16319,0,0,0,0,44,8,0,1,44
85,18,71656,1,1,20161118,20170616,20180409,20211118,9552,2000,7343,0,30,1,2,10,8595,0,0,1,5,30,9,0,1,26
50,46,321930,1,1,20180615,20190621,20220602,20230615,10730,5365,29251,1,24,1,2,44,19570,0,0,1,0,53,8,0,1,48
69,23,272196,5,0,20180119,20180216,20191101,20230119,27216,4536,22354,0,61,1,2,17,10338,0,1,2,0,4,9,0,1,29
35,60,309646,0,0,20160415,20181116,20210803,20210415,0,5160,26066,1,31,0,0,60,29972,1,0,0,3,135,8,0,1,60
106,51,552900,1,0,20170915,20201218,20211004,20220915,73720,9215,33196,0,45,0,0,43,22306,1,0,1,0,170,7,1,1,55
97,15,71741,0,0,20170915,20180720,20181101,20220915,7170,2000,4726,0,30,0,0,9,6922,0,0,0,3,44,9,0,1,18
28,26,123844,7,0,20200417,20210326,20220504,20250417,2064,2064,14412,1,46,0,0,25,10630,0,0,2,3,49,8,0,1,27
80,43,431842,6,0,20180921,20180921,20220524,20230921,0,7197,34899,1,62,1,2,43,18195,0,1,2,3,0,9,0,1,43
76,20,131389,7,1,20200918,20210618,20220601,20250918,0,2189,11238,1,28,0,0,20,8058,0,0,2,2,39,9,0,1,20
50,42,240538,5,0,20161118,20170915,20200305,20211118,40080,4008,20483,0,38,0,0,32,19308,0,0,2,0,43,7,0,1,49
97,56,386170,6,0,20171020,20190426,20220601,20221020,0,6436,37792,1,30,0,0,56,24143,1,0,2,3,79,7,1,1,56
28,43,392832,5,0,20160415,20171020,20190919,20210415,13094,6547,20583,1,30,0,0,41,20289,0,0,2,0,79,9,0,1,45
58,54,573536,0,1,20171117,20180921,20220514,20221117,0,9558,32753,1,28,0,0,54,23287,0,0,0,2,44,8,1,1,54
94,47,259023,1,0,20180615,20210924,20220602,20230615,8634,4317,13951,1,51,0,0,45,19949,0,0,1,0,171,8,0,1,49
47,52,409344,6,0,20171215,20181019,20220601,20221215,13644,6822,36626,1,33,0,0,50,22433,1,0,2,2,44,9,0,1,53
126,43,497771,7,0,20180921,20191220,20220511,20230921,16592,8296,37894,1,43,0,0,41,18195,0,0,2,3,65,9,0,1,45
51,50,572176,6,0,20180316,20190517,20220310,20230316,9536,9536,55157,1,34,0,0,49,21416,0,0,2,0,61,8,0,1,51
62,19,158972,0,1,20201120,20210618,20220602,20251120,0,2649,17725,1,30,0,0,19,7635,0,0,0,2,30,9,0,1,19
78,30,245425,0,0,20190315,20200221,20210728,20240315,20450,4090,20261,0,27,0,0,25,12820,0,0,0,2,49,8,0,1,33
97,51,290791,0,0,20180316,20190816,20220601,20230316,9692,4846,20675,1,24,0,0,49,21795,1,0,0,3,74,8,0,1,52
117,48,340851,0,0,20170519,20180615,20210415,20220519,45440,5680,28073,0,29,0,0,40,21339,0,0,0,3,56,9,0,1,52
50,39,432132,6,0,20170519,20170616,20200911,20220519,36010,7202,35676,0,39,1,2,34,17585,0,0,2,3,4,4,1,1,40
15,26,164880,5,0,20160415,20161216,20180402,20210415,21984,2748,9138,0,33,0,1,18,12672,0,0,2,3,35,8,1,1,30
50,29,192528,0,0,20170519,20180316,20190930,20220519,12832,3208,18488,0,42,0,0,25,13273,0,0,0,2,43,9,0,1,30
97,47,525833,6,0,20161216,20161216,20200923,20211216,17526,8763,39748,1,27,1,2,45,21371,0,0,2,0,0,9,0,1,48
58,16,117485,0,1,20210122,20210924,20220601,20260122,1958,2000,9789,1,41,0,0,15,6374,1,0,0,2,35,9,1,1,17
123,43,300620,7,1,20181019,20190719,20220503,20231019,5010,5010,21159,1,20,0,0,42,18120,0,0,2,2,39,9,1,1,44
97,44,344153,0,0,20180817,20190719,20220601,20230817,0,5735,33160,1,57,0,0,44,18651,1,1,0,1,48,9,0,1,44
97,30,222901,1,1,20191115,20200619,20220603,20241115,7430,3715,18508,1,36,0,0,28,12356,0,0,1,2,31,9,0,1,31
69,54,398211,0,1,20171117,20180720,20220601,20221117,0,6636,36337,1,62,0,0,54,23193,0,1,0,0,35,9,0,1,54
58,16,258091,6,0,20170519,20170519,20180814,20220519,21505,4301,20698,0,34,1,2,11,7493,0,0,2,3,0,6,0,1,18
77,59,402150,0,0,20170519,20180720,20220602,20220519,0,6702,38169,1,24,0,0,59,25687,0,0,0,4,61,7,0,1,59
85,39,296710,6,0,20180316,20190315,20210414,20230316,49450,4945,21951,0,26,0,0,29,17067,0,0,2,2,52,8,0,1,49
50,25,155573,0,0,20200515,20211119,20220602,20250515,5184,2592,14061,1,43,0,0,23,10202,0,0,0,0,79,7,0,1,27
68,38,255719,7,0,20190315,20200221,20220603,20240315,0,4261,23121,1,43,0,0,38,15889,0,0,2,2,49,9,0,1,38
32,12,75003,0,1,20180817,20190315,20190701,20230817,6250,2000,6214,0,46,0,0,7,5354,0,0,0,2,30,9,0,1,15
38,54,543546,6,1,20171117,20180921,20220503,20221117,18118,9059,48452,1,26,0,0,52,23193,0,0,2,0,44,9,0,1,55
69,20,115978,1,1,20200918,20210326,20220525,20250918,3864,2000,11783,1,25,1,2,18,8058,1,0,1,3,27,9,0,1,22
114,19,146654,7,1,20201120,20210924,20220514,20251120,4888,2444,13478,1,32,0,0,17,7635,0,0,2,3,44,8,0,1,21
18,34,272561,1,0,20190816,20200821,20220602,20240816,9084,4542,16969,1,50,0,0,32,14117,1,0,1,2,53,8,0,1,35
50,29,182449,1,0,20191220,20201120,20220504,20241220,0,3040,18086,1,33,0,0,29,11921,0,0,1,2,48,9,0,1,29
5,53,366409,6,0,20171215,20181221,20220602,20221215,12212,6106,39449,1,44,0,0,51,22814,0,0,2,0,53,8,0,1,55
97,60,316492,0,0,20160415,20190426,20220505,20210415,0,5274,18810,1,45,0,0,60,33082,0,0,0,3,158,8,0,1,60
58,53,433584,0,1,20171215,20180720,20220512,20221215,0,7226,33717,1,25,0,0,53,22814,0,0,0,2,31,8,0,0,53
97,48,366170,5,0,20171215,20171215,20220517,20221215,6102,6102,30582,1,46,1,2,47,20801,1,0,2,2,0,9,0,1,49
29,26,168863,1,0,20200417,20211227,20220531,20250417,5628,2814,14800,1,51,0,0,24,10630,0,0,1,3,88.4285714285714,8,0,1,28
50,59,413341,6,0,20161216,20161216,20211008,20211216,48223,6889,31704,0,39,1,2,52,26191,0,0,2,0,0,9,0,1,61
47,49,326781,1,0,20180420,20190426,20220602,20230420,10892,5446,28807,1,26,0,0,47,20873,0,0,1,0,53,8,0,1,50
32,33,203519,0,1,20170721,20180216,20200325,20220721,13564,3391,14203,0,21,0,0,29,14900,0,0,0,5,30,9,0,1,34
53,29,356324,7,0,20191220,20210716,20220602,20241220,5938,5938,23574,1,48,0,0,28,11921,1,0,2,0,82,9,0,1,30
63,48,684762,6,0,20180420,20180420,20220301,20230420,11412,11412,39033,1,75,1,2,47,20494,0,1,2,0,0,9,0,1,49
58,57,511575,5,0,20170721,20180316,20220408,20220721,0,8526,50796,1,51,0,1,57,24722,1,0,2,0,34,9,0,1,57
68,30,198333,7,0,20191220,20210820,20220601,20241220,6610,3305,15076,1,34,0,0,28,12356,0,0,2,2,87,8,0,1,32
69,30,299350,1,1,20191220,20210219,20220520,20241220,0,4989,34580,1,69,0,0,30,12356,0,1,1,2,61,7,0,1,30
80,54,370777,6,0,20171215,20190215,20220602,20221215,0,6179,25837,1,58,0,0,54,23193,1,1,2,0,61,8,0,1,54
97,44,299745,0,0,20180817,20190719,20220510,20230817,9990,4995,20662,1,43,0,0,42,18651,1,0,0,2,48,9,0,1,46
69,47,313261,7,0,20180615,20200117,20220601,20230615,0,5221,27596,1,66,0,0,47,19949,1,1,2,2,83,9,0,1,47
97,54,347966,5,0,20160415,20161118,20200929,20210415,11598,5799,23632,1,35,0,1,52,24939,0,0,2,3,31,9,0,1,55
58,42,316532,6,0,20180817,20180817,20211202,20230817,0,5275,23557,1,30,1,2,42,17955,1,0,2,2,0,8,0,1,42
50,58,359028,0,0,20160415,20170519,20201203,20210415,23932,5983,27846,0,55,0,0,54,26709,0,0,0,0,57,7,0,1,62
20,60,487738,0,0,20160415,20170519,20220418,20210415,16256,8128,40339,1,26,0,0,58,27947,0,0,0,0,57,8,0,1,61
97,43,562156,6,0,20180921,20180921,20220510,20230921,18738,9369,52072,1,40,1,2,41,18195,0,0,2,2,0,9,0,1,44
68,60,462658,0,0,20160415,20170818,20210409,20210415,7710,7710,31131,1,22,0,0,59,27437,0,0,0,0,70,9,0,1,61
45,60,519157,0,1,20161216,20170721,20220425,20211216,0,8652,47995,1,35,0,0,60,26582,0,0,0,2,31,9,0,1,60
23,34,241086,1,1,20190816,20200417,20220502,20240816,4018,4018,27988,1,33,0,0,33,14117,0,0,1,3,35,8,0,1,35
11,21,158941,1,1,20200821,20210528,20220602,20250821,0,2649,15081,1,30,0,0,21,8482,0,0,1,2,40,9,0,1,21
45,52,346669,0,0,20180119,20190215,20220504,20230119,5777,5777,30264,1,38,0,0,51,22258,1,0,0,0,56,9,0,1,53
62,21,144905,1,1,20200821,20210618,20220602,20250821,2415,2415,14884,1,33,1,2,20,8482,0,0,1,2,43,9,0,1,22
121,15,108880,7,1,20210319,20211119,20220603,20260319,0,2000,9789,1,28,0,0,15,5959,0,0,2,2,35,8,0,1,15
85,58,418026,0,1,20170721,20180216,20220601,20220721,0,6967,36577,1,24,0,0,58,25101,0,0,0,3,30,9,0,1,58
50,41,583511,0,0,20160415,20180615,20190716,20210415,19450,9725,64865,1,25,0,0,39,19407,0,0,0,3,113,6,1,1,43
85,37,241943,1,0,20190426,20200515,20220419,20240426,0,4032,19842,1,23,0,0,37,15510,0,0,1,0,55,8,1,1,37
16,22,251941,0,0,20160415,20160520,20171227,20210415,41990,4199,14499,0,39,0,2,12,10825,0,0,0,5,5,6,0,1,29
34,44,369464,7,1,20180921,20190621,20220506,20230921,12314,6157,36519,1,49,0,0,42,18574,1,0,2,2,39,9,0,1,45
97,60,410514,5,0,20161216,20171117,20220530,20211216,0,6841,35822,1,32,0,0,60,26582,0,0,2,2,48,9,1,1,60
16,44,218085,1,0,20180420,20180921,20211101,20230420,25438,3634,14468,0,33,1,2,37,18950,1,0,1,0,22,9,0,1,46
85,23,137754,0,1,20180420,20190118,20200215,20230420,22950,2295,12904,0,32,0,0,13,10243,1,0,0,0,39,9,0,1,29
100,54,247780,1,0,20160415,20160923,20200826,20210415,16516,4129,25015,0,28,1,2,50,25025,1,0,1,3,23,9,0,1,57
62,24,145436,1,1,20200515,20201016,20220519,20250515,2423,2423,8395,1,44,1,2,23,9823,0,0,1,2,22,8,0,1,25
50,25,84358,0,0,20160415,20170818,20180326,20210415,5620,2000,7719,0,28,0,0,21,12210,0,0,0,3,70,9,0,1,26
50,53,298005,6,0,20171215,20181019,20220516,20221215,9932,4966,18005,1,48,0,0,51,22814,0,0,2,5,44,8,0,1,54
77,16,86636,1,1,20210122,20210924,20220603,20260122,0,2000,8484,1,21,0,0,16,6374,0,0,1,2,35,9,0,1,16
58,35,255544,5,0,20170120,20170120,20191015,20220120,34072,4259,23373,0,49,0,2,27,16150,1,0,2,0,0,4,1,1,43
126,57,279293,0,0,20170915,20180720,20220602,20220915,9308,4654,23902,1,46,0,0,55,24621,1,0,0,2,44,8,1,1,59
58,37,87947,1,0,20160415,20171117,20190313,20210415,11720,2000,7980,0,35,0,0,29,17637,0,0,1,3,83,6,0,1,41
28,47,228222,0,0,20180615,20190816,20220505,20230615,0,3803,22320,1,50,0,0,47,19949,1,0,0,4,61,9,0,1,47
97,54,311979,0,0,20171215,20190118,20220603,20221215,5199,5199,30599,1,37,0,0,53,23193,1,0,0,3,57,8,0,1,55
58,17,108649,1,1,20201218,20211119,20220601,20251218,0,2000,8549,1,46,0,0,17,6793,0,0,1,2,48,9,0,1,17
18,30,182549,1,1,20191220,20200619,20220602,20241220,6084,3042,16161,1,55,1,2,28,12356,0,1,1,2,26,8,0,1,31
58,34,222035,7,1,20190816,20210618,20220603,20240816,7400,3700,11960,1,25,0,0,32,14117,0,0,2,3,96,8,1,1,36
38,55,438281,5,0,20170721,20180420,20220111,20220721,7304,7304,37677,1,29,0,1,54,23956,0,0,2,4,39,9,0,1,56
50,39,209426,6,0,20160415,20160415,20190507,20210415,20940,3490,13922,0,52,1,2,33,18522,0,0,2,3,0,9,0,1,43
85,54,320031,6,0,20171215,20181116,20220601,20221215,0,5333,21923,1,62,0,0,54,23193,0,1,2,0,48,6,0,1,54
9,19,107831,0,1,20200221,20201016,20210810,20250221,10782,2000,10484,0,23,0,0,13,7948,0,0,0,2,34,8,1,1,22
126,30,166395,5,0,20160415,20170317,20180813,20210415,16638,2773,9043,0,30,0,0,24,14509,0,0,2,0,48,8,0,1,31
62,30,148194,0,0,20180316,20190118,20200707,20230316,14814,2469,11250,0,20,0,0,24,13313,0,0,0,0,44,8,0,1,32
35,42,490138,7,0,20181116,20190816,20220601,20231116,8168,8168,37098,1,61,0,2,41,17669,0,1,2,3,39,9,0,1,43
85,27,169378,1,1,20200221,20200515,20220602,20250221,5644,2822,13999,1,37,1,2,25,11059,1,0,1,2,12,7,0,1,29
23,27,188457,7,1,20190315,20191115,20210524,20240315,15700,3140,13578,0,52,0,0,22,11568,0,0,2,0,35,9,0,1,32
28,53,252824,0,0,20180119,20190215,20220603,20230119,0,4213,23031,1,26,0,0,53,22724,1,0,0,0,56,7,1,1,53
42,51,386250,0,0,20180316,20190315,20220601,20230316,6437,6437,41967,1,50,0,0,50,21795,1,0,0,3,52,8,0,1,52
46,20,112500,0,0,20170120,20170915,20180717,20220120,11250,2000,7465,0,45,0,0,14,9476,1,0,0,3,34,8,0,1,23
50,60,252506,1,0,20170120,20170217,20220318,20220120,4208,4208,16269,1,36,1,2,59,28127,1,0,1,3,4,8,0,1,61
50,54,243351,5,0,20160415,20170616,20210319,20210415,0,4055,23225,1,33,0,0,54,27947,1,0,2,0,61,8,0,1,54
48,44,233302,1,0,20180817,20181116,20220531,20230817,0,3888,23261,1,45,1,2,44,18651,0,0,1,0,13,5,0,1,44
58,59,329401,5,0,20170120,20170818,20220530,20220120,10980,5490,31609,1,32,0,0,57,26973,0,0,2,3,30,8,0,1,61
11,47,216885,0,0,20180615,20190426,20220602,20230615,0,3614,22941,1,41,0,0,47,19949,1,0,0,3,45,9,0,1,47
18,37,212402,1,0,20190426,20200821,20220511,20240426,3540,3540,18574,1,30,0,0,36,15510,1,0,1,0,69,8,0,1,38
84,60,321717,5,1,20170120,20170915,20211223,20220120,5361,5361,22524,1,41,0,0,59,26475,0,0,2,5,34,9,0,1,61
126,50,280006,0,1,20180316,20181019,20220601,20230316,9332,4666,15574,1,26,0,0,48,21333,0,0,0,2,31,9,0,1,52
50,30,163685,0,0,20191220,20201016,20220603,20241220,2728,2728,9254,1,40,0,0,29,12356,1,0,0,2,43,8,0,1,31
97,51,311382,0,0,20180316,20190215,20220601,20230316,10378,5189,22190,1,24,0,0,49,21795,0,0,0,3,48,7,0,1,52
97,27,204866,7,0,20200221,20200221,20220601,20250221,0,3414,14192,1,57,1,2,27,11059,0,1,2,0,0,9,0,1,27
58,60,364454,0,0,20170120,20171117,20220520,20220120,0,6074,36840,1,36,0,0,60,29130,0,0,0,0,43,7,1,1,60
26,51,279335,0,0,20180316,20190118,20220602,20230316,9310,4655,22722,1,40,0,0,49,21795,1,0,0,0,44,8,0,1,53
97,60,312752,0,0,20170120,20170818,20211230,20220120,52120,5212,30820,0,42,0,0,50,26973,0,0,0,3,30,8,0,1,65
28,20,136113,1,1,20200821,20210219,20220520,20250821,2268,2268,12388,1,35,0,0,19,8103,0,0,1,2,26,9,0,1,21
23,37,224922,7,1,20190426,20200117,20220509,20240426,0,3748,14663,1,34,0,0,37,15510,0,0,2,2,38,8,0,1,37
5,60,261131,0,0,20160415,20170317,20220316,20210415,8704,4352,15536,1,40,0,0,58,32194,1,0,0,0,48,9,0,1,62
53,39,321646,0,0,20171215,20190215,20210112,20221215,0,5360,26148,1,27,0,0,39,17235,0,0,0,0,61,7,0,1,39
107,60,357354,0,0,20170120,20171117,20220203,20220120,5955,5955,29374,1,37,0,0,59,26863,0,0,0,3,43,8,0,1,61
126,48,319009,1,0,20180420,20180615,20220507,20230420,0,5316,27696,1,28,1,2,48,20494,1,0,1,0,8,9,0,1,48
43,17,92378,1,1,20201218,20210820,20220602,20251218,3078,2000,10008,1,21,0,0,15,6793,1,0,1,2,35,9,0,1,19
85,18,98193,7,1,20201218,20210716,20220601,20251218,3272,2000,9679,1,57,0,0,16,7214,1,1,2,2,30,8,0,1,19
23,41,243870,1,0,20181116,20190118,20220426,20231116,0,4064,18378,1,53,1,2,41,17290,0,0,1,0,9,8,0,1,41
0,30,194682,0,1,20191220,20201016,20220602,20241220,3244,3244,10881,1,28,0,0,29,12356,1,0,0,0,43,7,0,1,31
111,29,139032,1,1,20191115,20201120,20220228,20241115,20853,2317,14425,0,38,0,0,20,12034,0,0,1,0,53,9,1,1,30
93,15,66320,7,1,20201218,20211015,20220519,20251218,1105,2000,5166,1,29,0,0,14,6033,0,0,2,2,43,9,0,1,16
5,55,261838,6,0,20171117,20180921,20220516,20221117,0,4363,15362,1,51,0,0,55,23666,1,0,2,3,44,9,1,1,55
58,14,91635,7,1,20210219,20211119,20220531,20260219,1527,2000,7865,1,31,0,0,13,5580,0,0,2,0,39,9,0,1,15
5,39,319435,6,0,20180921,20190315,20211130,20230921,53230,5323,17063,0,51,0,1,29,16651,1,0,2,3,25,7,0,1,48
50,27,171085,1,1,20200221,20210122,20220510,20250221,0,2851,10197,1,28,0,0,27,11059,0,0,1,2,48,9,0,1,27
93,15,70083,0,1,20171215,20180720,20190203,20221215,11680,2000,7278,0,24,0,0,5,6836,0,0,0,2,31,9,0,1,20
97,32,226464,0,1,20180817,20190315,20210329,20230817,30192,3774,21650,0,33,0,0,24,13894,0,0,0,2,30,7,0,1,34
85,54,289429,0,0,20170120,20171117,20210503,20220120,0,4823,30837,1,39,0,0,54,24185,0,0,0,3,43,8,0,0,54
97,48,240748,6,0,20180420,20190215,20220505,20230420,4012,4012,27499,1,31,0,0,47,20494,1,0,2,3,43,8,0,1,49
97,59,288979,0,0,20160415,20170217,20210719,20210415,0,4816,27510,1,39,0,0,59,29061,1,0,0,0,44,9,0,1,59
126,52,256299,0,0,20180119,20181221,20220519,20230119,0,4271,14339,1,33,0,0,52,22258,0,0,0,5,48,9,0,1,52
35,33,166575,0,0,20170120,20171117,20190902,20220120,16656,2776,13553,0,26,0,0,27,15215,1,0,0,0,43,9,1,1,34
117,41,190357,7,0,20190118,20191220,20220603,20240118,0,3172,13970,1,38,0,0,41,17221,0,0,2,2,48,8,0,1,41
50,51,291858,6,0,20180119,20190118,20220514,20230119,4864,4864,27136,1,38,0,0,50,21879,0,0,2,2,52,9,0,1,52
81,38,276240,7,0,20190426,20200320,20220601,20240426,4604,4604,22024,1,27,0,0,37,15889,0,0,2,2,47,8,0,1,39
23,60,262896,0,0,20160715,20170818,20220522,20210715,4381,4381,20433,1,42,0,0,59,31549,0,0,0,3,57,8,0,1,61
50,18,110447,6,1,20180921,20190426,20200204,20230921,16560,2000,10672,0,25,0,0,9,7944,0,0,2,3,31,9,0,1,26
50,34,463424,1,0,20190816,20210820,20220602,20240816,15446,7723,34661,1,42,1,2,32,14117,0,0,1,0,105,9,0,1,35
97,19,103002,1,0,20201120,20211015,20220601,20251120,3432,2000,9855,1,47,1,2,17,7635,0,0,1,2,47,7,1,1,20
1,56,373716,0,0,20170915,20180720,20220602,20220915,0,6228,31813,1,36,0,0,56,24143,1,0,0,3,44,9,0,1,56
41,56,416311,1,0,20170915,20180216,20220511,20220915,6938,6938,37069,1,33,1,2,55,24143,0,0,1,3,22,9,0,1,57
0,44,313824,7,0,20180921,20190719,20220603,20230921,0,5230,30536,1,30,0,0,44,18574,0,0,2,2,43,9,1,1,44
85,56,340955,0,0,20170915,20181221,20220603,20220915,5682,5682,26401,1,22,0,0,55,24143,0,0,0,0,66,9,0,1,57
126,11,145867,6,0,20161216,20161216,20170703,20211216,12155,2431,13410,0,39,1,2,6,5395,0,0,2,0,0,2,0,1,13
68,54,378762,6,0,20170915,20181019,20220418,20220915,0,6312,37133,1,45,0,0,54,23476,0,0,2,3,57,8,0,1,54
22,41,374882,1,0,20181116,20190315,20220512,20231116,12496,6248,35478,1,36,1,2,39,17290,0,0,1,3,17,9,0,1,42
50,56,445184,0,0,20160520,20170519,20220318,20210520,14838,7419,41567,1,29,0,0,54,32194,1,0,0,3,52,7,0,1,57
5,37,234792,0,1,20161216,20170721,20191112,20211216,31304,3913,18274,0,25,0,0,29,17085,1,0,0,3,31,8,1,1,38
52,36,243426,1,0,20190426,20200417,20220513,20240426,0,4057,21159,1,43,0,0,36,15067,0,0,1,0,51,9,0,1,36
117,60,427808,1,0,20160520,20190118,20211202,20210520,64170,7130,40131,0,26,0,0,51,31040,1,0,1,0,139,6,0,1,61
13,41,237083,0,0,20171020,20181019,20210113,20221020,15804,3951,23582,0,30,0,0,37,18185,0,0,0,3,52,7,0,1,45
15,38,192546,0,0,20161118,20171020,20191218,20211118,32090,3209,17511,0,48,0,0,28,17517,1,0,0,4,48,9,0,1,47
58,35,242072,7,1,20190621,20200221,20220602,20240621,4034,4034,27497,1,43,0,0,34,14561,0,0,2,2,35,9,0,1,36
10,45,394222,6,0,20180817,20180921,20220603,20230817,0,6570,41710,1,46,1,2,45,19030,1,0,2,4,5,8,0,1,45
26,40,370539,7,1,20181221,20200320,20220531,20231221,0,6175,38905,1,54,0,0,40,16842,1,0,2,2,65,8,0,1,40
62,28,200470,1,0,20191220,20210219,20220208,20241220,3341,3341,21533,1,46,0,0,27,11596,0,0,1,0,61,8,1,1,29
38,58,361709,0,0,20170721,20180615,20220603,20220721,12056,6028,27109,1,44,0,0,56,25101,0,0,0,3,47,9,0,1,59
62,17,127270,7,1,20201218,20210716,20220601,20251218,4242,2121,9989,1,39,0,0,15,6793,0,0,2,2,30,9,0,1,19
45,36,325844,5,0,20160520,20170421,20190305,20210520,10860,5430,28676,1,51,0,0,34,17127,0,0,2,0,48,8,0,1,37
28,38,250993,7,1,20190315,20191018,20220601,20240315,0,4183,14978,1,50,0,0,38,15889,0,0,2,3,31,9,0,1,38
28,52,540818,0,0,20170519,20180420,20210820,20220519,9013,9013,35163,1,41,0,0,51,22956,1,0,0,2,48,7,1,1,53
58,53,475461,6,0,20170721,20170915,20211104,20220721,0,7924,24939,1,40,1,2,53,23178,0,0,2,3,8,8,0,1,53
85,29,157344,1,0,20191115,20210122,20220514,20241115,2622,2622,13322,1,32,0,0,28,11977,0,0,1,2,62,9,0,1,30
28,18,191055,7,1,20201120,20211015,20220530,20251120,3184,3184,18318,1,24,0,0,17,7256,0,0,2,2,47,7,0,1,19
91,23,182278,5,0,20171020,20180518,20190701,20221020,27333,3037,17089,0,43,0,1,14,10467,0,0,2,2,30,7,0,1,31
42,47,459158,6,0,20170519,20170519,20210326,20220519,15304,7652,44329,1,54,1,2,45,20931,1,0,2,0,0,7,0,1,49
117,44,320380,1,0,20180817,20180817,20220509,20230817,0,5339,22937,1,39,1,2,44,18651,0,0,1,0,0,8,0,1,44
63,30,318040,1,0,20191220,20200619,20220603,20241220,5300,5300,32312,1,34,1,2,29,12356,0,0,1,2,26,7,0,1,31
23,19,113570,1,1,20201120,20210326,20220601,20251120,3784,2000,9239,1,35,1,2,17,7635,0,0,1,2,18,9,0,1,20
50,51,490077,5,0,20171117,20171117,20211216,20221117,0,8167,28539,1,30,1,2,51,22133,0,0,2,0,0,9,0,1,51
97,21,106952,0,0,20161216,20171215,20180808,20211216,8910,2000,7512,0,26,0,0,16,9932,0,0,0,3,52,9,0,1,25
50,47,603387,6,0,20160520,20160715,20200222,20210520,20112,10056,42200,1,54,1,2,45,21943,0,0,2,0,8,9,0,1,48
97,60,312182,0,0,20160520,20171215,20210304,20210520,0,5203,23262,1,38,0,0,60,27437,0,0,0,3,82,8,0,1,60
45,49,444689,7,0,20180518,20190816,20220502,20230518,7411,7411,32463,1,55,0,2,48,20873,1,1,2,0,65,8,1,1,50
53,54,401598,0,0,20171117,20181019,20220304,20221117,0,6693,32055,1,36,0,0,54,23287,1,0,0,3,48,8,1,1,54
5,27,233589,0,1,20170721,20180615,20190920,20220721,19465,3893,23134,0,26,0,0,22,12308,0,0,0,2,47,7,0,1,29
52,45,458209,6,1,20180817,20190315,20220503,20230817,15272,7636,38217,1,35,0,0,43,19030,0,0,2,2,30,9,0,1,46
28,50,290815,0,0,20180316,20190920,20220509,20230316,4846,4846,24324,1,45,0,0,49,21333,0,0,0,2,79,9,0,1,51
23,35,318160,7,1,20180921,20190621,20210730,20230921,42416,5302,33554,0,25,0,0,27,15062,0,0,2,2,39,9,1,1,43
97,55,393788,6,0,20171117,20181116,20220602,20221117,0,6563,30032,1,53,0,0,55,23666,0,0,2,3,52,8,0,1,55
23,51,292507,0,1,20170519,20171215,20210727,20220519,43875,4875,18486,0,30,0,0,42,22554,0,0,0,0,30,9,0,1,54
5,17,127531,6,0,20180420,20190426,20190604,20230420,21250,2125,9994,0,36,0,0,7,7678,0,0,2,2,53,7,0,1,23
58,55,409805,0,0,20160520,20170317,20201019,20210520,34150,6830,31080,0,34,0,0,50,25360,0,0,0,5,43,8,0,1,59
5,49,376335,5,0,20180518,20180518,20220429,20230518,12544,6272,31383,1,35,1,2,47,20873,1,0,2,3,0,7,0,1,50
50,37,382741,0,0,20161216,20180316,20191213,20211216,6379,6379,35867,1,48,0,0,36,17017,0,0,0,2,65,8,0,1,38
35,59,412463,1,0,20170519,20180615,20220511,20220519,13748,6874,35649,1,48,0,0,57,25687,1,0,1,3,56,9,0,1,60
50,58,360173,0,0,20161216,20170915,20210901,20211216,0,6002,25761,1,39,0,0,58,25794,1,0,0,0,39,9,0,1,58
101,60,232416,1,0,20160520,20220121,20220310,20210520,7746,3873,23217,1,26,0,0,58,32194,1,0,1,3,296,8,0,1,62
97,53,646163,0,0,20160520,20170721,20200928,20210520,0,10769,65756,1,61,0,0,53,24516,0,1,0,3,61,8,0,1,53
62,15,137063,1,1,20210219,20211119,20220602,20260219,0,2284,7900,1,39,1,2,15,5959,0,0,1,3,39,9,0,1,15
65,44,313730,1,1,20180817,20201218,20220331,20230817,10456,5228,28513,1,49,0,0,42,18651,0,0,1,0,122,9,0,1,46
62,30,241549,1,0,20191220,20201120,20220603,20241220,0,4025,24374,1,38,0,0,30,12356,0,0,1,2,48,7,0,1,30
50,60,365280,0,0,20160520,20170421,20210629,20210520,6088,6088,19993,1,47,0,0,59,28658,1,0,0,1,48,8,0,1,61
28,21,125195,1,1,20200821,20210416,20220526,20250821,0,2086,12292,1,49,0,0,21,8530,1,0,1,2,34,7,0,1,21
97,60,372870,0,0,20160520,20170519,20210629,20210520,12428,6214,31008,1,56,0,0,58,28658,0,1,0,1,52,8,0,1,62
35,56,372500,6,0,20170721,20170721,20220202,20220721,0,6208,38632,1,49,1,2,56,24341,0,0,2,0,0,7,0,1,56
68,54,251394,5,0,20160520,20170317,20210907,20210520,20945,4189,22516,0,48,0,0,49,29862,0,0,2,3,43,7,0,1,57
50,56,313516,5,0,20160520,20170317,20220526,20210520,5225,5225,27672,1,33,0,0,55,25781,0,0,2,3,43,7,0,1,57
97,46,246696,5,0,20160520,20160715,20200130,20210520,36999,4111,14926,0,44,1,2,37,21515,0,0,2,3,8,7,0,1,47
118,51,289928,0,0,20180316,20190215,20220505,20230316,9664,4832,20300,1,27,0,0,49,21795,0,0,0,2,48,8,0,1,53
85,15,74092,1,1,20210219,20220120,20220601,20260219,2468,2000,5354,1,39,0,0,13,5959,1,0,1,2,47.8571428571429,9,0,1,16
45,54,343771,0,0,20171215,20180817,20220603,20221215,0,5729,21569,1,22,0,0,54,23193,1,0,0,3,35,6,1,1,54
97,44,234505,0,1,20180817,20190517,20220408,20230817,3908,3908,18738,1,24,0,0,43,18651,0,0,0,2,39,8,0,1,45
32,58,297204,7,0,20170721,20190719,20220602,20220721,0,4953,26702,1,39,0,0,58,25101,1,0,2,3,104,7,0,1,58
0,44,309357,7,1,20180817,20190816,20220331,20230817,5155,5155,29150,1,34,0,0,43,18651,0,0,2,2,52,9,0,1,45
50,54,589308,0,0,20171215,20181221,20220503,20221215,9821,9821,39880,1,34,0,0,53,23193,1,0,0,3,53,8,0,1,55
50,58,445129,0,0,20170721,20180720,20220422,20220721,14836,7418,36839,1,26,0,0,56,25101,0,0,0,3,52,9,1,1,60
97,37,143023,1,0,20190426,20200417,20220601,20240426,4766,2383,14071,1,47,0,0,35,15510,0,0,1,0,51,8,1,1,39
100,19,105713,1,1,20200619,20210219,20211203,20250619,17610,2000,12306,0,23,1,2,9,7805,0,0,1,2,35,9,0,1,20
5,56,311539,0,1,20170721,20180216,20220420,20220721,5192,5192,22013,1,33,0,0,55,24341,0,0,0,2,30,9,0,1,57
52,51,297577,6,0,20180316,20190118,20220602,20230316,4959,4959,27389,1,43,0,0,50,21795,0,0,2,3,44,8,0,1,52
58,47,274550,7,0,20180615,20190621,20220602,20230615,9150,4575,18894,1,28,0,0,45,19949,1,0,2,0,53,9,0,1,49
56,57,376086,0,0,20170721,20180720,20220513,20220721,12536,6268,19914,1,29,0,0,55,24722,1,0,0,3,52,9,0,1,59
97,23,107528,0,0,20170120,20171117,20181116,20220120,7168,2000,6184,0,55,0,0,19,10787,0,0,0,3,43,9,0,1,25
50,59,273676,0,0,20160520,20170317,20220516,20210520,9122,4561,26632,1,37,0,0,57,27028,0,0,0,0,43,8,0,1,61
52,44,231392,0,0,20180921,20190719,20220410,20230921,7712,3856,18333,1,34,0,0,42,18574,1,0,0,0,43,9,0,1,46
9,58,364385,0,0,20170721,20180720,20220506,20220721,6073,6073,40925,1,24,0,0,57,25101,0,0,0,3,52,9,0,1,59
45,46,329011,5,0,20170120,20180119,20201026,20220120,5483,5483,29947,1,51,0,0,45,20795,0,0,2,0,52,9,0,1,47
45,58,267308,0,0,20170721,20180316,20220531,20220721,8910,4455,23259,1,29,0,0,56,25101,1,0,0,3,34,9,0,1,60
58,26,157700,1,1,20200221,20201218,20220603,20250221,2628,2628,15218,1,30,0,0,25,10680,0,0,1,2,43,9,0,1,27
121,55,329075,1,0,20170721,20190517,20220117,20220721,5484,5484,26796,1,48,0,0,54,23956,1,0,1,0,95,9,0,1,56
97,30,135964,1,0,20191220,20201120,20220602,20241220,2266,2266,14669,1,40,0,0,29,12356,1,0,1,0,48,8,0,1,31
126,45,258398,0,0,20180817,20190621,20220603,20230817,8612,4306,23275,1,38,0,0,43,19030,1,0,0,2,44,8,0,1,46
50,58,296319,0,0,20170721,20180817,20220404,20220721,9876,4938,26318,1,60,0,0,56,25101,0,1,0,3,56,9,0,1,59
50,53,266689,6,0,20171215,20181019,20220512,20221215,4444,4444,16370,1,20,0,0,52,22814,0,0,2,0,44,8,1,1,54
58,51,302364,0,1,20180316,20180817,20220430,20230316,5039,5039,27983,1,35,0,0,50,21795,0,0,0,3,22,8,0,1,52
68,31,173206,1,1,20191115,20200619,20220601,20241115,5772,2886,12698,1,33,0,0,29,12794,0,0,1,2,31,8,0,1,33
50,21,96420,7,1,20200918,20210416,20220602,20250918,0,2000,8867,1,48,0,0,21,8482,0,0,2,2,30,7,0,1,21
45,60,255081,0,0,20170120,20180216,20220513,20220120,4251,4251,15362,1,60,0,0,59,26475,1,1,0,3,56,8,0,1,61
34,54,276472,1,0,20160520,20160715,20200929,20210520,36856,4607,29058,0,39,1,2,46,24939,0,0,1,3,8,7,0,1,57
5,57,270863,0,0,20170721,20180817,20220516,20220721,4514,4514,21994,1,36,0,0,56,24722,1,0,0,0,56,9,0,1,58
5,60,274306,5,0,20170120,20171215,20211213,20220120,4571,4571,30924,1,61,0,0,59,26475,0,1,2,3,47,9,0,1,61
82,28,122305,0,0,20200221,20200320,20220602,20250221,2038,2038,9770,1,35,1,0,27,11489,0,0,0,2,4,8,0,1,29
23,36,187098,0,1,20180921,20190517,20210719,20230921,18708,3118,13528,0,50,0,0,30,15517,0,0,0,2,34,9,0,1,37
58,60,314845,5,0,20160520,20170721,20210602,20210520,5247,5247,24218,1,27,0,0,59,28658,0,0,2,3,61,8,0,1,61
5,60,231987,1,0,20180316,20190920,20220602,20230316,0,3866,12593,1,27,1,2,60,27519,0,0,1,0,79,1,0,1,60
50,40,313859,0,0,20180420,20190215,20210726,20230420,36610,5230,30298,0,40,0,0,33,17360,0,0,0,0,43,9,0,1,43
15,46,292163,0,1,20180615,20190118,20220530,20230615,0,4869,22918,1,27,0,0,46,19570,1,0,0,3,31,9,0,1,46
5,53,286234,6,0,20171215,20190215,20220514,20221215,9540,4770,26096,1,32,0,0,51,22814,1,0,2,0,61,8,0,1,54
74,37,203312,7,1,20190315,20200117,20220426,20240315,6776,3388,15323,1,23,0,0,35,15510,0,0,2,2,44,8,0,1,38
45,38,141349,0,0,20160520,20170317,20190530,20210520,16485,2355,12543,0,51,0,0,31,18013,1,0,0,0,43,9,1,1,42
45,16,77109,7,1,20210122,20211119,20220602,20260122,0,2000,5956,1,35,0,0,16,6374,1,0,2,2,43,9,0,1,16
97,48,225871,1,0,20180615,20200918,20220601,20230615,3764,3764,13680,1,24,0,0,47,20411,0,0,1,3,118,6,0,1,49
15,24,123336,1,0,20200515,20210618,20220530,20250515,2055,2055,10497,1,22,0,0,23,9823,0,0,1,0,57,8,0,1,25
50,29,189127,1,1,20191220,20200821,20220601,20241220,0,3152,10560,1,57,0,0,29,11921,1,1,1,2,35,9,0,1,29
58,49,293396,0,0,20180518,20190920,20220503,20230518,9778,4889,33512,1,38,0,0,47,20873,0,0,0,5,70,8,0,1,50
20,20,103140,6,1,20180817,20190315,20200327,20230817,12033,2000,9124,0,29,0,0,13,8828,1,0,2,2,30,9,0,1,26
28,56,281621,0,0,20171020,20181116,20220602,20221020,9386,4693,22682,1,31,0,0,54,24143,1,0,0,0,56,8,0,1,58
23,38,223881,6,0,20180518,20190426,20210611,20230518,33579,3731,16321,0,28,0,0,29,16496,0,0,2,5,49,7,0,1,45
97,51,303341,0,0,20180316,20190315,20220603,20230316,5055,5055,24968,1,19,0,0,50,21795,0,0,0,2,52,8,0,1,52
50,42,226041,7,0,20181221,20191018,20220601,20231221,3767,3767,20976,1,25,0,0,41,17669,0,0,2,2,43,8,0,1,43
50,45,234738,0,0,20180817,20190719,20220602,20230817,3912,3912,24914,1,34,0,0,44,19030,0,0,0,2,48,9,0,1,46
50,59,312288,1,0,20170120,20170818,20211011,20220120,0,5204,34918,1,30,1,2,59,26191,0,0,1,0,30,8,0,1,59
83,55,258005,0,0,20171117,20181116,20220515,20221117,0,4300,15184,1,31,0,0,55,23666,0,0,0,2,52,7,0,1,55
97,60,255735,1,0,20170120,20220218,20220315,20220120,8524,4262,27530,1,61,0,0,58,28127,1,1,1,3,265,8,0,1,62
96,43,200019,0,0,20180518,20190621,20211103,20230518,29997,3333,16949,0,37,0,0,34,18488,1,0,0,2,57,8,0,1,45
5,22,233884,0,0,20160520,20170120,20180123,20210520,7796,3898,12651,1,40,0,0,20,10779,1,0,0,3,35,8,0,1,23
62,25,127421,7,0,20200515,20210326,20220602,20250515,0,2123,8314,1,38,0,0,25,10202,0,0,2,2,45,8,0,1,25
45,51,307628,0,0,20170120,20180216,20210316,20220120,25635,5127,28976,0,65,0,0,46,22872,0,1,0,3,56,9,0,1,56
11,14,76023,7,1,20210319,20211015,20220602,20260319,1267,2000,5062,1,34,0,0,13,5546,1,0,2,2,30,8,0,1,15
56,52,263840,0,0,20180119,20181221,20220513,20230119,0,4397,30739,1,22,0,0,52,22345,1,0,0,0,48,8,0,1,52
8,49,299492,1,0,20180420,20190118,20220602,20230420,0,4991,32284,1,42,0,0,49,20873,0,0,1,0,39,9,0,1,49
58,43,224068,1,0,20170721,20171020,20201216,20220721,18670,3734,20628,0,35,1,2,38,19210,0,0,1,0,13,9,0,1,47
50,37,170645,0,0,20170721,20180518,20200707,20220721,28440,2844,15659,0,42,0,0,27,16619,0,0,0,0,43,8,0,1,40
50,37,229104,1,0,20190315,20200515,20220512,20240315,0,3818,14150,1,41,0,0,37,15510,0,0,1,0,61,9,0,1,37
76,38,195616,7,1,20190315,20191115,20220603,20240315,3260,3260,17168,1,28,0,0,37,15889,0,0,2,2,35,9,0,1,39
