"PC1","PC2","PC3","PC4","PC5","PC6","PC7","PC8","PC9","PC10","PC11","PC12","Y"
0.0855686258897162,-3.7053982517266144,2.42795953239231,-1.3716499924127226,-0.9221341498060647,-1.6321222649673346,-1.7033573128628217,1.1444001784849418,1.0084713354285069,1.0477498447933038,0.7424042565558989,1.468016010977748,1
0.08010861729864456,-3.856955371385707,2.158675340839778,-0.34962839303747,-0.9943163160161165,-1.1747045775962146,-0.616766306050537,2.191219210724913,1.4190169017599654,1.430583433762526,0.46130286322192027,-0.5164832480874673,1
2.580048777225121,-1.3378879036230311,-0.7639094547729283,-1.1802108507765883,-0.4316006254239238,-1.4003494002147725,-1.8607412372930252,2.3235897366629175,0.296162772017234,-0.40736579565640446,0.850589981670311,0.4654722844286178,1
3.7060985753544915,-2.075185634023745,1.7767404382022067,-0.40654982715297894,-1.6947173959121145,0.1726621830108974,-0.6601801129356125,-0.017795730381378865,0.692665455017954,-0.4776641574373874,-1.582121894418012,0.5340221450548561,1
2.272101792295715,-2.924972167763213,3.7267899448566295,2.7051006785255036,0.5209840114365828,0.5361337294791869,0.5244372519975032,0.7209436082525232,1.1435760931887018,0.8472616115899012,-1.004766821098286,-0.010741771563795919,1
-1.6232841645758485,-5.431037818119636,1.7365396161112958,-1.405567617540063,0.503306065121891,-0.6016924111769915,-0.8200825014224894,-0.986370644570863,0.5882318065706493,-0.039714494989408496,0.720265764231692,-1.2028574802126368,0
2.3218316326607553,-1.119389739992679,-1.319202937628114,-0.8731364237590009,0.0809178425155056,-2.595658822700511,1.6804701290996265,0.47438283423571787,0.4179924023443621,0.7801018588522314,-1.1347858954274808,-0.6139926751787531,1
1.9125161587887853,-2.5227008216231073,-2.4831938887832226,3.952752509726745,0.3122827853767924,-0.31157093451225815,-0.9981369979695346,0.18802675716295286,-0.2157955902046024,-0.15999292618347744,-1.5905427713956581,0.0016336321088403253,0
-3.5165572500158366,-6.714761047176796,-0.11964186881052988,1.8076957599880117,-1.8236186205382128,-0.8116207168524321,1.3597419020848363,0.695428926965499,3.8974126320595563,-4.610045556190337,1.912713154094943,1.8881003425815026,0
-0.34159757097396454,-3.7753051185641833,2.5217965084374265,-1.0489688845793859,-0.5160290037156519,-1.6842851423047118,-0.052982958284113146,-0.6582120932495231,0.08856349227025939,-0.2570342103392826,1.083760230635257,-1.0626453250775243,1
1.1814001136746957,-4.085366331603006,0.33266324038519535,-0.5409239764550794,-1.4265220139019053,-0.24726485225976771,0.6250180112356872,-1.7202108786560766,0.12823360403893957,1.0813683689035598,-0.1688956665345297,-0.5148642235410527,0
3.3295715052234316,-0.7385494641631479,-1.5391903630719381,-0.6520681848175752,-0.7114803466058284,-0.4586434086173167,-0.1638327947701404,0.4230737912645342,1.2767564761459365,-0.16654435323785077,-0.4737645238466236,-1.503493435219205,1
0.7851270856534922,-1.8865585313861364,-0.9102093221047989,3.884769980840366,0.2876152942529855,-0.6064975443581645,0.11419715181530506,0.7834702940491723,1.2632325300356506,0.9309737631815137,-0.9985648320323601,-0.7993772184470157,1
-2.120802457940216,-5.746226955035475,1.2907464127255386,0.5804241025650718,0.1307093194117362,-0.8766704742014659,0.3636895384380887,0.5557838179823195,0.5356476277342459,0.3112340345598861,-1.1079151037106978,-0.9539415587186975,0
-2.356161549938862,-6.265833855852365,1.4597474927072636,-0.02280852338290395,0.8542034844672852,0.10110820626136048,0.21347849740173006,0.6134770100119751,0.32737706044773074,0.04443591184656899,-0.8877610140741734,-0.6908632799011379,0
3.1755051928040023,0.3561717454653717,-2.7274660343940837,1.059856668759138,-0.5864918182367506,-2.1161349411580455,-1.4802985354018627,0.5150216730461852,-0.9092340458217596,0.9579315992053238,1.4538235183658477,0.9221101837603762,1
-0.7045992659415179,-5.476988647872694,1.7969980927779343,-0.7899854818331646,0.8340291388860481,0.2875945479278448,-0.6284842885684437,0.2529525658083068,1.2479937642537549,-0.021490709936981524,-0.986292697787635,-1.401934132838802,0
0.05726845331856057,-3.9787483874563114,1.808623315462653,-0.6710183818173171,0.747890963786912,1.0935455385284922,1.2170925065273914,-0.2806294977519623,0.4474706623839016,1.2029724342801977,-1.8405523505594574,0.21018853197792475,0
1.7509240126864947,-2.3016465946874165,1.375126321177352,-0.08388872060870381,-1.7040294538932212,-0.40181771608583544,0.771565391794487,0.6779044550619345,-0.48336984003852196,-0.6279560471373461,-0.094678867273786,-1.14352429855371,1
3.141632432696804,-1.9276459869407252,1.2641114916466318,-0.17274653051256836,-2.1276949617021006,-0.7278303126497572,0.5778481519173487,1.8913517200531198,-0.6695738179667652,0.9525369659212175,0.8711311613477303,-0.47274888594366943,1
2.7623984975023577,0.6144148926705654,-3.066434882820424,-0.45141093546673866,0.0524594563439662,-1.4870084179245784,0.3444350659750993,0.7822798822534789,-0.49980438092730295,-0.4456875006679718,0.03290714322703252,-1.7208884600108483,1
3.430037997035072,-0.8986356163458427,-2.046422991990584,-0.6453557169213461,-0.5257990057926556,-0.953909881676415,-0.6070869865964604,0.3977537267232856,-0.029930672292406004,1.4193657948734384,2.1253396848174497,-0.42191526406353996,1
0.8441519377656774,-3.800222272066149,-2.4157986091909964,-1.056357446279866,0.44138275501567703,1.1196067300024308,-0.7927014995523906,1.783010264406757,0.7570748352132911,1.2291193515222285,0.5775723068890483,-0.23062207273862945,0
2.8978623044182044,-1.7702653777927004,0.8505352596595892,-0.4424490600147851,-1.8804993610628664,-0.8808897638819047,1.0822225729875223,0.07624247373090781,-0.5880011579907803,-0.15728202205034697,-0.6321460425493542,-1.5173289899920668,1
0.8437108145278153,-4.556251243992077,-0.0811227034813878,-0.3360020169723516,-1.198395673949389,0.00022461799601822765,-0.07792897868176454,-0.4238828742083345,-0.3334788896445951,-0.0388705394536495,-2.125210125320422,0.5425762837664004,0
4.328967694335309,-0.41640884239365067,-1.3443788257150355,-0.30887907408947884,-0.2134348128334625,-1.1016960196758951,-0.5064879499819209,2.4632602801601573,-4.11453269663323,-2.378198901324839,2.2909880558416904,0.044181622421321856,1
0.2686528920182275,-5.088881821090806,1.5210604897259907,-1.4117828551922382,0.4017155458531902,-0.46121315207341596,-0.3656925429578805,1.688642207780028,-1.140031392528638,0.5458566872018445,-0.18057809379061243,1.6384300642596785,0
1.768834218604451,-2.223725538022668,0.7730703561050867,-0.27093320099478646,-1.899736631040715,-0.3263091767697251,-1.47458483557737,-0.6943789680806843,0.7810298019843225,-0.41610445131970164,-1.9470081485523065,-0.8461775821761173,0
4.117173119662907,-1.6215336127776818,2.0325611342874783,-0.9786647321447441,-1.711918897923177,0.04051012313997916,0.06741394491506136,0.3203789499092863,0.5101940371388805,-0.6987931237246668,-0.20387078852251367,-1.6152171633080252,1
3.272803247552611,-0.9245645108214355,-1.8309178421996546,0.8114489725044566,-0.8398132357564108,-0.8441185435006201,0.3610683828107098,0.5626801617857382,0.44905786968855443,0.18520686429863403,-1.7018607845594176,1.6215790289511467,1
3.763351487263343,-0.6701617364929104,-1.414753646090083,-0.6288341597070534,-0.8288674796566933,-0.9616465345571225,-0.03668461413217821,0.34116684919033236,-1.3918585859032393,-1.7710569272987309,-0.5035370623266648,0.008995195977140978,1
-3.4274200643575043,-6.528398141291526,1.8248832734092049,3.5373066287295165,0.016846683106622854,-1.3570563130070825,-1.174759373983312,2.7046783936446777,-1.8969355844918876,-0.2605382364459667,0.8026582645557729,0.748670941669974,0
1.9616357302035923,-2.8178456160699876,0.9612516736929465,-0.8918405414099454,-2.5337106118306876,-1.5056540135836252,-1.0795798754394301,0.2833468102425103,0.605614217395394,1.3264096381820856,2.0270816907667264,-1.1415620999726586,1
1.5194559853047178,-1.4742933406463807,-2.822052858738102,0.42243657662655576,0.09991227592902222,-0.3072466301076966,-0.514071236644619,-1.7630223572207642,-0.09045704768574037,0.7958971899075176,-0.94850294392956,1.3275747756023284,0
2.523269339883077,-1.1984782010283388,-1.5963326877735007,0.07040006519184945,-0.4164630630131413,-0.8124057475677919,1.506337323997856,-0.598159414790657,-1.4953698733938667,-0.08830681526135514,1.229792464871309,0.19087968445273676,1
0.45793731061094173,-3.8223462646844983,-2.882563899495243,0.009682790197780143,0.2038850819992542,0.2697207719818063,1.2878387819802533,1.9313774636466743,-1.8244966917614556,1.115709489581869,0.7255029061079125,0.5521355452378809,0
-0.20882642353137054,-4.615476214001624,-0.9508031208361755,0.20992883118903485,-1.6628984253639139,0.7369360937928644,0.4145004942759814,1.6316722035655544,-0.5023707061343025,1.7625238515884634,0.20484876411237415,0.11713647741364072,0
3.138307042842005,-0.9643057644026894,0.03906792159882848,-0.7677561869917876,0.9401528136357339,-2.788362955345563,-1.481735610328663,-0.9142965454805436,1.1337180514864387,-0.21391564566780552,-0.10529254367575464,0.31658277582722877,1
0.43767445130358973,-2.1503936247768722,-3.435057911053303,0.25336051741662996,0.95501794113285,0.16168152704690805,0.6135855991943058,0.4332980275598515,-0.6865253790215327,0.08952423410685789,-0.6314445153072827,-0.8538816555885314,0
1.6012669545347136,-3.6786213991967887,-0.16209405646758585,3.3159507526334773,-0.9258878262594786,1.3970513739803467,0.4261681399237538,-1.9086485646978921,0.21782969835177884,2.1505685533694074,-0.6817313488572909,-0.0422382148407473,0
0.6368481237546664,-3.362140028298608,1.1207442837231854,-0.38866845018370655,-2.423435087053566,-1.0630293863359732,-1.864903654575082,0.5003106705738491,0.7748625016919609,1.2186212279990922,1.154462378734868,1.4617165027101393,1
3.288455041604217,-0.455835866306246,-0.059345523763605385,0.2537753701762139,0.21752830367814885,-2.56931924085451,-1.5907452501397221,0.3043299331399006,0.06769933954823819,0.9856655130844976,1.1109475825357735,0.9152781931471415,1
3.3580787617359023,-0.7343404465854116,-1.6051475824619297,0.2012005943419678,-0.6225226704666228,-0.18871661810742243,1.172569363194046,0.4319700182507093,0.8476240355375066,0.7337105135417208,-1.040770885430188,-0.09293386550372967,1
4.048735482373277,-0.056815503683575894,0.14461362649103907,-0.11407667917605273,0.5017329070541623,-0.4374626874388959,-0.8373920975851435,0.907583138962192,-0.7959712300203822,-2.0911311171048164,-0.08816092726892852,0.22269938376828274,1
0.2792029450172596,-1.2064941777836453,0.10229612024382287,0.5231379155268213,1.240414399396885,-1.2933454396986968,-1.1144996926026736,-0.09067830675382506,-0.10094625261107439,-0.8072660008579846,-0.051331565720916766,0.8387287622364356,1
3.80791838992277,-1.9843277304280724,1.9863734779189086,3.101529966313429,-1.5596149693458454,0.18147337245946338,-0.4362462675235467,0.04797126758424954,0.6773577719648857,0.3877255220808671,-1.9272575385565096,0.8005411397956179,1
2.165433801660547,-0.985280858295643,1.0264302805737857,-0.7412091940857285,-2.1294805026763286,-0.47210806470864863,0.6304644771359855,-0.19283699852255923,0.8775060600124879,0.6363617767469277,-1.2121953574745583,-1.2866272310909326,1
-0.9089932079218871,-4.519236308822575,0.40742894963873844,-0.6963030669961472,-1.0834824294327055,0.8179755272516944,-0.07946207021932539,1.2584092870421517,1.0605487980382098,-0.2629989181957112,-1.607245357992731,-1.5479659676590327,0
3.705179599176869,-1.906531192484857,-0.027757311052992513,-0.01314253478714083,2.4425123013028527,0.3870569431858207,0.3290291379156206,0.18555762957887223,0.012940955524340478,-0.23003326150174255,-0.7834276316456502,-0.9135311201186292,0
-0.3627155480964968,-4.933089982105207,2.8002872524297797,-0.9934088775167433,2.6484616068489797,3.041905901607862,-0.35350390484132604,-1.5598880670817081,-1.3385637103455612,-0.5019937373797728,0.8015832619391494,-0.19433442183665878,0
1.9968512019880726,1.1067451833972703,-1.1138132804772247,-1.046582009503823,-0.48087175622370254,0.2835176653287606,1.1163706329076788,-1.4694312298145469,-0.36412665846811204,0.7867166928642687,0.4778781678811299,0.2565133326606071,1
1.373095045618902,1.0563309968739387,-1.7214311228758574,-0.824891743753363,-0.9746211958018182,-0.7449854654666342,1.081220371840839,-1.4395256556992877,-0.21855231262550132,0.9660290888945049,0.370579507238922,-0.14607257037488008,1
1.9141202711251333,1.1844131838797707,-1.2416866648435338,0.4757710256537375,-0.7676094433531198,-0.523885664170611,-0.11724197384645704,-1.3870579125541806,-0.6851473529382285,0.10828979913483626,-0.18065171724460594,1.481441319641224,1
3.5789268868204127,-0.24489289391047125,0.17918235941658078,-1.2204831504004918,1.1234802122207066,-1.5442278089369528,-0.8125957672930023,-1.2229779782955987,-0.11095498525562891,-0.45209552327315344,0.04741755638817232,0.7562983254710725,1
4.66389858982664,-2.1438135727541594,2.5657714754491114,-0.06520588601477502,-1.2142013690732631,1.582003163889361,0.5444649638349061,1.8555948961030204,0.5246857694379635,1.6786345813302477,0.37481409259572795,1.0353151979572466,1
3.499420524754083,-1.3033466724256269,-1.4678714434775852,0.6790123074931653,-0.6794626941958375,-0.3958930488772223,-0.6044102518193822,0.3514569855874892,0.8682736882759988,2.0597031683137748,1.5632819771766213,0.20459586501267932,1
1.8586155821763863,-3.0578059247930875,-2.2476721340442483,-0.5130439215572716,1.2372575390969307,1.3935305263134163,-1.6510523886263546,0.4888267803821206,-0.40317266638860166,-1.7681696812224632,-1.3115227905941103,-0.4237174102133803,0
3.0702937376399904,-1.7202309287521982,1.2034002702606823,-0.8346566002176277,-2.3848577845597103,-0.8633693733523929,-1.2294392402281749,1.6426787128843028,0.5766899624491912,0.7959345361691036,-0.1510885190796912,0.8839624034167038,1
4.995983520061738,0.9603419651503523,-0.28181276942408984,-0.1680805773957086,-0.09036006516339097,0.5160181337668157,-0.6947969539429865,0.5598151844720501,-0.3671001737138462,-1.558895409224202,-0.46237945701839606,0.658777519496204,1
1.9252069165013868,-2.71696841200439,3.090305400698607,0.02381802872107988,-0.1697294987045806,-0.5690546232410848,0.7412639574703977,-1.0366669615115602,1.0139557563134634,1.2863845540963341,-0.08619586172472447,0.4873913722865148,1
0.2504601880337572,-4.616134382447048,0.12939554895187672,-0.7495499609141266,-1.1420512957225644,0.34984836387436724,-0.8553558865240232,1.6659817357155555,0.7822485003931631,1.3834162340081,0.3833888028016227,-0.7804768279438761,0
2.0405277824352286,-3.1787025885555145,-1.8372629992322864,3.233802694282231,1.11203661358288,0.5873009484003988,-0.20006059805672158,-1.412167762474162,-2.0751035979913994,-0.5597295172033497,1.1391320207670896,-1.6924418716317842,0
3.135423233919975,-1.2359460130116386,2.137759142804301,2.929804925198769,-1.7663039668478422,0.038264324985690566,-1.1898623734616087,-0.10273419763275704,0.8285794996394857,-0.008279900888301956,-1.6903342207199517,-0.10080165942746423,1
3.166673978325504,-1.6734164765282968,1.0620655209063559,-0.28255832340486897,-2.707425458878741,-1.6682958044812244,-1.8225213032006646,1.5720220464136854,0.17169321012012834,0.08726882834114745,0.19309920656641727,-0.3754372309619428,1
1.5554405914971616,-2.52494551742668,-0.6334083963533814,-0.7937130767194048,1.7537487687094975,-0.4962957208420632,-0.3430034736018462,1.7325550756280779,0.8471749304568545,1.65467253525347,0.15862049562706987,-0.20880476508154017,0
1.8507730701392906,-2.9916034027425353,-1.4671435902814498,-1.1255326735738318,2.397824529634365,-0.9159990709338924,0.8338622556937235,-0.12410921375003899,0.743506332213189,1.0464908088514255,-1.7259584307545608,-0.70280956748216,0
1.5219967483677206,-1.3504767055805715,-0.5071232035829725,-0.3491305178842795,0.5499495220107617,-2.3128093830396095,0.15237749591245905,0.5236165651630444,1.5720590873983689,0.39551163852680776,-1.0021061510489033,-1.4619328851513627,1
1.3741605138149102,-3.2160483843735967,-2.9052413369580266,-0.9188235625567012,0.5459188854848276,0.05871845874651604,-0.11435635140181019,-1.654631864627685,-1.4027279521122948,-0.163710224968578,-0.30552854145610536,1.3031551572874946,0
-3.4915273564491027,-5.114875187284631,0.0074391982549379424,1.2404713636219449,-1.3553277543358058,0.3023525616456909,0.19115918854175787,2.2352002059425624,-0.25058828438539116,1.6595323062070253,0.42628598661008377,0.4048062086610664,0
2.6604405489429177,-1.502128850322118,1.1897256217760104,0.5639490278331039,-2.2833044550121446,-0.990660134343005,0.35405547238560986,-1.5644274090935726,0.28092169980769394,1.185886803848287,-1.0970640048577622,1.907893550129228,1
3.319017570658595,-0.7054832067009894,-1.766407959709979,0.04614000271200053,-0.6438885359097056,-0.9729657168451985,-0.5320773887916491,-1.1645279429637259,1.1169483231942596,0.47769227902965755,0.5305000041653559,-1.2323399857223172,1
-2.2759931129006126,-4.912470545028219,-0.4172742863730954,-0.5819993513862202,1.6562814412482538,-1.3623694524488423,0.2039283814488419,-0.7383491365108836,-0.9942735686144726,-0.3653844413690426,0.9909426860451792,-0.8430772063793851,0
-4.311379390620079,-5.910503061430498,0.16069232538945372,0.34208409501013026,1.0343838716425275,-1.2326380616222208,0.793239597358178,1.3611478716229501,-1.606004734637506,-1.3243710924526495,0.32124593487944536,-0.9998195048531129,0
1.1537184877013007,-4.470946159640811,2.1222418754615697,-0.3645345083544288,0.4396442274765398,3.616138900690869,-0.4149857983761048,1.9134808257066291,0.12540433071472776,1.0874181736431605,0.7258916959993679,1.054298725062742,0
5.373645837254152,0.5098346293923879,0.31093103699952107,0.022308330139784123,0.983725027716037,0.5334558002849483,0.9600953070328637,-0.8747100712929078,0.3447528997588307,0.9021360199614071,0.4856134019690505,0.9613420860554055,1
1.3638267475197177,-3.5651441798829135,-0.05770023544059762,-0.773309301780383,1.4166598640366717,-1.2017309272563939,-2.100755400863467,0.08551062346901477,0.6156759979761111,1.3005060164687334,0.6936046698702452,1.2826752218059263,0
0.09478674011150404,-4.884180012571747,0.10019806971591727,-0.7073896727611942,-1.1189397657789302,0.5384193363715718,0.48302973636251295,1.6326958800487372,-0.2188470897020187,1.7335699152165782,0.18567094656048022,0.23823117662148363,0
3.564754549806531,-2.6185991108872444,2.9458840388232677,3.637681469906374,-0.2461534018465925,2.2957065716808005,-0.322217419843077,2.125363344657482,-0.2531064028325194,1.2443639788741603,0.901988370638729,0.34388578713079304,1
2.7166018501225193,-1.270691083807059,1.2781131136258954,-0.6175668753953252,-2.4026984320082065,-1.151680163793579,-0.9948620034279695,-1.7988844897914607,0.7230151849596048,0.2999212329078886,-0.6276091633873995,0.37898043873545995,1
1.9347726198782969,-2.1255955859832905,3.02365648700504,-0.35145906696397944,-0.9288762363289997,-1.1285510059388555,-1.6096804031632588,1.6618646398474355,0.9491823860674716,0.7137320489682626,-0.2987573141860917,0.7765046601817891,1
2.6139529419899956,-1.175357956456393,-0.4803125947119327,-0.7473181111705384,0.901848794752608,-1.9778823527525302,2.4502990856294837,0.5811273036376411,-0.5382381250935803,0.6024345606515378,-0.983910437097961,0.17572216442010322,1
3.550946316630345,-2.4367168610526964,2.588111656961481,-0.2515518900671646,-1.075047662702096,1.354647469324528,-0.5527459048092834,2.159372855904972,0.06725526188251998,0.3692562442448158,1.3253893137883601,-0.2222304961439533,1
-0.20934467821508299,-4.661782805392058,0.9720927748516178,0.2938618310544812,-0.7695983366658854,1.3324402518165672,1.0382368540715847,0.34824387006255414,-0.06514164480553132,0.33715725937556906,-0.9715962853582327,0.05847135262016268,0
-2.1824645412380774,-6.3630576361754745,1.8864820190907223,4.491448927581385,0.4832548376286525,-0.44544314501769416,2.154708610540091,0.6311136137179372,3.733780741776109,-1.046696299962812,4.377959307702175,2.3849378732560873,0
2.721843674327562,-2.3157263885336046,0.9318321783375152,-0.43105998168781196,-2.2739476745563456,-1.2956245543368223,-1.0099454142366229,-1.6785903047706139,0.8090157301479151,0.33117257441552406,-0.6857868771815205,0.434472160606764,1
3.348497344161395,-0.8308786671875249,-1.7354572718518657,-0.7756475208078292,-1.219330244101585,-1.7360496577794065,-0.6813384060071331,0.3951884344904773,-0.9610812227334243,0.3602102955916613,2.7692460475379588,-1.413272762770154,1
0.08590547518523123,-4.379041316579855,0.012824822789225582,-0.22693404846959783,-0.8816605108337136,0.5858881175780893,0.3374767201573706,-0.04963513419567365,-0.008622205000351652,0.513046198000312,-2.2416353745663535,1.740089286150881,0
3.4560616422542547,-1.0175044691291204,1.936759400555625,-0.018173743404152055,-1.313747538972147,0.6291087288975941,0.5785759012267339,0.029873957779717193,-0.04471094860316119,-0.17369242652747138,-0.6488548653624984,-1.1158362868150737,1
0.6664588513044375,-4.354677536307024,1.7499947031789767,-0.24940640818453105,-0.19028567456409276,-1.7053524741331996,-0.4498477880501633,-1.6909424291644966,-1.323637185092882,-0.5571128025855288,-0.33993438264353276,0.18431830967413038,0
-3.1356238020035025,-6.085835554307007,0.5581378301790128,0.03590964498925546,1.910085225111891,-0.11637510587961417,0.3223980207286917,1.0473992375653747,-0.3126019947012996,-0.5939293040243198,-0.32023905494144195,-0.5652621506888313,0
2.4489006977436447,-3.479995201374133,0.5410176097444608,-1.5302962770230097,2.319736415009655,-0.04962417845445879,0.5035614193918287,-1.690774973064472,-1.2697705221936813,-0.28242899433366697,0.5705781330701962,-0.8580873537019402,0
-4.405058663907519,-6.515763315330802,1.092950380404382,-0.3846214660728528,-0.19913045278718955,-1.587968131318494,-1.0663159700685845,-0.5569304150001955,-1.1953588773975103,-1.182603816651497,0.571312021062561,0.5390835109492864,0
2.0737906108703683,-2.7089920808151953,-2.5168586699910276,-1.0377006807045515,0.08220980022293141,0.047357777235241524,-0.4515265481986945,-0.03780804079901478,0.4602068595936169,-0.5439613208848869,-0.5384179052672542,-2.133577502823936,0
4.295852840942539,-0.4386078404214524,-0.46393647711811675,3.975322621378475,-0.21666624861889622,-0.15709945654611226,-1.1775572858331567,-0.46543990088207166,0.008519994688936954,-0.3034823429930162,-0.255064679230494,0.6259668378459302,1
-0.01661837995670496,-2.967387344230026,0.29315973713008414,-1.1875211741011653,-1.027763049708998,0.7444074024610011,0.2717135858798935,-0.3874299788591194,0.575433427466381,0.5704851336460237,-1.3004024203196385,-1.1916088902335216,0
2.9284958218747352,-2.6839131342132734,-2.686233196003757,-0.8331041354169962,0.6904379542307629,0.6571968935764713,-1.052108636901948,-0.3649379585460287,0.28509020287158415,-0.4524820369011826,-1.7764537511687901,0.23048132049682316,0
3.5433082937786415,-0.23305893995506882,-1.4196513375867417,-0.14974866068068549,-0.9387544802042446,-0.885119586554983,-0.0776814056806277,-1.2342646790722231,1.1272923163670332,0.7266609857713872,0.39775652650770665,-0.8155883249727767,1
-0.3068746596951418,-3.6574884745601435,-2.7933674084953855,-0.522692384935036,0.44654551000925624,0.20650744417870534,-0.21800477184840453,-1.1840308913129336,0.04906682731520265,0.3260731372149555,0.5668623773646329,-0.6585315996428657,0
3.2566556159215447,-0.14584523646926828,0.11038011447608478,-1.1197647473034265,1.2024966106479809,-1.6281427069781573,1.0922302695623525,0.44254152387956286,1.0407374130758813,0.7036802403744509,-1.0880955602846276,-0.44977348275273865,1
2.7292060219507657,0.10090291417557883,-0.650163616017911,-0.3526994220599773,0.09986284228622558,-0.6672787427360306,0.009059432533096427,-1.3652680705293823,0.9022651800360557,0.8062566473377021,0.26096222798968133,-0.6174703607695313,1
3.9084978547652356,-0.06525069923884261,-0.21147914543661156,3.2020530409531744,0.48082951677122565,-0.559768618210045,-1.235197653288233,0.5597575561519627,0.7379511500123785,-0.3381243835589475,-1.2327017799524143,0.2527666817371237,1
0.8029216334218954,-3.2841331960888396,2.5062947130711675,3.2224296420092555,-0.4837159786259405,-1.5816278832326274,-0.09126656387752663,-1.1998948314661926,1.4844549921750088,1.817349166441005,-0.3918606253912138,-0.753153542522295,1
-0.9919697305367678,-5.6741086855737,1.0770229145493833,-0.17646940509854153,-0.4093992945732701,-1.4177309981467459,2.5335738242162034,0.0018642265705394194,5.149873777492513,-3.145427419844659,1.6826041836939534,0.136987577104698,0
2.4270626687975176,-2.8648138713804006,-2.116568668440908,0.036206511087562704,0.841403482879655,1.2905594999673027,-1.972920782066513,1.5484401068288065,0.05555567736206911,0.41160255572501636,-0.08458864846844384,1.11392282116464,0
-3.0101364842346787,-4.41234610419416,-1.3000620324064547,0.8880974205001787,1.6838586715645525,-1.9764911658919675,-1.2371030622044918,-0.57680268367868,0.7828711666468997,0.4118733340276808,-0.5184474955276464,1.3718152666443386,0
1.612825655565325,-0.8535915096103919,1.0064294836640952,3.248972802096041,2.2789372737326543,-0.37513586037688607,0.12224292542437264,0.9278219578370389,0.3042249428302947,0.11523467041677542,-0.42745701285423815,-0.809847363333418,1
4.593910549806488,-1.607846498867611,5.004675680035488,-0.6779818203964163,0.6392802798966248,1.1359810215124817,-0.869346749731349,1.4417329993225385,0.06118141848550164,-2.1357132933064364,-0.6708452776076804,0.9499982156991565,1
1.2862270968625893,-3.2137453411286763,2.4088328509181496,-0.012006720894212286,-0.47154614744051765,-1.793376153263438,-1.085519432063096,0.7142402207846461,0.3885921341835845,-1.1204403856897627,-1.031220995089667,-0.1449467177973338,1
0.08175887393762359,-4.917318647739303,0.47401772089880234,-0.8034527628068187,-0.4276402743373508,1.5957893743764318,1.5615846185127358,0.024853227269263374,-0.34556633218693106,0.6860821762752849,-1.277763441510432,0.40237593797990157,0
-3.8256641767682864,-5.62688573649152,-0.595808207005886,-0.45155798798682467,-1.3422399357848145,-0.6476227320536674,-0.6129911032373665,-0.8143614780852835,0.9742930340837658,0.7765990274625377,0.4121099391443856,-0.7914919685406259,0
1.2903255660651292,-2.524117474932974,1.269703139070358,0.1913701704153667,-1.8519574908721754,-0.7248765499076851,-1.4081652973267886,0.5051622421122273,0.1473411365977541,-1.4200785926459798,-0.7834075686332915,-0.462682983170216,1
1.3535647405950455,-3.58072903642457,-1.9356954976171885,-1.2454677807834402,2.1582335432396396,2.737547851055967,-1.1854936494682446,-1.5746705346530931,0.301090246516397,-0.03938788340504607,0.633664356176613,-0.6330391225975268,0
-2.0355811111996207,-5.03044283839783,-1.1037658242401605,-0.33075040804430705,-1.2944350257513262,-1.3644280756726717,-1.652193024176836,0.47899349845907174,-0.7138616857341721,1.165116139023208,1.1724016486563127,1.1916857461229664,0
-1.041465050709942,-2.84327371926332,-0.672924668921013,-0.11555908657060023,2.0622413557150536,-0.9014120981634585,-0.9280381039847078,0.31643788566807146,-0.09271581174280401,-0.7652479914676132,-1.4377191529871702,0.34500804258926704,0
3.5423312728656904,3.014399379693496,-0.9911223384220545,-0.51088865770019,1.8316791966449562,2.6093431817426302,1.0736335904084966,0.1063260104943216,-1.19221471425618,-0.3931508570846862,0.377728038089183,0.4414144708078759,1
-4.313633437714511,-5.833064453348028,-0.46181708681540923,0.13580760189611601,-1.2820622815125233,-0.04046137803031377,0.021741755126584498,0.8264790086973269,0.9515000033012615,0.44062668874964794,-0.8390714392426453,-0.6952866991932274,0
3.2771230319586846,-1.3269668377559816,-1.7931355533250335,-0.8640746753057237,-0.9730284713448668,-0.2265057189425034,0.8409082353262902,1.8407232810000165,0.805889242296707,2.1066357097460062,0.17030970860020805,0.7503507422896564,1
-0.37239124859640343,-5.2967279554474445,1.696568093286043,-1.666049277417321,1.3404697981612936,0.8919687454458867,0.4673651708117297,-1.6701686552163073,0.5339406479711565,1.4196921198523886,-0.4449499422719374,0.41351757176895115,0
-2.212404805704375,-3.7035767696655975,0.35232203717607347,0.714740944051462,-1.2720939632159438,0.17221831610559274,-0.16731070226035055,0.31882851310654015,0.10831728377789523,-0.1811330051808055,-0.6443785124145919,-1.5698886294673686,0
0.8827908739432102,-2.981667380178175,2.0653246626928103,-1.063485269502181,-1.1337446985650632,-2.2699618277048477,0.33253536664244576,-1.1779282652776641,1.51850442461333,1.286575530974462,-0.11812826647557993,-0.637017062402569,1
2.6217502509799573,-2.4864703165723854,1.5321771580913273,-0.8983534124502679,-2.294183378886698,-0.8236125905896501,0.07821918212978593,-1.3321283392839391,-0.015194436427722991,0.1981149939530703,-0.3655692613345222,1.5869434465247203,1
-1.5104658175237338,-4.890202754316617,0.02540341951686191,0.666274137248057,-1.172752025120017,-0.13224824942935762,-2.315920167304648,0.19732311454976317,0.22050000364466693,1.3164030155601774,0.8340874510669312,1.2508575402111566,0
2.1360952839592358,-2.3672951503283426,-1.7424422508661064,-1.1885512384568606,1.1683843119744386,-0.16456637120063958,-0.3435906776523712,-1.6358396580975425,0.07655875211181813,0.2731797656684534,0.4008363547899469,-1.2371040376935,0
0.9044480297656082,-2.7735254585297358,-1.8830654331176162,-0.5106208273435087,1.819726237034984,0.8822502050659895,0.6756238619029571,0.28469866421918055,-0.4124535136705864,0.020287467889683514,-0.7486052468337318,-0.43706201247794774,0
3.0161911527324836,-0.9895604421273207,-0.0037090297987749233,-0.3682265598398541,1.3781558209959193,-1.8076483228919493,0.7585702584431852,-1.094971841533276,0.996911869250996,1.3797785580835276,-0.1390953038016433,0.07778477467855441,1
-1.329673791083669,-4.173919546307306,-2.7207192830318716,0.8213457013918113,0.7564741356608411,-0.8286332742411179,-0.8417460413782382,2.3293916787554863,-0.6137213678896302,0.8450357180440121,-0.08659426824512835,1.8075551050709788,0
0.9162343707555423,-1.1754164253981556,0.31495251703033,-0.5970518483346723,0.78455166402686,-2.253150829323424,-0.2233612348408203,1.52205499895659,-0.29444481328588185,-1.572471691372267,-0.9955230640449009,0.26675237746024194,1
2.9097755717009632,-2.3796056954456106,-1.9834561797736605,0.22597633254116214,1.1455959294261264,2.046171981276602,1.1051815199238093,-0.21175543006897254,0.1851839431878295,0.8817662107626026,-1.512240562651158,0.3149693776924752,0
3.571072861055075,-0.142613527135922,2.2116961324235165,-0.7235103878456935,-2.113848379057281,-0.0021946302436215595,-2.048691382109932,1.494469962149194,0.5032880080742614,0.1024652063623581,0.2783159961531542,0.27181676614377476,1
2.654842709800268,0.3004807994114632,-3.655963864975566,0.00019026094020760566,0.005913205226445126,-1.9229220550122186,1.0082180010327602,-0.8941641265029,-0.1802857157591089,1.4648147643502532,0.2485002801753094,-0.16238626994248323,1
1.2665494188275948,-3.1069945172833893,2.55987459013314,-0.6238050512970534,-0.3519585497336512,-0.939534518952999,-0.1551323128272716,2.4446264731805396,1.022821603773512,1.4725104887614742,0.6576614315927447,0.10078033223255775,1
3.2348028485214524,-0.5538154023643633,2.163721774921867,-1.4680149023437319,-1.4171768226839523,0.3453901405230733,-0.3420888721073673,-1.5221113973649665,0.08054698852868118,-0.20651077024469114,0.952112045014515,-1.2842383950167513,1
2.6743267124198553,-1.7116128770275418,-1.8958358439716076,-0.3545090861468885,-1.4235729840125937,-1.2260015923089846,-1.4295215817837341,1.9629305335478955,0.9520207054449463,0.7040651769751524,-0.021400661332823277,0.9695218959989025,1
-1.797106791181499,-3.3804214711442446,-1.9554068006926442,-1.0729306931169986,2.153332703520282,-1.9566955992321098,-0.3745671635521669,-0.9253391172995726,0.8313992562043169,0.947436294303568,0.19002086974257743,-0.849740933357161,0
-1.0917483918002062,-4.929774771803464,0.003192803781995157,0.189010095795197,1.7692099905062628,-1.047420886730693,1.4144213299963273,-0.7658063399575674,-2.3624727431104224,-0.16049698201500776,0.8571437604636353,-0.042565817224957114,0
2.981141277840532,1.0170979411475563,-0.9633267480261991,3.8104703562114715,0.12948907910597782,0.025667656300074584,-1.0897039298763032,-1.2574134465984188,0.6965469392472595,0.7442454645885862,0.5851860249323833,-1.520916765838217,1
2.7183611484853705,-0.8547779232446404,-1.6197868242255442,3.1927445815048534,2.0966307922819034,2.279864658774537,-1.603997256241027,-2.1577418136633235,0.08163939136830221,0.6999617013609946,0.12721057860488816,-1.734226610315459,0
-0.12599030299239744,-4.594787555839844,-1.014429338003957,-1.3877222367875697,-1.3609547694123074,0.6424640938681235,-0.6416033378192421,-0.03637924322260967,-0.4962531487265546,1.7027234837344454,1.751423174658385,-0.22076199695184584,0
1.4399049397632628,-1.751917882391649,2.6867953872592385,-0.9221977640310858,-0.5886439094429463,-0.8283663752716055,2.172523617122902,0.3064965707161497,0.09608852691766233,0.9504080305256773,-1.2738136353160525,0.3885853500945738,1
4.26707499796353,-1.3928087125116047,1.2112320607757927,0.008705339537361355,-1.8120332193750996,1.4288824840506458,0.550965132912998,1.6270083066955703,-0.5312316871865751,1.2446246975608597,0.6598338785466159,0.31323213250046505,1
-0.21316236913646186,-3.38021521134966,-2.450793234025704,-0.2894232354478811,0.46934587711301323,0.8828187718066031,-0.11653492273493753,0.4882778381674971,0.8392323982432814,0.054222233553960934,-0.6821138256712046,-0.7286716431148456,0
3.3693840342647277,-0.7309658804736318,2.3463351341945278,2.812836479510505,-0.9264367946516,0.6351105063282427,-0.9267050050809574,-1.6567925599335906,-0.5835118943415842,0.20743601829186584,-0.27127761557430635,0.8296108073177331,1
-2.6161228143105095,-4.953323517269693,-0.03121302167625092,-0.10266050041967703,-2.553229896405317,-1.8096325840186476,0.9539853009746114,2.2733908506948377,-3.1887644887037685,-0.47586765806475223,1.8849057165774539,-1.3926279490457805,0
0.7563047379095821,-3.09578800037637,-2.7044282489507663,-0.3524500702483642,-0.005605332328404831,-0.007686209189592671,1.3230077834224363,-0.6462207680739223,-0.11487300720395137,1.01039418425966,-0.2902219262722199,0.44812517357035786,0
4.906206932527195,0.1916962318582856,3.298699652424907,-0.6575561183615327,-0.6347923471712297,2.0914218066588743,0.24002858392960463,0.13408444048167076,-0.2702385339245228,-0.83346227424542,-0.046214186971331755,-0.9100745369326951,1
4.13843212953171,-1.93862258085935,2.528483730791505,-0.20178861885566188,-1.2234017475767465,0.6616956602775707,-1.536643379721786,0.3620288361413594,0.1704328290601384,0.6041033762854472,2.5099906870169306,-0.7806193650111204,1
1.4650061372686127,-0.6150381548227095,0.1043053138636837,-1.2135169563958932,0.7531430123318024,-2.153179586324257,-1.1495032081285674,0.3719799236727617,1.1805910658411372,-0.6504209488055677,-1.354927504463104,-0.10150121106543813,1
3.6183296469007575,-0.8857457705424443,-1.5487748657092628,-0.21793372917648213,-0.7718949482721227,-0.3522017380232589,0.38699995315734215,2.0434398612365037,0.07406144377869132,1.2094368459976346,0.8007070110754135,0.03899554882269375,1
3.6110071101191887,-0.9060050189960711,-0.9733418356861098,4.9083600745830545,-0.12148950465499632,0.1275069923699777,-0.7938447749545555,0.3907735526271959,0.6004576089902176,0.22802706807972958,-1.7406397941480847,0.7996209796019129,1
2.9570292256521102,1.70219959690379,-0.5463977092156667,-0.46625603908081537,0.43322200471674244,1.2729079413582316,0.6431338170364965,0.3891923458450352,-1.2629355966498912,-1.0910066467115018,0.31076631786951836,-0.8748970593798392,1
-1.3995257806001493,-1.1558778085135035,-1.8655171140895377,-0.604509255405166,1.3240473303152895,3.0747574053308826,0.6917394907192039,1.4520909286689958,-0.17463997818729554,-0.8676372980351733,-1.1843922627553005,-0.30820641408657834,0
1.2244843859500365,-3.205805909289135,2.180674513405702,-0.264010933966806,-1.0244125179155685,-1.314381595102782,1.3274473070859005,0.5759886165472927,1.2966033603595322,1.0556365724262151,-1.3725615119663035,-0.046913078247617805,1
0.3030992865023159,-2.282148123258753,3.6962652541828387,3.737089595363887,0.4235729097401449,0.013865813575882837,-1.1174420433353462,-0.8402498774591491,0.4958976258138812,0.6294261199611114,-0.4132168784876989,1.7218471291764892,1
3.6482022388928006,-1.109792438176971,1.377094503316416,0.3565611644770432,-1.2816673071154423,-0.31001958990707246,0.9331224406273446,0.5025091171236964,-0.9109064642395498,-0.5719666541927152,-0.18099160351262997,-1.1984958534359973,1
2.0697888806618914,1.268137926104835,-0.5958304700584468,3.337943526928099,-0.6821686875390445,-0.380237901375545,-1.6929012491553896,-0.26469825474757847,0.0016497818532209445,-0.7666096286805911,-0.4488577308613051,-0.4605058398800111,1
2.084768644387034,0.5276391362072611,-0.7415924016333318,4.559884414372902,-0.43797010378750617,0.19262132914756733,2.4554643163476353,0.7191184178627307,3.841192089994365,-3.9063987537719878,2.311814953224513,-0.1880392226960744,1
1.9297065883329718,-2.8683817971659877,-2.0254868116738143,-0.3809895711754893,1.061900329550966,1.254539622579151,-0.17241868935100638,-1.4488526803929918,-0.2178924040748634,0.20116856046858375,0.5328999710786354,-0.4680893854970068,0
2.2042631923657323,1.3365929953239186,-0.8365746368325453,-0.30600166403723444,-0.49431833517146184,0.6900854657795856,0.7528795235946845,0.21562259412768675,0.5486875445367775,0.3164848442708298,-0.6930553609184192,-0.35544933733819445,1
2.1742675594720673,-1.2819913124532887,1.615590655335801,-1.338164815933452,-1.8482450389614387,0.25079752308477893,0.3798347533388126,-0.64796876569057,0.9164763663770794,0.5449881529069935,-0.6074417922338711,-0.8944282394825437,1
2.984345190269946,0.4360674439914661,0.6100727647381167,-0.4404512353845122,1.3901503679174463,-1.3656044825387839,0.19321985605604358,0.36405757460108046,0.4273747013642695,-0.3690177624098401,-0.4972403379573712,-1.5850531437544404,1
2.062986837703697,0.04301851099196612,2.3920215450430624,0.2594616322769671,-1.2342982014456445,1.0289279970239034,0.5074681953869308,-1.6502918399891409,-0.447797875972312,0.5406863964509494,0.41301873281354595,-0.2556169982825827,1
1.0053313757425772,1.7024672484288834,-1.1692720402018555,-0.16858297059567753,-0.4754446479607944,-0.09450946458042066,1.390286324159126,1.059847444472863,-3.182025182599072,-1.8375291608127273,-0.5995699412658696,1.1745955280430498,1
-2.964335777948653,-2.284079993852232,0.697768423976617,-0.8983885717607503,-0.8918387226945268,1.6493572023887555,0.9248134445110828,-0.10660680047370828,0.0846681788048882,0.8593900049533157,-1.219258469019015,0.019987715798581423,0
-1.120836196379311,-3.673641255573963,-3.1521934360522237,-0.07194306116521303,0.29867520133099923,0.44725555553572943,0.8328090459170319,0.4576201855544239,0.5794483528738893,0.8440724364430999,-1.1693369771894282,0.005992014305820387,0
2.5634929538586864,0.6039138181183731,2.1445602257341645,-1.4633836640150104,-1.8549372520132075,1.25927148027931,0.9924401440311622,1.6926288355557317,0.042300583981612,1.241339126242196,0.5750363106529721,0.6538948705457962,1
4.347786315698795,0.9646021158702094,-0.35392608171450834,0.34235361164282907,-0.19574568368249326,0.5006093509337394,-0.27430229378755827,0.5618528375932534,-0.49518076008983436,-1.1725346159614254,-0.7035243155957939,1.0866345748798267,1
4.329549730282962,1.4346188128235355,1.3972672811244717,-1.5450647539471767,3.366918912367587,4.349705551675651,0.12803263854258212,-0.5005541395281121,-0.09716685555007978,-0.5509891399276701,1.5004262909791801,1.6066672531012456,1
3.282808856170853,1.2738281048232623,-0.6169528444161305,-1.0096481701804247,-0.2023581589854837,0.9263898542122756,-0.6400040769590986,1.7219301506903653,-0.2401126876951216,0.3334949725940356,1.38207174620058,-0.7667954820199065,1
3.8905823950372955,-0.901334825597331,-0.37171100523800515,-0.36327036817608577,0.2350673476625512,1.2599049887340157,-1.7624601730102631,2.388795168651653,0.2619678757863206,-0.14032521180407984,0.8191969174338598,1.767873301196814,1
3.3992626325748034,0.18816132525601453,-0.5681341716926307,3.073794776062901,-0.09004961362749926,-0.06111916255048852,-1.8216899531337272,-0.22082267527141552,-0.6569527728507156,-1.474791859865828,-0.06317116589920399,-0.7765727789367115,1
3.008745048170927,0.49395918033409225,-1.1655970014549175,0.1555969510777983,-0.5849116174080792,-0.5206591602421189,-1.0026562322899042,-1.4390015972640033,-0.33199265466232186,-0.47000081401515853,0.07835143272656282,0.5895738254001054,1
3.2047366589497996,1.3645339172165645,-0.5189515540395773,-0.7960580040053856,-0.735749449979316,0.12921470365226861,0.2955428566933581,-1.3511672275204507,-0.6168836003604299,0.00849072150027823,-0.02429085029587329,2.1347472769463116,1
-0.9983888775037295,1.667920188291977,-0.5434719894850191,-0.812817744992996,0.06855047087053097,0.8239783491830901,1.4604901810475777,-0.10608918856347543,0.7994640312348879,0.9322785717292313,-0.7286362079386373,0.795466162587237,1
-1.1027848640168774,0.6857578838989856,1.551925234982578,-1.288429118454056,-1.9137964604401476,0.49669114628635824,-1.115859683836945,0.10720780713719597,0.06994287152020875,-1.4995690684065095,-0.8590287015402214,-0.22827849046497062,1
3.4449763292291906,1.6427678107311376,-0.03536172446144348,-1.7793140960570821,-0.08206859177137281,1.457533929029298,-1.3853646684163425,1.2911553890483602,0.5645501448498349,0.38889882713370405,1.936926802966784,-0.6206498760819249,1
3.2975467295270158,-1.4029316379981993,1.0401598896725481,-2.2579300566289358,5.476877863265985,4.087299010654914,-2.687389719449583,1.0317857928365781,-0.943630983175633,-0.5093606398285648,0.31993832706788783,1.2903473785673891,0
3.2696074411227363,-0.47834308487904625,-1.8864606582162369,0.9710910596600453,-0.2903042529411789,-1.2695746004164372,-1.2175050795013982,-0.23897380734376192,-0.3323309859449373,-0.9367205598029601,0.09655711271786677,0.24577772820353558,1
5.226528512821796,-0.30580441199461894,-0.2576374481122524,0.044813609029712945,0.3504776043006588,1.2300337667549992,1.3586888393764165,0.7072536148754771,-0.8724947522891452,-0.6877978686421997,0.035088721679709764,0.06942715610323538,1
3.782653632502304,-0.2659866406163713,-1.3403389816953808,-0.30444322289558207,-0.4124617053052147,-0.3305817098912843,-2.474973639083042,2.0518656621308433,0.5202992532995495,-0.25555803751208783,0.7077381806601394,0.21357289643981459,1
-3.476827238630052,-1.7429367371711124,-1.590814802899326,0.6371364183795525,0.3427943773927356,-0.4050884466703288,-2.3363019339039846,-0.8293687254161326,0.5050865730380811,-1.1641139821466986,0.32279323719412734,-0.020890424685588802,0
2.4898344177987064,0.5699011783748539,-1.4899314953039944,-0.8494988067577659,-1.1221478477680285,-0.430274876673574,-0.6548713579469418,2.6708387568194927,0.22055727532551245,-0.4368348721437558,1.1980935017454215,-1.7238627795757497,1
1.9895561121880312,0.9014265887727771,-0.8474256142365206,0.3846983673573244,-0.12550004848416071,-0.6580711099930531,-0.2772438353285012,1.1710504963687491,0.49030816749599615,1.8547257983929697,0.7491394168980339,-0.26874288781205635,1
-6.170573307306708,-3.5850791311614105,1.7809569226426492,-0.2784200412039209,-0.2845866211269585,-1.0482488913579429,0.35119872596751034,0.21014379589097537,-2.5714922620014105,-1.3280182209309965,-0.1946071807837626,1.0051832861367558,0
5.021395743501472,-0.8772072269434891,0.033445130693401055,-2.4016461142969163,4.081933098369297,6.727291444904321,0.09175787497812884,-1.4715517163855705,-0.9568870291118526,-0.2112142749027404,-0.3972858009899552,0.7092090141479261,0
-3.615052512068636,-2.4441044038788284,-0.9551111355895894,-0.6496787924670152,2.0797382239460824,-1.0948422729704896,0.7360079882144046,0.08386103456261891,-0.029587117552898466,0.5961530293688264,-0.5131263500103844,-0.2520373383699507,0
1.7102745185937707,1.8496544156017465,-0.8616408355285295,-1.4846674111831062,-0.7293657787869253,0.476813722307657,-0.5103843842320045,-1.206408115774099,1.3916548744549178,-0.006322994139314817,0.8151119356478754,-0.8883403157968633,1
3.2492663386449907,0.16898638474805006,-0.5153596680211553,3.5195020297067954,0.2281118482767154,0.9044051478930271,0.9183082580367201,0.44018913896333894,-0.8038769201488519,0.017185374522441472,-0.36005054291109856,-0.5982333817372403,1
-3.084862118450676,-1.7694118018213842,-2.537788547641091,-0.7083118804929442,-0.0072475470225045685,1.2644000071324022,0.022466875607184435,1.5552108808194829,-0.05370937049307289,-1.1323358915293886,-2.0122571350900507,1.1711625978963098,0
-2.4391640233970673,-3.4244707474345257,2.9068329299980817,0.1600859344084353,-0.2031314152754685,-0.510891077695762,-0.725710254619421,1.292156810061101,1.4402721595727956,-0.494527288932469,-0.09747936277828981,-1.110987511230302,1
1.6812751183264063,0.1781544713111835,1.3558194940263646,-1.1050245560831147,-1.6484115172457694,0.02006621874728925,-0.25248854114415653,-0.7469748916234419,0.6017698595486473,0.18522108768268208,-0.3473844775863646,-1.7502439613008307,1
2.695141572847752,1.0646327968630087,-0.42674586376262497,3.1826229590514354,-0.48261396875964646,0.03217833859743564,-1.825525099058033,-1.5151686528604518,0.6163166550679959,0.18424321118884135,-0.1819373206267003,0.32960745226961397,1
2.085231120852942,-2.2131344345812813,-2.305994913579103,0.25155808581211314,0.9612277726191453,1.3235786958830695,2.326892520892052,-2.2567308995076165,3.8494851208355767,-2.7968942084847357,2.911090141730871,0.9995460609011056,0
-3.926093827012253,-2.4197600631422276,-0.9093171855207229,-1.005623726505582,1.736607345080693,-0.442309951587764,0.03235449749932607,0.3470100464160903,1.542994221345766,0.38229457754159774,-0.5449906796882593,-0.326782399328444,0
1.6265641229523826,1.5208913308478167,-1.028969558676456,-0.8950747724884643,-0.38565636849747265,1.0264476066290384,-0.037855728024693204,-0.29159483269639525,1.2048615369926612,-0.07202497133635859,-0.21868832057695417,-0.8643610477370302,1
-3.6706424063836134,-4.706595141335932,-3.0032188131035875,1.6784093102006004,-0.34644912296233327,-0.7850152813411564,-1.32200708013394,1.3176617180307684,0.13167777541006434,-1.1183852566499644,-0.7409380553116642,0.513385703833789,0
1.4319872184516598,0.11849916584194387,-2.0999305381857454,-0.9039599670445486,0.5106039788718337,2.0947293964930696,0.8461912163340833,0.6440292226339597,0.7730563852992882,0.07525381561284683,-2.132400122789573,-0.8319120014862128,0
-0.5445273754674406,-1.5566800520683879,-1.4872069118196887,-0.011049865173571453,0.6456087558066368,0.4682586072968075,0.26942758093337893,0.4856776617908779,0.67854717808447,-0.2989036811751192,-0.7292979399050031,-0.9282613679817763,0
3.2261261627015463,-0.10207484092030862,-0.6470810380642733,-0.5183064466323388,1.4280225057662599,-2.583410215437214,-1.0007420509399012,0.44929318504283716,0.6195815588339695,-0.5693583612864872,-1.3778110251634605,-0.2405107331598752,1
1.8849439744622778,0.8329254427585358,0.48762099943640663,-0.48397537399892404,0.3243924692748471,-2.2765610137750847,-0.5367895937834899,0.20549235165746146,1.0177592712020174,-0.212314947905236,-1.659678405465756,0.3028805762828568,1
1.127569106782378,1.3634952785309968,-0.427160802736838,-0.8938164368760572,0.11535319449254296,0.09418568650033786,-0.6015923337014744,-1.288342181645143,1.4042442456767297,0.17861810309751597,0.5240899392799473,-1.034916067357185,1
-1.3260230850397334,0.22479303719466495,1.543296932920533,0.33667653217474813,-2.446636716875745,-0.4372615490358247,-0.2559740404429104,-1.608070388528928,0.03210754207427022,0.7921200562627987,-0.688685052826814,1.5447313477245912,1
0.8703522692862218,2.592611146941387,-0.32704729285910134,-1.368413736493887,0.7436330093415017,2.3466859840520367,-0.6535875469598736,0.05946929607249708,-0.06390991558290948,-1.439705276542582,0.9544406648620429,-1.1454053136105238,1
0.39341751771206757,-1.8555885849443956,2.3142835427686013,-1.3131552377678202,-0.32754703544902536,-0.7055666107921382,-1.2402316735569534,-0.05683442540205842,0.14210771753024215,-1.1287335981538325,-1.9565525356032198,-1.0281925614611678,0
-0.295093898151712,0.16123177293987517,1.3404686335249165,-0.6837438331319059,-2.2235629660144833,0.16541780599082523,1.5448599214005458,-0.1342792634003673,0.3737546356754343,1.1704934311362962,-1.3480174378600434,-0.09384201675452135,1
-1.1946750949983285,-4.84021243601138,1.9552820829813922,-0.6252391534895095,0.44789760050190236,-0.22862416577687775,-0.16963099074418056,-1.1325081938838681,1.037864465308685,0.9687343319485284,0.025112393200856432,-0.20742947146527,0
1.8372770218407748,0.618189721588537,-1.966747457677542,-1.366361526407384,2.1218747828772115,3.178445455015593,-0.43953855633422123,-0.857995012425015,0.03630241140995483,-0.25814907831778355,-0.3338168538953241,-0.9246237215054841,0
0.22075301417738932,-4.680245145152353,0.37883264296664576,-0.2184623489358257,-1.2176315732325094,0.3076202286059135,-0.42329966009972625,1.8138375788859102,0.05800327265859056,1.1121897031437127,0.601847428322066,-0.5911548747128593,0
-2.477744370708592,-3.806178117209245,-3.3301734807461205,0.5885631382476533,0.1769680709476218,-0.07589391518606235,1.0508049503756969,0.9562369875746495,-0.19964062374731834,0.39816649570525503,-0.6641986881239829,0.04451293030440506,0
-0.8006481457664045,-1.5198820220411662,2.1740393842833776,-1.5321953015415133,2.042006102334289,6.164170449740048,-0.2774241839922164,-1.0979261377131817,-0.3665772506627268,-0.2836952099329828,-0.4737834063449212,0.25642984588854734,0
-0.9198444174833974,1.9538860625655674,-1.0236845690208483,0.2231679711560464,-0.7035443714150893,0.7924104989134831,-0.043818302350052935,0.08858475567319506,1.1108126140823114,-0.038311036629398436,-0.05995804015729525,-0.6368883696105934,1
2.0673936603445973,1.2309764779150225,-1.2325403888342548,0.3317622143305194,-1.032433804064524,-0.5567295846388032,1.0912403720415282,0.31540688284800467,-1.3795711412453042,-0.47489362814238995,-1.172338715465373,1.5475676758624348,1
1.9924900671691823,-0.6018901967329813,1.2945585224816847,-1.139511340780004,0.8978878771431628,-0.5371080315774266,2.182788332335314,1.1165469457034691,0.0943248747682177,0.4199522035969762,-1.2837935895591446,0.5312830279597281,1
3.6120567284868894,0.07874477795954977,-2.596803125101197,0.7865240351354209,0.018820098741604438,-0.7986174637104596,-1.2575503983613099,2.561127504938444,-0.2936083056180427,0.4960318176290577,-0.2331292081847304,0.8134644753933865,1
4.613536878165141,1.5756329294586526,3.698026384692283,-0.6633083302032686,-0.23821491834370156,3.1391853898970856,-0.9657876178493864,0.8057785218520297,-0.4000447695030947,-2.369294519462878,-0.7523466656342342,0.6029332172173535,1
-1.7017253452049264,-2.1433388179914377,-2.2076543428854905,-0.5330133864829687,0.45701896347140053,1.4326626416574082,-0.14308884951732148,0.1199781960857077,0.475460280615047,-0.496789394112538,0.05227687226820401,-0.6627239730610657,0
-4.70612400160409,-2.21273613498006,0.5389725101321309,-1.0197435484765995,-0.43290994442382763,2.4762215791959705,0.026233684918550805,1.2985406752178263,-0.5991072106679193,1.299436904601002,1.0379609976613782,0.7547003496326241,0
2.2628847093035627,-0.05987146187309351,-0.6250442246618924,-0.8542911716213588,0.648616480590561,1.677675525955327,-0.44668182095831593,0.7182283419960768,0.5793680308528084,-0.8019139199700294,0.1850866745053319,-0.8032050211724651,1
0.2135857607283695,0.2843007498500943,4.390042063692263,3.223300368906512,-0.047958775806533564,0.19143968039263234,0.08974346290941479,-0.11788239797667502,-1.2155648152865053,-0.24848480770687048,-0.7522199637007525,1.4295705038094286,1
1.8028887766989123,0.9462936578808329,0.8553733023344096,-0.06215305006047785,1.5979917990564616,-1.0477785142161975,0.8768079541578591,0.9203596393318138,0.15274317971863946,-0.14582597740401465,-1.0604872661981362,-1.0115792307999776,1
2.1728123221052407,0.15866972921369368,2.0100481165299264,-0.9312203016129579,-1.3300111054583306,0.7468220404034559,0.6121950419955136,0.5333081660796553,-0.9200720699672801,-1.082037039809757,-0.42022201433020046,-1.6969887941896034,1
-1.2605203792517319,0.4683120670671359,1.776764134986352,-0.6082542551571016,-1.698289566867939,1.2064472242450621,1.77745899039469,-0.29180501121180363,-0.793258721492708,0.1369258003066321,-0.28575157516777766,0.23762651369822116,1
-3.5913720132545817,-0.42494065713562995,-2.377792549870838,-0.5029494475249061,0.15870827716125427,1.6892595417230234,0.5673901014346173,-0.3180492373141588,0.6564264476619155,0.6907773546733307,-0.7224703024892268,0.13188256852713723,0
2.5484451075833237,0.8593613385294062,-0.569416918255678,-1.3670897141898628,-0.30388442762436807,-0.6021668904397802,-0.4271722507560517,-1.169040286726343,1.0521018862078786,0.08290900201295202,-0.37256364797377084,1.5788685414555352,1
2.871434851324391,2.2064054754982187,2.4806550801571565,-0.3312333635397668,0.7968556995294594,4.011072843311577,-0.8033211197891515,-0.9924949970361472,-0.36337256025825787,-0.7657980090289579,1.7385005391468142,0.26836358825977613,1
-0.5602814114364572,0.9606760455344362,2.126199466834927,0.546482678598973,-1.7278986098858502,0.8342417107557721,0.3316872905052796,-0.08679324274830907,-1.1576125673339077,-0.9125148998091337,-0.6104416289406792,1.463203897913488,1
2.4924534431055925,1.3249180527745335,-1.2442563365512707,-0.9488615362221673,-0.5195874940175903,-0.04767676483678087,-1.344687694813233,0.01761027235162905,0.39232216309024204,-1.0269393099194306,-0.9690285393318853,-0.18776981340271967,1
0.9280137185778009,-0.4939022804924937,-0.1275578413157863,-1.4664559772227532,1.8378424600818095,-0.5559995544848919,-0.09510742139307207,-0.6876342053399277,0.19907431153574742,0.333720701365278,-1.6223378127925943,1.4238789589920626,0
1.2480078255942717,2.0010034912992016,1.6135354323328508,-0.7109682046979151,-0.40091380242829705,3.1957938409561613,-0.5801055860327156,-0.09909558642387409,0.10015156101405312,-1.0179314753154012,-0.42593518892158716,2.0767428447042837,1
3.1354659646350274,-1.460025558778146,-2.295024770950559,0.07747950306335233,-0.9419604706408873,-1.9053183129225628,-1.358060278129561,2.1507148795213826,-1.4719814793273347,-0.845084436333413,1.0443764756345084,-0.18682084622528156,1
-0.31575735223321416,-2.3162361948614505,0.940539005476623,-0.936034063836482,-0.7595200604484479,1.3054113858267526,0.8227631777846195,-2.0090636018311705,-0.6036611091586499,1.0723763449663164,-0.09193571166086136,0.01527570315547072,0
-2.6147406835098277,-0.302595018537317,-1.69722243717057,0.23289921457442117,0.8494543092264886,2.681806600182098,-0.11241084602802891,-0.3325894205236576,0.5729141835612731,0.13984046740345926,-0.46530055179218377,-0.1583912955771287,0
1.8283487337275848,0.6894752023343117,-1.0744197222887133,-0.1225723177179059,-0.4713323671293266,0.21681054548707376,1.0037496518486952,0.44706007546460236,-1.4362284978577653,1.7619891084987345,2.116329756809828,1.2916879279848539,1
0.14801795083077984,0.22610952402636625,2.619552538325823,0.20301539316032052,-1.268123056434912,1.8699023581328644,0.7658165337880051,-0.4722765287725359,0.1924258485323939,0.6263441966088956,-0.5101981115829597,0.24149356151539506,1
-0.35964674435413535,0.3576934867552415,2.160538756384304,-0.717729389704083,-1.9624987408749124,0.4814149999640596,0.02036133153877351,-1.4852128719460782,0.5582383594960943,0.7267566325575912,0.4725917823946729,-0.43880405580576953,1
2.3237912549109234,-1.1663235090992508,-1.821056643587521,-0.544589722361731,1.4722345169918851,2.611980393950745,0.3619256921201373,-1.9682900694139938,-0.21972624502848584,0.46639962750765906,-0.03823015211431125,-0.023662236346236796,0
2.3237882969088535,-3.170314254494843,-1.8015765026242252,-1.0739835895641232,0.6979180987868567,1.565813726582046,-1.169558952390116,1.8302912583434507,0.057901305415821794,0.6545562141320528,0.0010317711033615174,2.18913820987129,0
2.215199694775346,-2.7114675964618002,2.692796388913884,-0.9692640522030651,-0.8475973264208575,-1.3360025637211401,1.5502605323054008,0.47634785548224234,0.6353278561573138,0.5262455623452035,-1.0501010657968526,-0.24116837706264563,1
1.6987948976526912,0.58389237834793,0.6263532508909601,0.2594210363912082,0.8733859968553898,-3.257575021582874,2.5930842287189844,0.9085396300872614,-4.698687619665633,-2.504863818144633,1.1527217754427772,-1.9004294734046197,1
-0.10586005278506423,-5.253664680091356,2.2657308458300203,3.321988239328172,0.867929460084437,0.5068253246982979,-0.2897836563323172,1.7781943193530878,0.15351528816255156,2.029945009217091,-0.014967345387493206,-0.08678856394354152,0
2.812441701247036,0.23613457017922287,-1.4425675078276365,-0.481866104439753,-0.4351768627615433,-0.3503284324379126,-0.6939195748199676,-1.4042662431001467,0.9031835943322656,0.3380030572954453,0.6217805566456304,-1.3456847256491449,1
1.8430936316109103,0.4622713134856339,0.6966565371127428,-0.132790342754381,-1.6786314942571046,-0.8237079252974624,-0.17352949226893127,-0.19960009677699603,-0.9236335651193358,-0.46836863656539046,-1.4283950014168951,-0.00940396781343551,1
2.29379465458324,0.5435959710032978,-0.37056415134327503,-0.16280228200328659,0.9984139421474741,-2.9116428080624526,0.5875412857962726,1.4569847194050431,-1.4631644048433359,1.298525409316415,0.1433300826648966,2.0730221532800392,1
2.9416580355930644,1.1811131481049342,-0.6609575711637077,-1.4785271441450267,-0.3053107665535666,1.3101631832678031,0.10898508284151705,0.24825808418436165,0.019408869362513476,-1.08511483541802,-1.0708541778075802,1.4293486447900203,1
-0.5438087091474141,0.5001968947704046,2.8400582813563116,2.769330899223786,1.0981870627531778,-0.48988565649940063,-0.6369824351933238,-1.156709367032817,-0.5004901190792336,-0.011191678071312454,1.0281143105236186,-1.4987091518661761,1
-0.9064394470236768,-0.18202604401315567,3.5848351008573913,3.4234064927005177,-0.1996668664519916,-0.08254407382562587,-0.5840171242354483,0.12766152097452702,1.06079294105205,0.6027299953952869,-0.9920086506876975,-1.7245529561280124,1
-3.4420469791094,-2.511723192795549,0.44032199986812476,0.3937632754098414,-1.1804540956142604,0.6248549234685253,0.7302359179544643,-1.615561955381436,-0.609434788447507,1.203547426391037,-0.04653017261714692,0.03303082989759889,0
1.341674855172162,-1.7685707664828731,-2.086699921033027,0.0197801637114807,-0.1420790965113397,0.3306422000732864,-0.9927686098752155,1.5853524742782816,0.07051424756889939,0.70439654136945,0.835478132022434,-1.236933234431371,0
-2.6470330257318118,-1.7255238855687722,0.7977829445710899,0.5407803395513844,-0.4897995001756856,1.6193467042055145,0.5960198476043981,-0.6603976198405497,-0.9090521190894068,0.48243256877455404,-0.5728448603528532,-0.4175969492320727,0
-0.02793034632200384,0.5652650797831167,1.752718474163563,-1.3232196685005986,-1.8851322902010967,0.6484342764700619,-0.06256852125142845,-1.6441022526630826,-0.2638242741740063,-0.06567210603884471,-0.3517859714485167,1.5516583134025854,1
2.097763405933964,-0.15348225529942416,1.8486566635542068,-0.8336594821090468,-2.1145443773670185,0.0037769572666434643,0.5472832519053888,-0.1635218135630495,0.17330633391166073,-0.09926351424856815,-0.6718471402284,-1.4888516847479234,1
3.157381894958274,0.8397318427018707,-1.0103799068996613,-0.46241210400683136,-0.7961825470130456,-0.3019349704043444,0.05048046300469287,-1.3317374295642646,0.862214495538241,0.6819576316677208,0.48880391637778725,-0.5637943448422377,1
-0.7643852250632525,0.10686545090682237,1.820159525079791,-0.731361802469305,-2.2595301776253685,0.36191415954396905,1.544582466692713,0.10531788957373889,-0.21992549198493502,0.4634244897181554,-0.7953840515860492,-0.1486454355008479,1
-0.6891674523126429,0.7678476316277849,-0.37999904073587065,-0.04455439039347491,-1.3586663431972874,-0.44560664617041473,2.494470946972383,-0.9994242929688477,-5.18698037732278,-1.4298395916471291,2.2023795401200683,-0.49232240107176783,1
0.41207483065426775,-3.1667529331188704,-2.64456774683644,-0.05547699163668941,-0.19184324743520328,-0.2142880160158255,-1.168877998972039,0.31664880199035295,0.722365531927929,-0.5461597895220585,-1.4479361306135774,0.37477857641529916,0
3.0407579091689003,0.2290805202168735,-0.910363799499118,3.9447639094824836,-0.10855092757799735,0.06997257726673753,-0.9977437711746774,-1.408367125833376,0.2776715227042365,0.7984093163639514,-0.5809950128660217,1.2055800966503742,1
1.4533587597958573,2.0466180622176893,0.25465894881579937,3.084308398388487,0.3904752719303304,2.2125937532810744,0.5728070460215667,0.11531377083823491,-0.5582103347273324,-0.3792720623851221,0.3549840067141252,-0.1925019020970311,1
0.02505583672715408,1.1808533103115104,-0.6270326174830764,0.6089404392276634,-0.37303904049394476,-0.7100003395707758,0.8511244461154663,0.8117402743871335,-1.3007602329667256,-0.7110926407169138,-1.6123790024780622,1.1428353161077347,1
1.5560647051071348,0.9931479081865228,0.08753620688524544,-0.7661554064850362,0.5928434296758202,-2.5052720456586783,-0.4836540015248196,-1.4736572128935461,0.5969186302540243,0.6392283221006628,-0.7091860805407256,0.9793247821509499,1
-1.2692197837085686,-3.1935875843481796,-3.2050117320741114,-0.33250709247634247,-0.026680734609190015,-0.4686757885640294,-0.8466602015493327,-0.5644175396494845,0.27887084551664754,0.17014607124323627,-0.7455755588396168,1.232668884658971,0
2.652078057738634,1.3162922360796339,-1.0510318447066784,-0.4253521472027059,-0.5338307657437869,0.3097754803260172,-0.09022903745475963,-0.5348592192258054,0.04716915059557378,0.0003726875110755753,-1.1445154371326975,1.4482919196005801,1
2.286565664366768,0.9645235789791142,-1.5732736327155388,-1.2026523298244882,-0.5957727493638971,0.09432666610704164,0.5275244406829463,-0.09978236714839582,0.5562154137694267,-0.2492522350236219,-0.023664669414117403,-0.9085206549833295,1
1.4109329099620949,-0.07221594845008196,1.766525910889762,-0.828592067705561,-2.058639740829967,0.03735445231330037,-1.0686896051616877,-0.3034966365779768,0.48084460299689347,-0.6240415674236253,-1.4304375513626528,-0.14025736981795148,1
2.463520054314653,0.1269399485143098,-1.4964972135152437,-0.5339425160431526,-1.2469835395231195,-0.647044842647474,-0.48080581615349055,-0.042243504463036714,0.8374102149777345,2.1883934293867426,1.4803578814029643,-0.07277378043859009,1
0.4230939398408402,1.7573631333400135,-1.409083118418995,0.0035549391078207046,-0.7962349762748476,-0.13762101320825776,1.3809206906712448,-0.16313363498389152,-0.46721116744453645,0.5552950359507586,-0.216823661488228,-0.024730866984417076,1
-2.1068533053018634,1.8753683621997788,-1.156104110917146,0.9950450835055644,-0.7656328516296763,0.30053245420890473,1.1016203491390522,0.050426030577615764,-0.5659652900062497,0.4271329317189048,-0.054854331351702194,0.10390638126461624,1
1.9618085761262223,0.7495807055220478,-1.2384365993274313,-0.7685111707097925,-1.1756902218186054,-0.49010176970293656,0.5781280635353071,-0.4220590009496372,0.2938911739361448,0.12406972420256145,-0.17344273998335652,-1.0591611594296908,1
0.01803744441686848,-0.9682237219452354,-1.89174477073375,-0.9844471921584143,1.4095821503432364,2.503468764782868,-0.9851410989185229,-1.876155913758725,0.007977105860115507,-0.3602517685709582,0.5676528521951623,-1.266016747974286,0
2.237290620237873,1.4480343409210341,-0.13565747909963172,-0.4876668587689557,0.0542759208939797,-0.6566377952997814,-0.20028192262358865,-1.161575452449281,0.0843545508831917,-0.06282491700902984,1.0171305031030604,-1.0591040613422236,1
1.0836860488917854,0.9236718845742373,0.5539884249040937,0.4474098474180155,0.9866418320634991,-1.9549717711353598,1.4413706126857206,-0.033007744420151384,0.12993209739654735,0.8499142639578962,-0.6758177543029332,-0.15164409725996755,1
2.449338631185328,-2.026125540376235,2.8730877224708022,-0.4862760223508064,-0.7661685259695092,-1.4864827650445087,0.31010823239932217,-1.2601320608338233,1.3027965239011128,1.1313289631192465,-0.049159752699975655,-0.4926120703891302,1
3.432134513807736,-0.6656618702250665,-1.266117813147209,0.3466197928787997,-0.3384998051147378,-0.49606066540582633,-0.475135126821596,-0.9847874117470196,0.3305041572240452,-0.18537458020445446,1.012222344451376,-1.193089986320889,1
-3.4800779265299564,-5.318382807755066,-3.1128392297985563,2.279504336199942,-0.3423647695974208,-0.7690057619165777,2.9447483466283195,1.283592143346104,3.294774728438789,-4.270415392710487,3.0713175911157826,0.9172218093839779,0
1.5279813032985468,-0.42644347974215413,-1.5474596551023507,-0.4589923719522034,1.4561293348313253,2.728971372015701,-1.3229303288798595,-0.25079204717113357,-0.4643721294065868,-1.5856859025258985,-1.1475181874142943,0.3025349289484526,0
-0.6835090439209176,1.6662569353643504,-1.0699407490534412,-1.3211538780984744,-0.9956647684909165,0.5592464432880649,-0.962606441982439,1.4990997607839924,0.5022438021773624,0.36490508012608475,1.7910549133594913,-0.7987410945730746,1
0.7976072417337393,0.359256321132297,2.3233316726458946,0.4920173884728096,-1.7331102791430004,1.0080127291773588,0.8227709559733981,1.124646014030468,-0.14909279236356476,-0.494926169360916,-1.298141860216982,-1.2027773371706627,1
-0.4687137913825343,2.0900105376385474,0.044311545733115916,-0.6099035620129302,-0.05511421606800085,0.2072780950116414,-1.5044020420174962,-0.9873413848118902,0.8597699592054114,-0.6709572805679915,0.2448444990509143,1.015723881691337,1
2.0199716781555153,-2.6483167561592573,-2.087874851011628,-1.0011412199332799,0.9465376439414273,-0.15066168270721153,0.26079190503418614,-1.9380911273826722,0.7142056274500489,1.3846472115005315,-0.47336215711483315,-0.48094168762701195,0
0.8739750583118283,-0.8233194278092987,-1.7267185537685932,-1.223073827922232,0.4831006071517966,2.536642140099625,-0.5659966964883286,2.367382507949405,0.9347967129623383,0.6799101670538242,-0.37150420091696573,-0.5894641476595093,0
1.2005703043005147,0.8929105466685338,0.6890024187637255,-1.2232734009306203,0.9248821590057561,-0.9187723837723111,1.2797977082632561,0.15658744645364037,0.8273842091473362,0.2663186106389618,-0.4076998733053342,0.017248863701089943,1
-4.745838623391794,-4.338118451498928,1.0669015041798633,-0.3576721677496268,1.5986077154850153,-0.19873486255352676,0.015482924185437587,1.3153511183930762,-2.5596102288830433,-2.636632700657572,1.2752678541923894,-1.7847453512202816,0
-4.20189192499125,-0.84582679688638,-2.180897324356587,-0.591536986351127,0.5846881861989094,2.282508973521675,0.42419045821715906,-0.05597625468031821,0.5449611657429839,0.4371401673635974,-0.43538086077298227,0.41049054025482706,0
-0.4379299618373382,1.9273899828966603,-0.8604813602518686,0.003174329893669401,-0.3775384505419852,1.0069264282123163,-1.6827622886961802,-0.07547799554346002,0.7389310492674307,-1.228648140644634,-0.4393025000367533,0.3895517975141077,1
2.4192384663472617,1.300738967798242,-0.23977459707407275,-0.8425498813758601,-0.1242911091899784,-0.48676920582187966,-0.21723276245979098,-1.5037430060755403,0.20639602085239211,0.4467257694791919,-0.44806872335658343,1.75325357591764,1
1.6362134247227575,0.815439513645457,-1.4294139774079715,-0.42684940374885827,-0.846004712729764,-0.32700800705779837,0.3586973937428557,0.27767578217388106,-0.5496848519445481,-0.45493387100136984,-1.2031900970906946,1.2479175136440206,1
3.2419681949581345,-0.47305238430112384,0.13948740541497132,-0.9560664054333261,0.7770707173426573,-2.8713143080470926,-1.5472978923628637,-1.3205010327037896,0.4898242488998542,-0.6298437234851761,-0.006973451726470862,-0.41117002513015954,1
3.166572101048363,1.4923557213648417,1.340774700613597,-0.8679526750847889,1.998309930574732,-0.7784455160117824,0.8554536198641705,0.5633680849307606,-0.7254874660631196,-0.796708359657096,-0.008004060531213577,-0.9540910944724881,1
4.576983951762054,1.0056055179384158,1.6846687299833818,-0.9747087730450631,2.464698937385507,0.6315752342280111,0.20808106860254308,0.3964620225877296,0.6775698045538013,-0.2914841389048821,-0.4535949170435184,-0.5279376381898363,1
2.908450993406043,1.5242555439114567,-0.7432079101583546,-0.024024546527978214,-0.30412685089845864,0.9147230116777225,1.0941275653028526,0.19911808770254244,0.36300324907992176,0.4822547598633841,-0.8149935584285692,0.026015151536890758,1
0.809009260280296,1.5212530130963295,1.3223130536560517,0.08005629216990091,1.9011267630364985,-0.3702297082595982,0.6792459183999632,0.5051094382015813,-0.11155694799980459,-0.178345444413167,-0.4575364161996209,-0.5778830338384635,1
-1.5846921777299505,1.4006929818393639,-0.7723527585590332,-0.8611872633976263,-0.4070979803380625,-0.31555033890437434,-0.08051157634062861,-0.06459959818251376,0.7694194604938001,-0.4214507232946073,0.05780603676958814,-1.39000035040961,1
0.44109161849194584,0.5484966745514179,1.52367102266869,-0.028292774266399933,-1.7557943032160135,0.03503169880514476,-0.3338553038872169,-0.11405932086901033,-0.7993464296037456,-0.6935976235744186,-1.2474215865039682,0.3239440524161034,1
1.201509194135469,-1.0052011822800235,-1.5920630026296665,-1.237159528263234,1.2468422713353378,2.8118237563818074,-1.8842616170146287,-0.42426869764634073,0.688609893530466,1.1062133408666506,1.6848854811380911,-0.5023122458872793,0
-1.3559883571630262,0.2728326660341452,1.6337841841751133,-1.1424667920424398,-2.1962405205832676,0.3444617005361818,0.5588259293516834,-0.28656081740771366,-0.1721739882132336,-0.5752385087110273,0.12396249961097536,-1.238761251678478,1
-3.1837176067462436,-3.018006164923335,0.3432355373428168,-0.25449879110615625,1.3326544170694616,1.9213374214081371,0.010461464117429773,-1.165320112882186,-4.202724579311121,-2.0056318006756952,1.1407924831878822,1.5552984485018322,0
1.070505588217123,-2.3198970889373585,4.026675993184436,-2.0927017789493325,3.5918733424539107,5.766560540160308,-0.4959109223018969,1.2346886848119776,-0.794559462565915,0.8106512033085468,-0.047230836875323166,0.8311329209133181,0
2.141057530866001,-0.09254069476186323,2.0094679594660927,0.027940371071519553,-2.1016427668320445,-0.008289223437813265,1.5444712404417316,0.06923355800020647,-0.797782731668157,-0.021016535826674492,-0.6125181081669276,-0.7093036575627346,1
1.1138809449450047,1.66329223340431,-0.9731423704751561,0.17781316938883743,-0.6302297801928773,-0.058642345209437535,-1.3164962021900042,1.9661484546968153,-1.5096144793409736,-0.5360860971469517,1.0324523203274487,0.7143720286696363,1
-0.22530131358835628,-1.2698087311211526,-2.3084065509911404,-0.13101575057313136,0.07704126259381272,0.36775181485810393,-0.744850606505824,-1.767334932120368,0.6537717328985413,0.6968028492144583,0.16135740459093928,-1.220537153384048,0
4.236706019991289,0.27125597285271885,5.32154792921586,-2.455044192880915,1.0143842981659728,2.4803207950257935,0.7532474485780738,0.8844509086455487,-0.8487942055116044,-1.2704211647808297,-1.139742047477312,2.534064439193202,1
4.078766274180069,1.861690740732418,1.7647198183589914,-0.1301787614994544,2.524717051934005,-0.006813076823440592,-0.3236714623904165,-0.9700116705078171,-0.28408323846662437,-0.36761196467561974,1.187037697696865,-0.6866600298216746,1
0.534257666726789,2.0016639551992674,1.3121885278436538,-1.561980163740616,1.146443082432956,-0.7289021409580567,-0.8840224859637436,0.04004234324551724,1.2133284151359585,-0.7696170453080705,-0.7859357844211433,0.9222986218065923,1
1.0734547774061685,-0.038178108033026875,1.4868528956403695,-0.6268444489813328,-2.4016944124100137,-0.7366500128777979,0.7226574006717844,-0.5503130120944766,-1.289150565366353,-0.3407659638574122,-0.9298481541206184,1.0840724691969805,1
2.919814345784132,-0.60919158497827,-2.0351510653509606,-0.5818073107616404,-1.695141565751454,-1.6313599093312314,-1.2470214677050029,1.7560685127028455,0.8265122440139672,0.8708824942907787,-0.13299607259970492,0.7807492005547444,1
-4.3294262377958255,-5.064437276983784,0.7262567074015582,4.974354276182134,-1.0175247546789996,0.297200930730484,-1.8254119380358325,-0.839227427660121,0.5194976718471013,0.7186145139361688,-0.518001776677238,1.122045794428668,0
1.386239741773456,-0.06163238001605926,1.4927890657608365,-0.12400890576843458,-1.6050746758037948,0.2185064166376413,1.5461428746242767,-1.709613412939411,-0.6590522739751191,1.3551871968389086,-0.05731900632577574,0.37423067401534116,1
-1.0526764309605254,1.75861720826639,-1.342766258397668,-1.3823246913741838,-0.6373344871753468,0.8991271351684791,0.1444459507501941,-0.14013440789718898,1.0743989255905058,0.026011369724253008,-0.11040529558972974,-0.5947266775272886,1
-1.9235457631028698,-1.0470532554873861,0.6451824599943408,0.03217064878628619,-1.4584810182385919,0.3707886245561291,1.4429797614638384,-0.7539070762179481,-1.3921222569106166,0.5444718375867075,-0.5859777519657112,-0.4970841483677953,0
0.8463961374265001,-1.5137266791997144,-2.1003493713145005,-0.8373568643579846,-0.01416994282043748,0.4057561388505569,-1.256799367248358,0.05393596850801611,0.45522782384743254,-0.7770977554287009,-1.2685930523406392,0.2612366057461271,0
0.49986244895239673,1.6702359062579577,-1.082151995708999,-0.2556874863472628,-0.6419660926228855,0.6649572384834658,1.5428209238925301,-0.31069731998656386,0.17159927658128948,1.1317351567877045,-0.6359345430147224,0.6954128733817485,1
1.5646716410370027,-0.624390745552775,-1.6573195633517277,-1.7408236517048898,1.1918631305621834,2.7336095189310234,-0.44302727046139345,-1.1323209999738717,0.17683826913040968,-0.5849242984354703,-0.38143190922438486,-1.442678907908209,0
-0.22148206024289696,1.264648484655215,0.33521803162879116,-0.8436539700118786,0.894194647863215,-2.3623491386161466,0.8182508201228459,-1.196488604755318,-1.265292088011413,0.283831560632302,-0.25822734268477465,1.8596512922312602,1
0.14633552690668042,1.8860228637940246,0.06358742501641668,-0.6265053119654842,0.3241902225968091,0.5725491968200077,0.1563928466998665,-0.799454313984355,0.3110330980355651,-0.1727793715958292,1.0540104958667216,-0.12488836571742176,1
2.681798457323193,1.7294801465876757,-0.5448183040046686,0.11974500586890054,-0.0228313876339416,2.0670914260233637,1.0500898074904363,1.3390550446251552,0.937022261808104,-0.2533118634463035,-1.5891346643161992,-0.21599775771113927,1
2.849729135322009,0.03949353533489713,2.456440793121878,-0.920732208702742,-2.457126132295358,0.3845344873077587,-1.284917980152498,2.438789013487639,0.5664205327588867,0.11324711660530261,-0.7026779552109721,0.5795554692470134,1
1.85183828455562,1.2261029929891036,0.7291535715797315,-0.3645122031304116,0.7562767607274413,-1.1625991553473867,-1.1516200853925989,1.428540407229112,1.6406050731729154,-1.3799155994376677,-2.1297468879133956,-0.4717316056530152,1
2.132653900256306,1.2620946170911982,-0.911090751314328,-1.1826036653762135,-0.5139115102217845,0.6738411836521545,0.09247153205571183,-1.3628057510344105,0.5703644459852877,-0.04130077626312839,0.7159110076421938,-0.6514679299220159,1
1.944590604938765,-0.5236747988790826,2.273932485015046,-0.7510657960964451,-1.9786870253088955,0.7372522997415973,0.30810944500599424,2.003211305103962,-0.7770375193237273,0.43263624633186015,0.6418997189307887,-0.701331861745172,1
0.2957766209202519,0.13243692064067344,2.211355693105863,-0.37039987775418776,-1.7718399690943238,0.9079516442814288,1.4077802410183016,0.25527097417702604,-0.35644483520599807,0.21266784973838687,-0.5996909045748912,8.0497246857852e-05,1
-0.7004367158056045,-1.368554841560599,-1.9547056191042211,-0.11973789431909393,-0.23785038629522268,1.1596572122188413,-1.7441204546963895,2.8441941568250115,0.2012195933583875,-0.6051840798078709,-0.47123888075048326,0.4813166976857364,0
1.5425489899667522,1.0756504452972937,0.962005957616865,0.17338783696497873,1.252824095436668,-1.2837978999759043,0.06253194405734575,0.36943734314902993,0.4529930721196749,0.018574806805542295,-1.7225622801633929,1.3908115028733896,1
1.5565350672861002,-0.3502009957126184,1.3700792056343762,-0.5995757921290086,-2.304126067049302,-0.6141205083704119,-0.30655286524416026,-0.27302105044174785,-0.2622975277538412,-0.5849336356631901,-1.467300813616938,0.040842387064035694,1
-0.13574367381034458,0.5033054093803657,2.0715827089884957,-0.40404404002496064,-1.2092325872470873,1.40625596493844,1.1049161624010073,-1.5870520102383285,-0.17463948212312508,1.3843335815627986,0.06564910887140989,0.8355786110783355,1
1.014763194661935,-0.1924155510642206,1.5641296963655202,0.7002918971354186,-2.339840702097767,-0.28732761547113017,0.6107407953717288,0.40553761303405794,-0.5170056394698082,-0.19565895263574457,-2.1506295969269136,0.9074317501877112,1
0.6154061398913708,-0.15986493804720023,-1.8594012499062247,-1.5347271726907632,0.4622426660749408,1.4819821502746904,-0.31843125156808094,-0.7311832145287143,-0.33795325737624893,-1.058450959089354,0.1409884486256484,-1.8598643637481314,0
-2.701624277191505,2.077843186238717,-1.4578458276165556,-0.9089175142717778,-0.7140151649077353,0.6913684388969344,0.3351288881099158,0.00868344794961887,0.1958389166982009,-0.3204898129882795,0.21073525936649226,-0.7024532449908076,1
-0.1740139651894329,1.5016301768623204,0.5229298673210694,-0.6739975097216723,0.7353654965433937,-2.0086947490951252,-0.20855437386215167,0.36590187160558374,0.5792208967519008,-0.0708587176513689,-1.5578404990221195,0.8486169134680183,1
-3.837064236270798,-4.1294440470279605,0.46550194337332906,2.042226552596968,-1.7103532003769322,-0.5021720228259975,1.003537543299551,-1.272289408149505,3.3178094290011457,-4.074325942397163,3.027086969326021,2.1348699728197786,0
-0.0920555379739823,2.0700289241348955,-1.1484259062649542,0.11899721452296194,-0.6577944059999584,0.2503231140224038,0.023275356164590894,0.41873680862679474,-0.2174649437440212,-0.1972857516622445,-1.1958906608429727,1.546051453330374,1
-4.354854097685144,-4.401754291478744,1.5712595420757685,-0.9920200466061404,-0.09178438214072303,-0.6116065792153059,0.3499260543824835,0.5183703815194223,-0.9189990215593459,1.9001424132996994,1.7512550795946804,0.8398161598772524,0
1.29405092326807,-3.375024060345399,2.259877634574865,-0.6497157991748359,-0.859848128646481,-1.6901539657641615,2.619290040190226,0.483917065132075,-0.9869702364868754,0.331147904519347,-0.9235450860618233,0.02114091637699,1
1.876825258291817,-1.7635344863936009,4.110121051217333,2.689864986520326,0.33123693139078114,0.2925333955378448,-0.8717670527295884,0.5082025177723621,0.1260031001129441,1.8427241574023043,1.9473711136026417,0.12853391488645333,1
1.1752071365582661,-1.6175563899709773,-1.4833105161555222,0.6442599958897042,-0.3866594064999104,-0.1829407375455289,-1.0262094268778166,1.6582385207610328,0.7054511111720624,-1.1995582172973795,-1.0767524025028032,0.7057999980354906,1
-1.498505366867598,-3.991857048459139,-2.9921168239675273,0.8403915242677087,-0.33450210732428276,-1.3915588204936193,-1.662189808207214,-0.7086324013024705,-0.6152738671547472,-1.0820386445579515,0.5333322474884366,0.052213620624286416,0
0.21521010395657209,-4.651643443126136,1.2151242321988882,-0.19188731483791044,2.063371447760339,1.036286527841974,1.1333420721225227,0.9627689103794953,-0.6535524614886058,-0.46997224920448644,-1.0934288447280627,-0.17970136777550083,0
2.6120901393993647,-1.1077595847896236,-2.4468811710798586,-0.6705609633651575,-1.5479163203338921,-1.815840544190828,0.7701693563015436,0.23826582945618444,0.010742555473788662,0.08498766725997345,-1.7061639645083373,1.10095083273301,1
-0.7797625941516492,-1.6120441548030808,-1.9065400589289625,-0.060342050933996215,0.19886337799375675,0.5776922794378754,-0.7253213074425016,-1.3620552977695164,-0.0030869537690259925,-0.016913820400805444,0.7951973596581748,-1.146513625054772,0
-1.5377398010285201,-4.838456715626455,-0.13768980716036555,-0.34856263390245334,-0.8608306151793476,-0.05297026374642625,0.40990538066965315,0.6821055548084505,-0.7216910677376515,-0.5757398180718794,-0.1986348610231131,-1.2361227858217119,0
0.9405798959431166,-0.9419425077433283,-0.4811288087782232,-1.0211509976907003,3.0003666281584134,-0.25254918345612104,0.9236612738039061,-1.8148244100198017,-0.648649937633116,1.1960244705264782,-0.24016127040507435,0.027984533207659274,0
-4.24114613111049,-4.103767719962479,1.6279178614711813,-0.8424643072391848,0.08599980324308447,-0.30773257108998325,0.04510927769080587,0.4495571943790575,-0.399001455638833,-0.20505288202211036,-1.5618841772752823,1.4816137242161516,0
3.0716003918530896,-1.4173487733732102,-1.4773292747623215,0.31888379482188006,-1.0695327427874248,-1.2203004536669415,-0.31640307786620614,2.37302407502701,-0.879528154484123,-0.2347124655123738,1.7761960067015092,-1.3609515127032559,1
2.5834991453240566,-1.081422737429439,-1.547390866496948,-0.1156250960208712,-0.6833611567953674,-0.5681658812364268,-0.4910616709057148,0.742902118583349,1.3594252750824791,-0.42472204013365566,-0.2197558963811357,-1.5996374346333702,1
-0.8280837924744313,-1.7469727347923023,0.7388769276860061,-0.516490019653055,-1.515923258809097,1.184424547223423,1.0043952923615471,0.8999401533091173,0.4627659717487645,-0.18655368911170053,-1.9322404596078204,-1.1760397140486811,0
-0.21407289662482515,-4.151475730869785,2.340137745377599,-1.3709582463911638,1.599137754255165,1.9168035773459327,0.04968374015374528,-0.28158012828895873,-0.1635566486442225,0.1670981906458972,-2.1716521274720955,2.0652123957150947,0
-0.8717510246610756,0.18123273633174158,1.696587201367043,0.14597191738332624,-1.6743155957486,0.26305822631180753,0.22996892552430087,-1.5269755713226008,-0.42847227380754827,0.5422145626811413,0.5344898298625583,-0.6950597274956439,1
-0.6737608472723002,0.23237332539807454,2.0702425684555483,-0.7234483178919987,-2.091606529320266,0.3603611155701481,0.08521483840952201,-1.5031926293575983,0.6076352135678651,0.8129520160561268,0.40336810774885473,-0.41515495079432124,1
0.1640468393232543,-0.8601466075756451,-1.2153169415277247,-1.0481630190657554,0.6317208208800491,0.5264214658135906,0.3118131069657166,1.0587852271974967,-0.4872181322465379,1.6446160154656218,0.8879214178657605,0.43798991376700713,0
2.416199024879671,-0.16018049971886864,2.349131083151902,1.2216012226124955,-1.82058698658777,0.14882474965039885,2.6584534830190525,-1.6201369198425881,2.7831921904892427,-3.60333224299177,2.8340847083275094,3.432550309055938,1
0.5890466873500079,-1.402050465596441,-2.1803302973059977,-0.34847851582868483,0.1478527784232525,1.4819514982073219,-0.2093594704916337,1.0740805508956976,0.7696777948719474,-0.6814039289436293,-2.607606315596428,0.9654276371085971,0
3.1101494297367145,-0.4348520420023571,-2.018795170525548,-0.11099071097198236,-1.3003169768143088,-1.3869220242274367,0.7876151869584795,0.21830663686618995,0.4961947399858062,0.18340887036562187,-0.7848201741302143,-1.4222695874297913,1
-2.071578179233083,-2.894434754440068,0.1700014640396362,-1.3133674970388414,2.298631192063959,0.5025879576755294,-0.2802154106977433,-1.4577388756604028,0.5491689016597439,0.8639394054832229,0.06352767662455289,-0.18163493571367284,0
0.0716515909160333,2.2790471853747327,-0.23714548559743687,0.11277755372218506,-0.07876822953178568,1.5681685108928693,0.11015495074492357,-0.7778904365158581,0.06158367975211034,-0.294400465487188,1.2028862305263879,0.11185863697129567,1
-0.34975321013291555,0.7657648212883785,1.6922826776554534,-0.945164277476686,-1.768977642502962,0.6798960970912946,1.1475223281963656,0.13078014837120813,0.16591593859948528,0.627325774622036,-0.8179495620159841,-0.155705204383457,1
-2.392272766118575,0.0010897472001602103,-1.8724094851443716,-0.7178464994790047,-0.0762199236425806,0.8811605187259393,-1.6661028705870498,-1.3718137022611308,-0.05418286725134637,-0.9498688601745828,0.22596003615664076,0.5173472934094359,0
0.6391461546357051,0.3154699245334364,1.7193531187870081,3.2636941585019166,2.701858794239064,0.51852253735333,-0.03562196518098917,0.6208034663733697,-0.11416672482459987,-0.018905564965460076,0.36477736432903374,-0.22927669545688473,1
-1.41625484256892,-3.7406152823856833,-3.2608324151402592,0.7848101145692998,-0.2855312343345702,-0.6431715163535181,-0.27220686790019194,0.7724930854426363,0.42470880366504216,0.07996763196720529,-1.6349767780206785,1.4200176717832949,0
5.421482484465714,1.3749288720864075,-2.0616920660965112,3.877082274793996,1.5754409490610588,0.2920724950286513,-0.15883791225652255,2.3482950695052978,-1.4526305444192011,1.3298685735590157,1.2251287899007048,-0.42800159046904607,1
-2.6567688006663563,2.116892362347611,1.0771011292345722,-0.03673993583147251,1.443238241036035,-0.5274292655272964,1.5915664987084472,0.35722510234457366,0.23980054145631918,0.5633389379730143,-0.4266464804758584,0.7138435962591184,1
2.3394627030805846,0.17417270030347112,-1.2089761001970962,-0.5929519941324454,-0.47889178315500874,-0.0639210673049685,0.7559235991879407,-1.148234712265227,-0.10100229287992847,0.5331581293280426,0.6809569592680419,0.022597244747243565,1
3.2285350231823733,-0.7307818319626699,-1.9194576819411215,0.19370991691215608,-1.6419143331178068,-1.9908391205764002,-1.963022085200085,1.8855536407300402,0.321394630506009,-0.04531115940489684,0.41955270700782266,-0.29735593425370704,1
2.975901968417852,-1.2722410589050905,-1.3993869319808807,0.0025320551267258248,-0.8428864599926802,-1.6622589464390563,-0.4495806535476764,-0.6974985457855304,-2.0621673250076578,-1.869994165300578,1.2194524886550986,0.25089475520965443,1
1.1828068219808143,-2.1133980842300133,-1.848419957089212,-0.23078352684367429,2.0775749752635684,2.62552495415654,-1.2183538904736837,-1.7651289597217288,0.027674949077686365,0.08339916988087964,0.5026850782302869,-0.8826404396647367,0
4.0653221494470095,2.3957724340650737,0.2595134943607733,-0.1338800885161094,0.47694564986657995,2.580734026079612,-0.6963218549739005,1.5417285450164946,0.4890932610420665,-1.8370903906731482,-1.4923743147914985,1.003813011394254,1
-1.1659038441839695,0.8181884851187352,1.7094623450440345,0.5242924427717268,-1.8287989617961207,0.7692472458067593,0.9377038954418587,-0.14857963501087082,0.049967416202123055,0.2334968013320184,-0.3556649746515058,-0.3170021803369091,1
1.1170007598628249,0.40481304100312765,-1.3331939518888811,-0.14476678717896202,-0.49148817702434117,0.044088517948816484,0.9784472319574664,0.4526304063529079,-0.8243866322264327,-0.5068763246189535,-0.10652237992422768,-0.8539195225695357,1
-0.3907971313664934,-0.7497687851966518,0.07046175632857932,2.439125702773817,3.2080530119167614,4.2957193330818875,-1.000502319418058,-0.13743475514976758,-0.1256672309342125,-0.6675716731478383,-0.5095814289686424,-1.1818365717063857,0
-1.9597935505882909,-4.223781005919461,-1.1367406959551254,-0.6453373110408845,2.020678219274372,-1.6933720309732452,-0.8333520860262668,-0.6165549617375893,0.6130928867607769,0.013263061213196052,0.8112027278725222,-1.2074635821767254,0
1.3305214785574009,0.5760697344686939,-0.5523580754606129,-0.4308003793781843,0.38233652960195746,-0.19114739611706247,0.9155604655226323,-1.1859395628973597,-0.3225662034846427,0.7355950241522589,0.5153867309212767,0.20773925433901586,1
1.654930517656856,0.8351281439006384,0.6326300043598974,-0.4050025317717415,0.6720792959735431,-2.129873075096268,-1.5285036212784877,0.2618255603415311,-0.18972336414703544,0.9021600160199686,1.2709196751273792,1.1857996866045526,1
-5.016892974884871,-3.1578627980540084,1.8275545155241535,-0.42281100526985754,0.02191425826424406,-0.6473310602235904,-0.8625441022607545,-1.195299515045722,0.19705604544038377,0.17738907819351668,0.6281292717033539,-1.3818486722971222,0
0.7926126019891688,0.31244885553115836,0.4104963922591694,-0.0526780296400544,1.2870069669673492,-2.255553899165698,-0.5774335016567128,0.6934252391321712,-0.6391531411784477,1.0406534187808207,2.3727523509385247,-0.607003173874611,1
1.5357582294921959,-2.669097110192675,1.0948199767971378,-0.04361392200896555,-0.029449962061338993,-2.319183118795626,1.17339044927204,0.8097884480872425,-0.6412364723867754,-0.6780977872547144,-0.2428038014198462,-1.325377939980277,1
2.3229312599073193,0.9993670803970549,-1.291518924608121,-0.1255545406889499,-1.234111506514121,-0.6945517272683215,-1.612799087370602,-1.306685627219532,1.3396534749865483,-0.44655313983840195,-0.15643609585426638,0.23043675250223586,1
-1.1838163036352976,1.693136665480311,-1.3420170056804972,0.24633111153874634,-0.5845799558917354,0.7732161956853812,-0.054210614183887486,-0.050187702639333254,1.0444692764852153,0.06735369350267745,-0.2105999867967067,-0.7423903730298476,1
2.7827512337296643,-1.4154397794135196,-1.2876995915277878,2.601431063255969,1.6387992723622873,2.5535295510058145,-1.2335881760793923,-0.15329336472659744,-0.7419919756556221,-0.742012772616765,-1.9680004001328921,-0.07033441513747166,0
2.0036675667748836,0.9898471967441063,-1.2610929612220299,0.09227691831996684,-0.4655652725945422,0.1194028517159122,0.7930926383932368,-1.3109856669359192,0.34510176356746725,1.1898860795022719,0.20208787120547475,0.34123498811764613,1
2.465915132809916,1.1596383141346989,-0.10798185293511667,0.3389270213523475,0.503004465032598,0.23089637676458766,1.2897550872612398,-1.3261670376587404,-0.4932870973819947,0.9485962232785914,0.2800197858612612,0.6227496349161747,1
-2.4193586109254426,2.352491621674017,-1.1506955676333175,-0.06789169678481685,-0.6716586674633034,0.7536951383097181,0.22516908609152914,0.20256342319915163,0.17548749915363945,-0.4547609032493025,0.3398445222333001,-0.6509808082012155,1
-0.05634412512736206,1.2995435363456298,-1.3115029993010707,1.1184352816947318,-0.9326752805221605,-0.29428959751062905,-0.011683374398295691,-0.31949714755422987,-0.6788694755107223,-0.19388075729068402,-0.9704166199905163,1.1963128874481923,1
-0.7410165775994251,1.6953541478538137,-1.2284175123296108,-0.349145145874487,-0.8503572835128551,0.1725891185418486,0.05435508884484957,0.033564536148614675,-0.1392959942430507,-0.9992150923682842,0.5252515723391107,-1.4871474730276923,1
-0.22405913346382927,1.7881962309745658,-0.6144190364153258,3.3606526218835855,-0.06339134290628631,1.1739232504477368,-0.7709038670190579,-0.04642404074111733,0.531570150015535,-0.30724073981984495,0.1750830435789653,-1.622444720657615,1
1.7719685932226392,1.289810028528089,-1.3191788608643544,-0.8891636648331949,-0.8627697462256377,-0.5902642922153719,0.4073220521850843,-1.2845787213921673,-0.06950321499265764,0.3863818592131365,0.8021865846889739,-0.6471618190776753,1
-2.5431915060700327,-6.277788338218921,0.5575511851797968,1.9366579240301425,1.0058301795695994,-1.8795222050685723,2.116956131437985,-0.5034872459070069,2.333327702931538,-4.589060011558265,3.370347990758102,2.9768925809869433,0
0.7604741505172998,1.326860727495555,-1.1920671634632003,-0.229747927082813,-0.6884269978895377,0.517250717152049,1.168229280295712,-1.1469480318370786,0.21627845816116645,0.7141662455382631,0.35194223924466755,0.5029950131089267,1
1.2140290794125108,-0.8224528086202753,-1.2317474222483384,2.969771803695974,0.8567691914730691,1.3313679366854894,-1.35167855978887,-1.5642572185432415,0.6620106902985579,0.6864398506756068,0.4521252518410322,-1.3540468110823811,0
-1.336876042508316,1.4874215692946213,-1.3714437499355205,-1.3776768207291659,-0.9176096514793579,0.7550736769321593,-0.7957509024290458,1.4242334708901776,1.0538159304354917,1.074955428637782,1.3283803406278443,-0.2753482372305108,1
1.4012644100595297,-1.0615906672022952,-2.5466232843292564,-0.5051682079543017,0.5308246266786518,0.9861583740899613,0.7163840561767769,-0.29464664690024894,0.2054337891335853,0.7272651007321344,-1.3082887207091123,-0.5727653474900127,0
-1.4242402133722498,-1.903548914124075,-2.4718343253486412,0.9287109590025371,-0.061376117241780194,-0.995027083931651,3.4011927239879287,-0.2674425367913246,1.7467667904055657,-4.251969909581204,4.865323400067346,1.486994204936649,1
3.7935273156660916,-0.9034726418873971,0.686382096036648,-0.3581592021641159,1.835512632160971,-1.5486528627701688,-0.2034191779184692,-0.8760676773504867,-0.22918857545520796,-0.5123827901964383,1.1159604016931983,-1.292079047560008,1
1.0655248543513174,-0.8290333272507733,0.3618727289842437,-0.6384523299592048,1.5607364937903099,-0.8999835154397577,0.27223713078542994,-1.8799166012177746,-0.8015719550684322,0.31826068622903764,0.23675164740272014,-1.263476162764389,0
0.8513969565903564,-0.2023323911186014,1.2286330078103167,-0.741083721713021,-2.1910522627475144,-0.8770058499323242,-0.6727295773947598,-1.80782469658816,-0.47452343309811607,-0.05420883463792169,-0.2740148998577772,0.43041214878327777,1
-3.589960379509295,1.0811987720836829,-1.804671977869076,0.684394684772135,-0.9958092651752006,0.1243111512833433,1.9280902747638728,1.188295679254863,-0.558926166704782,0.5392897204775287,-1.048959007637619,0.38937590333480354,1
-2.960762002664624,-3.920126943114203,1.121369961148732,4.3130388026736535,-0.3950639725340999,1.2838442813249682,-0.5790344979758267,-1.2331330130131284,-0.19229441587937773,0.9694818626203592,0.26815347800304856,-0.6447209255376547,0
2.0776989337538936,0.30797542280461315,-1.4082282911871455,-0.13659564550603234,-1.100308239616237,-0.24733304184824334,-1.1925882218795336,1.3580961783929486,0.856423571222795,-1.9550456158743348,-1.681198995800537,-0.847196050407273,1
0.8004736940009127,1.6133924039141998,-1.0544212296180293,-0.6538180685565902,-0.6853684713037878,-0.1687371749494959,-1.51084952798063,-0.36901570947636375,-0.33294208410836507,-1.4184817296927903,-0.15922330559166484,-0.29924554911381895,1
-0.3689782416765881,1.4526789034581156,-1.4030220360084609,0.21996738803611757,-1.3451255794189998,-1.0074322199212007,-1.3464920944033896,0.31358853053652314,-0.08829683150508011,-1.35022640241715,-0.6671346546941019,-0.5737205151248088,1
2.447393558620114,1.2908474003628843,-1.303377003006953,-0.7644741326727027,-0.3495286438652045,0.2256442620167108,0.6581291109256742,0.1589109226648072,-0.2114326683161736,-0.2529402275875352,-0.3465342094243527,-1.0417828366195838,1
-2.129111942120741,-4.17949984590793,-1.6702528353196229,0.08789079484020235,1.3518293651118853,-2.745344003957643,0.6829881352253699,1.1364862915760776,-1.4504573145809474,-0.8348852551688177,-1.0274662079591212,1.1196703354810977,0
-0.5733817697295465,-5.352939209487547,1.4453223861784186,-0.21989809273860872,0.31693832901605695,-0.7563707059342201,-1.096122390987407,0.00320067962481804,0.1829964506820444,-0.6633461578971639,-1.7476173403194601,-0.10189131366340304,0
2.9554625596022897,1.4547832270707615,-0.6628910679673994,3.6137750692828634,-0.03840920622263479,0.14468887707878927,-0.6732160382273196,-1.368830941566463,-0.7270588653011485,0.3041838350516053,-0.1303194998381244,1.1729867981989317,1
1.8172418202998297,-3.1451337421435084,-2.185838927687399,-1.5057569810718137,1.2102927205681107,-0.48848118054856804,-0.26318212066310126,-1.6920772178169834,-0.5584510031269814,-0.11640279272895324,0.5789896174944383,-1.626311452676826,0
2.6128384283706176,1.3899613547697411,-1.421362499344647,0.048865947262015444,-0.49782029138614375,-0.4257191456424796,-1.593162994419323,-1.1805113084544057,0.16898677862995148,-1.0849972697073813,0.3424010484828932,0.018801098393963867,1
3.760728623460187,0.41107281282190794,-0.5994720754075671,0.21345077915161764,1.7187648472409895,-2.0996828866668102,1.9756205388539534,0.6018597972956207,-0.40138813165383375,0.834256985090496,-1.0808041995259519,-0.13380685511187504,1
2.6161519894145844,0.8809653970233714,-1.2550432962965086,-1.3373149586409971,-0.5472025023040505,0.8220501780269185,1.4494582314865239,0.2571617158045174,0.4442241161039607,0.0323861858740019,-0.7564616493087806,-0.1086157921738185,1
-1.7437128562814006,1.9255538856550722,-0.2535047251254762,-0.6877166152063096,0.041877548003313,0.7495749262093883,0.7234222855095527,0.007030277180199228,0.279619328896286,-0.11235858997299782,-0.036558785552959064,-0.17174007959327953,1
0.9680482241632431,1.065405705491428,0.48308614577874104,-0.43756349872785716,0.9109721614743614,-2.227927345557475,-0.06625867207511461,-1.2145492248265948,0.429727368989585,0.7709295857676123,-0.6764378946870871,1.718060011107549,1
-2.674931369315634,-3.9821037932068113,-0.07121642752741257,-0.581856280270823,-1.3299925861096293,0.19104604459601437,0.013239424682937827,-1.663212965560462,-0.06372706623033084,1.1838411383755412,-1.119097022303147,2.142429742436927,0
-0.6582503866656445,-4.540013782071097,-0.6436706941670338,1.4211399915980671,2.8592533449337827,-0.5338066248552318,2.5778078252138976,-0.6682336330039791,3.5661561432914897,-3.3127664590117174,3.648148933887402,1.7387959159928903,0
2.576182912405122,-1.9967365123541125,0.27447819297738196,-0.5822863142802885,-0.16701768237371373,-3.043558440390739,-0.9004465092798573,0.25092101247764903,0.2554983127496226,1.5192814711941804,0.6980869103326197,1.4580366645240987,1
0.5690915461440467,1.1433537979746544,0.5378814439124717,3.69275203451379,-0.3274354827990162,0.20152933232074244,0.6447476657699868,0.26260358512844334,0.6506439586572748,1.1687674063924982,-1.136728047419837,-0.48987964340833945,1
3.358739916533973,-0.6876228260445999,-2.271902785132728,-0.7117966030967137,-0.9326385863901109,-1.0584936243396776,0.9833207619050798,2.0958092106729516,-0.14822388612221923,1.62634512966821,0.6535007956002855,0.3153049969534426,1
1.564076846334165,1.6630778195235352,0.7774531440621141,-1.6096378037179164,1.4663508361867157,-1.2609129818070088,0.7849722993358241,-0.025872739956802324,0.6973198150735548,0.5832434828176566,-0.31843321700095517,-0.2952923068933907,1
-0.49103183734754274,1.7355701155994248,0.7512837005501332,-1.0599729541408824,1.6276596100806902,-1.2656973782932635,-2.5342846135693398,0.5212805464752097,0.8283920709955022,0.5121612652866894,1.4374810640978593,0.9244276968421115,1
3.395548011551051,-1.657904471304896,-1.6263896825458866,1.6886082819780368,-0.9902484000760559,-0.5713085661530486,3.344787689872215,1.9550705083706106,3.6485100894886497,-2.1333984219736846,3.5798528330658077,2.0927291962617005,1
0.9246890353633994,1.6779487023559443,1.2760814230801034,-0.3916918633430746,1.6805067070685438,-0.6284124940365143,0.9099496227946923,0.5344005914819306,-0.07628707756650756,-0.0638688243563954,-0.45769752109210077,-0.4565366392303924,1
0.4709490944795406,1.6548005198007754,0.7835500752743808,-1.264762545458711,1.3183439713039071,-1.2120147925094138,0.1376007382700911,0.38063093749119065,0.9431149876597005,0.04457899063296127,-0.5885593900424455,-1.1887944389177472,1
2.8099837156160508,1.545998735783679,-0.8757056216143736,-0.27728950627738214,-0.5154454167262782,-0.4006532738184392,0.011440381160544934,-1.167156549181179,-0.7846176942905102,-0.5028411662327822,1.3613518121135786,-1.2375368709874903,1
2.805443851600428,2.536800020269995,0.5181167837923965,-0.27531207411631564,0.19261456974678695,2.0486916966547115,0.40254415404886684,1.1137283995401532,-0.36535277264762295,-1.213730472236622,0.020868987062487545,-0.5804494848313615,1
1.4640616469427017,-1.1166601453298797,1.8084918480181849,0.16415122774884158,0.3939485481171341,-1.9896156040544426,1.5056843823331587,1.0839625438188782,-3.913859411876321,-2.4882605256962766,0.17748931094325848,0.8561405774938005,1
1.2442055716716969,2.413614342555133,1.8466264461905766,-1.4627167319404564,2.019880123498304,0.4647083612766849,-0.9443277734515253,0.08054888681976545,0.7878107186370863,-1.035723686861944,-0.5653814761169927,1.2880872442677047,1
2.177634011007377,1.8111191913080327,-0.4511213381939503,-0.22929843708340614,-0.41707619242061966,1.1447688290066715,0.056467193643836754,0.5732658008536469,-0.010873099063810013,1.3436873927307653,2.1722939601802658,0.9715366883434327,1
2.140710842097036,1.2674016854526162,1.3435505930636904,0.2853063051568444,1.9275844419322212,-0.9861389829128234,0.0351201424388816,-0.9947642223392037,-0.0004283120324353298,0.1673335692349903,0.7651521339227919,-0.5804080000656668,1
4.533330322640644,1.4708254514976218,0.8973043028127611,-0.7515734408825254,1.0182045030034093,3.675855587216868,-0.7423005323072007,2.1162443853116355,0.010665720589137217,-0.39249860369508305,1.7229199232389276,0.2861517509306609,1
3.6699899308187947,-0.4828182423246818,-1.6476660754850327,-0.28419032639210423,-0.8111738869160093,-0.7117778390510453,1.571696490741829,-1.2863083203666255,-0.02533579424320623,1.23676809688111,0.10346797593231637,0.45653064356207185,1
3.0967292941637683,2.0103617061023056,-0.2564736286253088,0.7184207315666971,-0.1022935484936087,0.6348277499002494,-0.015464602310874527,0.5720790486145406,-1.5635014870203592,-1.5539808501728813,-0.38233966910252676,1.045532961062956,1
2.831009290535279,-0.8829270838379292,-2.042982230297543,1.125484383884166,-0.8481839117991621,-1.1898167660233676,0.1817475189977511,-1.189000775095969,0.27058354398346524,1.007453605700253,-0.8401792549100334,2.0308981047786774,1
-4.555485643022902,-3.457548340802951,2.2500496070419835,-0.24214694837307543,1.369362390229795,1.6659597792687362,0.6590883873188695,-0.2591290079265709,-0.6695688173334416,0.4516179757023139,-0.5238858217170098,0.30017085745434974,0
-0.916528716036988,-3.50344750888392,-3.150479140628138,-0.17598044991988557,-0.5416055509159471,-1.115387651034568,-1.3562453705144795,-1.1904962436473823,0.7244460704242622,0.23627004701880075,-0.42845913020754556,0.757625059320133,0
1.9961259722406475,-2.355662332318516,1.1431967011847473,0.05678686736554615,-0.05901175684303901,-1.8379395262913214,0.5259778366288314,0.5219040522455071,1.547130147450751,0.5728788514075196,-1.1921225818639012,-0.9572318642129504,1
2.997526695366253,-0.9793183106545568,-1.6199152000832202,1.0189693278496794,-1.1727131889256723,-1.1899798819435574,0.8968057792323627,0.5619845038963301,-0.8426616546796085,-0.4794661069211384,-1.2951881604970201,1.3795517894383407,1
3.9221717627853945,1.3422003589285103,-0.6818161833098644,0.06343283114481227,0.15896487750663135,1.1842559015817251,1.05780990894722,0.3339058185229198,0.2101195089109313,0.35123397615405627,-0.6740896436214797,0.12536130361111592,1
2.9314893328555343,-0.5794413524005189,-2.483902002712293,-0.5328252573972004,-1.108074691781286,-1.563058578354882,1.063925311510868,0.31474891049256226,0.2907160229166243,0.31759429550658586,-0.7769659616113019,-1.1883929293110531,1
-0.11760919819888839,1.5732056319075696,-0.3862639379331271,-0.5351510897796721,-0.2072044407106139,-0.4011009155406958,0.8144738583674896,-0.05698303976158868,-0.12131968196396432,0.1345741521365013,0.024775990399584457,-0.4479563204380407,1
2.705053531444137,-0.2991583687340686,5.098037572067379,2.165053092865416,1.5965677011096824,2.4551109270119005,-0.049540682145383715,-1.3033452958182044,0.2780282444599226,0.9756706433716726,0.41965275385264755,0.5502923566698229,1
1.8954175571129952,1.487649030548779,0.135708804312639,-0.0949560988919968,-0.42927105319866843,-2.144252772692649,0.2847180208377409,-0.9151731392512424,-5.235466160506995,-3.5502563150824855,2.316189942613214,-0.6512875216691038,1
0.9265334506434068,-4.091696198342473,0.38924844835401873,0.339866720957072,2.2398518297654433,0.24786080039682157,0.5509150040646369,0.409002654231744,0.21461289033816477,0.10495231591349373,-1.0275136460727567,-0.4191300782167004,0
1.7025855612933116,-2.0222061800232134,-1.5542456942704186,-0.0004869606345208886,0.8483576378831943,1.4518636135332097,0.5117234011708119,-1.2759544570196308,-0.40948618006789,0.5022195160869036,0.48634432097201225,0.3857060360211658,0
2.881657201994379,1.2764944181310844,-0.7021466532738009,-0.9128939898967441,-0.2123671346798099,0.5340095609449227,0.07442391267051233,-1.475543671414978,-0.167639716549228,0.04999448443830239,0.8872720536845451,-0.6743675259098189,1
0.07404663933003881,-1.2257738724702751,3.8434109085042705,2.9774566281413204,0.022097700090305938,0.2136980891178015,0.39195275298999066,0.24785144279198718,-0.5241101086931422,-0.029004702201270872,0.21935329636989515,-0.6690146563185323,1
-0.5033594694093313,-1.2687158635133415,-2.4748711885652623,-0.20683473266444358,-0.16597229348502077,-0.21941357954091179,-0.5489146648201387,0.14079025443419724,-1.2134080656596526,-1.2160188600227104,-0.9164926946873372,0.10055070299109355,0
2.198571014123019,1.959560100306297,0.2523863108438091,3.5193873646963976,0.5912925449837162,1.795951941491319,-1.25843448662537,0.2914345815577604,-0.752556061047285,-1.0749584385137996,-0.6494526266235237,0.4792300075404288,1
0.3141098303025852,0.14142978024900504,3.7473108530576456,-1.5918779500397993,-0.09236031669371572,0.3283481537278573,0.320337290379996,-0.4289359097479985,0.012290765927578514,-0.19648730245162938,-0.030404094700062074,-0.8588273014271476,1
2.9265911862678338,0.7758500173188196,0.35113092168116533,0.3274036009930343,2.025923901458333,-1.6688414268314657,0.8245646906133965,0.5614980317989194,-0.8025337555862696,-0.45714246427314326,-0.3294571838649323,-1.3364830967092658,1
4.3461159162395795,-0.5958667905888284,-1.118329468422898,-1.3030717920433619,-0.28336502084391696,0.10471269905014771,-1.376588631164467,0.234009060394428,0.7812862379077972,-1.1701376877072087,-0.9101323560149996,0.01844270572432391,1
3.011038757092666,1.410183639919833,-0.3352998175591606,-0.18487981506195295,-0.7225579804892092,0.26582931263851894,-0.6277882435638487,0.3063028322676243,-0.1640991613664373,1.1989702231940764,2.359643982828273,-0.028425762995384088,1
1.5759749042210431,1.1665282139039446,0.7575151468550761,-0.7780255627000713,1.2162804461305172,-1.758094348598148,-1.1864718506559049,0.34855403957592473,0.7818379489838835,-0.7999190090425817,-1.1884898694611965,-0.048451117062729636,1
1.0407596825167704,-0.5072776877992837,-2.144875849155872,-1.2583376452888002,0.9979859628083009,1.1115547904041752,-0.614147890592721,-1.512638402481335,0.08799555638464945,0.32241498111124073,0.6729788334196144,-0.7956598749216268,0
0.9030388701174452,0.8154073135815221,1.590151891268926,0.28421820593777436,-1.1833222697295382,0.05083168118166791,-1.17802396564723,-1.5886969194363312,-1.0783360750846847,-0.5492652083958247,0.1669758844040646,0.3556477628404515,1
2.410362138724363,-1.3811348161160537,-1.281919525389226,3.473505395199695,0.05730684240445211,0.08247182643174833,-1.0547540445285564,2.462599410041342,0.17113803002221456,0.9284555553715959,1.2924280501277372,-0.8817170697238177,1
-0.4942017660894771,-3.4078253107864716,-2.8783499837752973,-0.3791970563506527,-0.23547912204009958,-0.17741326743732316,0.9904033854368148,0.5673759207716079,0.17161035109837341,0.333899391879585,-0.7789242469122241,-0.3395718075508156,0
2.489896845137847,-2.387047441328419,3.243789552866652,0.9701479211638477,-0.26228464090322134,-0.1949105669602581,4.231276480174219,0.6838127344238253,3.8044040284571286,-3.380862837350698,1.5587390587513186,1.5614155646432426,1
1.1303520832358809,0.3640346904978439,2.123709276145416,-0.36027863711134467,-1.4637745884803124,0.47165082350972665,-0.48436224315403814,-0.5536072628878438,-1.4685023344151324,-1.2472743504068258,-0.3674427358021839,0.34651081468867123,1
2.2413027196390183,-2.7460102624938627,2.574411564156983,-1.3343842327008588,-1.2244365470024052,-1.2159743105598682,-0.14623404851056376,1.950337502245029,1.401746788186599,1.5809536690115045,0.3763728463162246,-0.3417513046351102,1
2.653684585722965,1.2924732286620362,-0.6611676937718627,-0.07368102529008708,-0.48350008729849886,0.4188172045750817,0.9617479145138109,-1.3832024305629576,-0.2971880754952644,0.689647510757113,0.5114790784881326,0.2303114168906974,1
3.6488943950894663,1.6868388458809964,1.838395838186657,-0.05879043766257939,2.385862676962805,-0.03244398000717156,0.3586811745776106,0.5949462871735772,-0.09795666526357823,-0.6155860373812129,-0.15142472382446012,-0.7983653736669728,1
-3.0325259983635577,-1.0268868336690258,-2.283119948829024,0.23347443876232385,-0.08976761352089312,0.2923954013316265,-1.1004230866320244,-0.21071555534292605,-0.6559317294353846,-0.7894267985286475,-0.5875882948556828,0.5551103896316324,0
1.0564186996436382,0.47829357089643104,1.4761616239500357,-0.9142543350011464,-2.270373190068051,-0.08202450361953412,-1.491620521334557,-0.10995381959785977,1.1712420787078806,-1.0678816191133569,-1.348750544030423,-0.6317374136722841,1
3.8074939501063874,-0.7190814289730341,-1.5121811583815084,-1.0433418003134227,-0.7239427273467186,0.016748795128682124,0.5540874017282803,1.9262790988881355,0.6905179450501651,1.7731289706563163,0.4746966193073519,0.5644668064369428,1
5.178547838849467,-1.2067221199746967,1.7879449697907768,-0.6760491384772416,-1.2722849944300008,1.9014774620742494,0.168987072843749,0.2945176141360028,-0.7783319551776977,1.4395558626976823,2.1982139434416643,1.0509300879294514,1
1.7553891674181645,1.1739770816296955,0.7192622046597624,-1.1057455810609482,1.517271275728768,-1.5862215493628196,0.6947765179148117,-1.1511190150289217,0.0021396532705014355,0.6256004106717268,0.5133925403208586,-0.30124998531844144,1
0.08229986928310262,-3.3108410434314086,-2.9104980196135934,-0.7627654201713415,0.06806194724178614,0.05553511296428972,0.6164509376207286,-1.2994445259598322,0.6515874158727447,1.4126731589051367,-0.11032530947237854,0.3291092676160948,0
-2.184347891009206,-0.22809016416868394,0.3301343912600756,-2.1992122461858408,2.431403901139881,0.006154561199060909,-2.346975372105593,1.4034368059022084,0.0641544315472364,-0.38135975835862335,0.9389868416636786,0.6961371800290777,0
2.934750820922693,0.9317946663178692,-0.9944656094474567,-0.7435975315819607,-0.35917450970909653,0.8327111663207601,-0.2976053788194339,0.4638841086818489,1.5020713726799042,-0.6264853983537251,-0.35804186470679955,-1.3038030384610688,1
2.344112152434996,1.2433929392602268,-0.6966633442562623,-0.16287156031947475,-1.0062581563442097,-0.04770601826189257,-2.725042621993459,0.25296128672621326,0.43078326117213117,-0.21991323469596882,1.8234484186851267,0.33408971127060116,1
-0.4727291210896717,-4.0915463939866275,2.076663071953112,0.22521610188338514,-1.1625583907118715,-1.9167039757511402,-0.4614198711123515,2.2273337308138035,0.18365374774894438,1.0497812536983158,-0.32598311555406356,1.7555901856806755,1
-2.264191354665996,-0.07892622943753298,1.761396456164813,0.02440289116174061,-2.546267362155523,-0.7322138242854908,0.58473881908441,0.20876911935581802,-3.30488001624962,-2.1790878686258672,-0.15850730604980934,-0.046966055644792226,1
5.893332315651242,-0.21154333933954952,-0.43569455743974295,-1.6476823040357267,0.7127983849403946,1.810981733132529,-0.10277311034482614,1.9884332391325583,-1.0959685194547426,0.2141432555942527,0.5641163336342148,2.8442957016038792,1
-1.504440007053535,1.8964679378077183,0.9843457990755492,0.010412220495708656,1.5898240582391443,-0.9395269355276109,0.3794933674503459,0.1793310929884774,-0.7998413356897665,-0.7784226652830543,-0.7466833641127153,1.556702277541916,1
1.2086152454047916,-3.7930506790398457,1.5606987989877765,0.6187632986892971,-1.526033526333555,-2.404307233934632,2.6141715107956887,1.8497463065824973,3.5696828341189897,-2.363412315208772,2.5269023122205176,3.4332944172797952,1
1.8087442888194722,0.9382033205617859,0.3945300991990511,-0.4468992224511562,1.0959699555710871,-1.218915335675198,1.1478935768108327,0.1681833149636532,0.8186354065141878,0.9031352463451743,-1.2950444917018782,-0.3890786753004341,1
-1.0106977728347974,-3.578865316226722,1.8909026344708197,3.1204072979663007,0.8498066146798746,-0.1683851575226875,0.7499242939261561,-1.4705081055192515,-0.26199292703932264,1.9190770272357252,-0.4640320336269019,0.061713324161191435,0
0.4298167491891478,1.3399934391814377,0.6815189823215233,-1.491186252021785,1.1558051358320354,-1.5963810440323736,0.26070111687867026,-1.272760505534337,0.8970455220474279,0.9562147509672136,0.2769276526598338,-0.4216904521639748,1
-3.4910378003419544,-3.06891836247085,0.42376306869092345,0.3910715581802816,-1.1130298461279264,0.949097664736732,-0.9628610441104282,-1.3408260306454307,1.2179424948639563,0.4782095548159228,0.1313924040688683,-1.0726841988335796,0
1.1134275594350462,-2.128120928149941,2.4803937563327567,-0.6986958469265345,-0.8473363457299581,-0.7665500904453432,1.8808541759323296,0.2041476922123349,0.2245161208773501,0.8836032366030859,-1.3113324569017204,0.06346318604026407,1
3.0887954856400555,-0.03689648475699206,-1.207622734111,0.8648199559683606,-0.46463149977855417,0.17411494580650688,3.522505260481151,-1.5494398583041669,4.049234671771673,-2.4391920972735956,3.1161645864785488,2.1318539723837158,1
1.773289429885323,-1.0842257947430403,1.3161399175954671,-1.263403393574863,-2.344062536802829,-0.47869149289645363,1.0315375128268818,-0.08092906323957516,0.2726683824364851,0.26116966256375096,-0.8757810402534933,-1.1198852713902683,1
-2.2182383913340504,-3.0737425171962873,-3.2234906476976595,0.6874294060489331,0.1441348527720162,-0.36026303500729273,0.149697997244887,0.7466104826579151,-1.4377534563060916,-0.7581039310448086,-1.0221612250914511,1.2033225215460477,0
-0.0403928576298056,0.7204024205260514,1.8410814634003265,-0.7324653079165796,-2.36344840303344,0.11862787669835728,-0.6515598495037005,-0.44324503413996635,0.20819616761844068,-0.8901523714609693,-0.8113331564049159,0.3584812097529801,1
-0.31592142866098905,1.8607142266754793,-0.9888694644767961,0.09806146306946323,-0.705914515425507,1.0228847424604657,0.7004147282194366,1.582903429329368,0.45984451959047246,-0.8628799122401349,-1.0460787459167424,-1.055441643425766,1
0.4462615090138338,-3.6349503305462996,2.502206063629439,0.6001120375849985,-0.752588855853375,-2.008661220642376,1.4543413909725451,-0.6726439128995315,-0.9014960812295216,0.31701975525721116,0.6275052114863917,-0.05002561491006818,1
-2.2418708118757964,2.019073294447227,1.0893930731098094,-0.4068290896951448,1.3386948684808007,-0.9927858937410217,-0.3381514679301274,-0.8247895662708914,1.439061013828015,0.41798894047028173,0.5041860194633657,-0.514112725298851,1
1.9664822794728614,-2.4911607519855803,-2.397206629707986,0.33447491001391044,0.450674241920072,0.20116974018221687,1.3826622473373447,-1.2115011578882133,-1.138737710510106,0.7197368540528,0.3498554594284265,0.43996559488125925,0
2.035858555114927,-0.10278552255280836,1.7736857613895216,-0.5858911122142547,-2.0842068876585507,0.31806584830078344,1.1365838015198564,-0.22839311435383655,0.6501837392614592,0.8303651573233981,-1.2767122330056393,-0.5063700735318454,1
0.5988324200140541,0.11606373829087924,2.022703444377214,0.4992002677367056,-1.9600832176602887,-0.01451627392866821,-0.6971052419573981,-0.044969533172433844,-1.1128199519219784,-1.4387649490209873,-0.8517004888608637,-0.25490335897158123,1
0.6867872629448319,1.9298100300053755,-0.5105823330167925,-0.505401246972428,-0.6121227142952252,1.1427327945120165,-0.9831951012422785,-0.1637785983443094,0.8114713148883652,-0.8622648629961421,-0.6743667659177573,1.0524087824127872,1
2.5770639809519515,1.4180272349868506,-0.6285268203372711,-1.1975295640254473,-0.7259699995665067,1.5075936269853794,0.11624736195825874,2.9017241287944966,1.2041243847153227,0.6807887073054011,-0.014841008984225598,-0.053075405395522426,1
2.0782802302497854,1.4498642478766266,-0.36814478885248425,3.247949183965713,-0.2108007845774854,0.6463216484970999,-0.8537384069610042,0.38343964116820867,0.9605745789215794,-0.030473886437160327,-0.2986274538141357,-1.7867582291646873,1
-0.10013730573772894,1.3827095086621957,0.36288727247769087,-0.1972057164905365,0.9784003057507568,-2.1812648233619267,-0.04350368048811058,-0.13314919329992891,-0.3371850363550488,-0.1918691567661788,-1.0096510713055913,0.8910942770545642,1
-1.1056285132799586,0.12302720393136979,1.6128931491146368,0.4758489296281453,-1.8234891404514713,0.39403386337759366,0.9910129486721837,-0.4484516416947047,-0.46199994950122086,0.5367091570109821,-0.4416979357241318,-0.42014936369758993,1
-4.828368098705517,0.15246721173554403,-1.4725704485112558,-0.17302318008874154,0.2765233668086772,0.6608526260627857,0.13489663507652686,-0.1467492878149579,-0.4037468478345045,-0.1752032670266127,-1.148904608451731,1.9017888174847988,0
3.019567630119343,-1.1896644607268807,0.13009514368476904,-0.2334516779395615,0.7286235640359452,-2.635133906891733,-1.1365515982130852,2.2244368684545726,-0.4529037876073897,-0.16085869470555336,0.4864876266093505,0.4936609211810908,1
0.7499523308299024,1.6567823195837423,-0.3830787071422154,0.5705581928434735,-0.014903477358039888,-0.2746970405003119,0.5673811829512775,0.3398492861758015,-0.813853589550144,-0.2766167659170326,-1.3456058264752493,1.630550265144151,1
1.1769748252959693,1.4083570485697117,-0.25798418148004426,3.274626081146343,-0.12743138109333285,0.9212529773071698,-1.0740774540884435,-1.465579791177598,0.10144564856019347,0.5823286434482713,-0.32029481883187166,1.4387369364530709,1
1.9749229469780298,1.522572466869134,-1.0253754984244277,-1.5084425929960228,-1.0052253372352642,0.3549841960332745,0.5544384633965537,-1.330896528816377,1.323044652488382,0.7581408727547049,0.27760858810754174,0.031907480618102856,1
1.7402434427877886,1.7070738668861174,-0.8235075935511257,-0.8771174511752197,-0.7121573703420395,0.13539832812759936,-0.1127187951785788,-1.054238290990832,-0.06360828107724846,-0.7959980272752228,1.342405479624079,-1.1883000761430278,1
1.465609479713024,1.0291191902869505,-1.1053064679825335,0.7685047296045794,-0.4136990305527772,0.7454774417359948,1.348614311427216,0.23571212060827165,0.2986573094344946,0.8491167206540577,-1.0796745390822264,0.2934462098439925,1
2.299190205196177,-0.5837793176496482,-1.7571580684951675,0.02635983811553671,-0.8112779997428775,-0.46126687575037395,0.34682495536915087,0.2892403866947314,1.0652051848895243,0.3510996501452509,-0.8662081492497645,-1.061879452061531,1
-3.576726523084908,-2.247471610151066,-2.6275370500227098,-0.583749174353828,-0.06105906462882074,0.9506314889579008,-1.3106388466419168,0.5582783666672693,1.042995653744667,1.5817381656132186,1.821591884409745,0.1741850548078558,0
3.0352107526174392,0.4589269286102847,-1.163279231927637,-0.8373578624535,-0.9794960537661236,-0.7469989682852983,-0.14609873912504545,0.4100749712138277,-0.8187985069248284,-1.4569939774435752,-0.5742660652105601,0.3546618764404739,1
-1.6333942788609295,0.7872576606701389,1.9516734988682705,-0.59960390560822,-2.0838333932528816,0.6609827540662749,0.4162261773021104,0.10120618786676518,0.48787597754757966,0.2552172250533973,-0.6510266751269558,-0.8004394628219004,1
-1.1377294649457879,-1.6019794695940384,-2.576813382586534,-0.5174506011116138,0.7432957715772566,0.979168669866046,0.49621558910781605,-1.512812561019291,-0.7198291254869907,0.762361843440313,0.3335473529875374,0.016344460763873945,0
0.5453929971481876,-2.2030906081144774,-1.6543731837506852,1.3340871995291999,-0.42236118432767333,-0.2325009923970488,1.3035866095503734,1.1833966560164122,-0.5556072466647758,-0.29601024461027853,-0.14883185890135822,-0.008757574240687353,1
-2.170761933067855,1.7347327697397252,0.6863556165654414,-0.7445061162890783,1.2542423729661436,-1.5137109933360502,0.3896403868290157,-0.025757813217520444,0.7717154391487353,0.6294202674879071,-0.390393787727816,-0.6034687750603898,1
2.363222629126644,1.0125234087708044,1.0838916827259593,3.1776126628020434,1.3216629673265057,-1.1526471998723422,-0.9018923847714411,1.8938242985570266,-0.37762209981624706,1.1592139527156793,-0.14491156460573096,1.339484014480567,1
-0.92176555482511,-1.5247277422022412,0.2602528681092089,0.21173585125228195,1.3274347752016058,-1.7048302350972435,-0.5866334803903321,1.1436142713861868,-0.6082231446182104,-1.487115719443984,-0.519095563927996,0.5401131941178557,1
2.2310118834847423,-0.030685304763745452,-1.2632631862970927,0.90656906226977,-1.1108140296319475,-1.325448815843568,0.33610514153320326,-1.0744567313269233,-1.0342301188214142,-0.5165595918366226,1.2096631605944026,-1.404745658117139,1
3.915326742702624,-0.7689500024493273,-1.243428085005929,-1.2429848660393115,-0.4299161594402504,0.14973052478215185,-1.6530650765100334,1.9087935630706292,0.4772890822256681,0.17291110624431383,0.40654671733352593,1.1180019131652024,1
-0.562058553126636,0.8977722281463194,1.278921523819728,-1.2629565536331369,-1.813597107520492,0.5838948846225889,1.7384803159384294,-1.4966752492826585,-0.25618136007398684,1.1876497614914003,0.03336714059941439,0.6665536123310455,1
2.1889293585837195,1.1135518374167384,0.7382392833719353,0.05505269743393619,1.6541626921121209,-0.8166829150007119,0.8334536453766637,-1.304110619100744,0.46028856579591004,1.3539935104314054,-0.07412303120757845,0.3345583685291331,1
-0.7569003358554444,-2.3657816076808587,2.4040263771554438,-0.836713485882726,0.06978593588037652,-0.12943091299876747,-0.8979649399055255,0.32858375532124184,-0.12515571837627798,-1.05262069898265,-1.8381603298896565,-0.18106385050615206,0
3.2203649724993397,-1.1185801041301364,-1.7361361961175266,-1.1797922260700369,0.7345846148822429,1.769219429812216,-0.4457213361006226,1.202914325143944,0.19732636030977338,1.3691553516483543,0.3891703111034414,-0.2189991391327947,0
-2.1083687079397118,1.6703363244979077,-0.5776576402097922,-0.06795152612590225,0.14450559836974822,-0.07391782855872893,0.9512939508589259,0.5898231244220741,-1.1453127972441814,-0.5014179032380738,0.027896395526314843,-0.7069629028358662,1
-2.1971422988799607,-3.1245488076989316,-3.0387355785742893,-0.4337450356181307,-0.29421810379391744,-0.4287416485691146,-0.830229860085541,0.46979901474399993,-0.184928194428588,-0.8245844186248374,-1.1023009504493835,0.4165072002640632,0
2.8546385992114627,1.163112075587024,-0.6357614434879089,-0.3084346681118948,-0.1651139608434999,0.6166201798891077,0.12458820846682647,-0.1416250996161176,-0.10211758427149312,-0.4745566270445665,0.3362102081832595,-0.9526432505965928,1
-3.0231507603901253,0.4957628950964886,1.4345397388627186,-0.07560371542250602,-2.1400966711438,0.08726832158832887,0.18300049289297388,-0.4491145970143879,-0.964999823665527,-0.06682433672602897,-0.9801139407539281,1.3485547157893705,1
-3.6606226533745,-1.6832195260860807,1.1170056869213199,-0.3038888525440887,-1.0327987610166023,1.3726986925621534,-1.0986042526215487,-0.855795904704849,-0.849631996591024,-0.6634069652398688,-0.9425300203276307,0.4403979646782795,0
0.7529572289704317,1.5231408471729735,-0.0004232863233943809,-0.9170354405941579,0.15960158198056967,-0.16409641288522567,-1.0135023087309003,0.3462060250373442,-1.0285499913053668,-2.0168996133666948,-0.2269023767162606,-0.18293332599242054,1
2.4625481577061636,0.14768590350227181,-1.2627872672793448,4.225300689667189,2.7800472941560024,-2.8109082990877003,0.9766370861291219,-0.732065352211126,-0.7957331685354914,1.834772740875861,-0.020886822912532955,-0.3623077882688756,1
3.8765942991047004,0.739845005403317,-2.557696392635227,0.9962111421353794,0.0663255567163477,-1.8682587176245626,0.1261847079091036,-0.9481106939724818,-1.914410368162713,-0.684371836734472,1.4676378999716104,-2.0184033611766248,1
3.0202003840210043,-0.17813110213363362,-1.4107551914968681,-0.7087556187597471,-0.6802389710431263,-0.34703107133127825,0.05515653820228108,0.23419398661868737,0.4258225587768925,-0.5000494816623132,-0.29681369004997293,-1.7219167445915688,1
0.10536313188515684,-2.1298705614928313,1.7169378181708395,3.422268368206629,0.2313627140811628,-1.7331183524417348,-0.08339142727366522,0.8693540763450914,0.2389414000316081,-0.25504830800241407,-0.30509705898026745,-1.8921365016080898,1
-1.0905159206661657,0.6296860280102836,2.1793953836677655,0.16678144460741093,-2.0194879137387187,0.025641346431214934,-1.1316928892642462,-0.4128255845191703,-1.1891577656814363,-1.5202524596872673,-0.13795100585669365,-0.2724691702382891,1
2.957877094484506,1.7164121342671919,-2.3672097614805834,0.39131392718861535,-0.14369216832194875,-0.7394715916727362,0.8633129944100248,0.4309655367005147,0.015647411250445664,0.5263080418804597,-0.7112534616938928,-0.8272406958406381,1
0.07342654749115643,1.158855807998073,-0.7587477454585149,-0.33342223940300614,-0.7027833105990026,0.08665356587990636,-1.23296183958039,1.4666972543910126,-2.1190315077964206,-0.7982317312662888,1.712056214738254,0.8766841300291089,1
-3.9054765751504585,-6.456301061990339,1.3983021011146244,0.6934219137582894,-0.11199790333218847,-1.9604685352807796,-0.5019214210226114,-0.42396593901657686,-1.942483990141147,-1.287909087692809,0.6236360150621892,0.7455112173776655,0
-0.6142136301655643,-0.7065606019472711,-0.07531748625521131,-1.84267352893661,2.731451597030679,-0.2907310898260838,-1.5268235288090233,-1.929841186471414,-0.5988401760880804,-0.48191761231638647,-0.23191347028958864,0.2778460798090464,0
1.7446893983651293,1.6322368941914185,0.5405701574127544,-0.14371433313141693,1.3914350994418938,-2.4264846709650905,-1.0774223594550425,-1.0526109181844823,-0.3295865692421022,-0.49408119768921793,0.18748373869595653,0.35518036573716566,1
2.0454240828809627,1.3917044363636388,-0.5502750497167087,0.40419953550069676,-0.6064872901594487,0.182435887037505,-0.6823592255800414,-1.2338652150241407,0.8272070712087497,0.18904285531793963,0.8101882292684411,-0.975308998093391,1
-6.145101294504393,-3.2958044265982367,0.5301004777984974,0.013420472966787765,-1.9455520693014279,-0.7719141382654758,-1.5839202993715138,-0.9292543238960946,-1.6158793816992552,-1.5312954488123016,0.9405736882951425,-0.1762517111373132,0
3.1373229202217496,1.6372376615034192,-0.3693587603269482,0.5076402157143965,-0.3403146769725253,0.7467234391988875,1.1293558453008974,-0.11615236584534167,-0.3388908765560321,0.1703092097416867,-0.0482023700300983,0.08482012177038034,1
2.1277127518653347,1.1999336633366833,1.2630334750552619,-0.978121980133191,2.0100910994247307,-0.37873237930314363,-0.13479792161666512,0.3865814308395334,0.8851216223179442,-0.240763864505378,-0.4699646568952794,-1.15910215143384,1
-4.422315127974113,-2.4863494255799403,-2.1812279569929567,3.6535568803297926,0.11160209692418069,1.177884640683572,-1.705789939349291,1.9963081928207975,1.2100341369829586,-0.932651856583213,-1.9159469052976676,0.20849048725569874,0
2.5470417178284857,-1.859611573699761,-0.06140896711453728,-0.8424254663516959,-3.0543043893292348,-0.4869561804397827,1.0845013530583458,1.536277359854259,-0.18195336855269442,1.946046522199381,0.23910804676512876,0.061172248998366395,1
0.4320196943241274,1.7510508898735626,-0.34423596290837677,-0.13539116826932285,-0.42674736608962344,0.6739188910420482,-1.1433559142644452,0.6000778490647107,-0.3958838332991131,0.7621439802150081,2.8356475030819324,-0.15023522935211342,1
-1.4175023167522758,0.5677927058847928,1.9890591711186876,-0.9964735188041532,-1.8754322810143411,0.8165784406078175,-0.15167339086393725,-0.6124351857023093,0.5476664279060908,0.19565000079134467,-0.21747256624773917,-1.1433336522504007,1
-2.4061587850467587,-3.0962170279906505,-2.9258731094461905,0.18292526349562294,-0.2511627267462018,-0.19470862962722504,-1.2760090149478371,0.45916550567428666,0.5675879016421698,-0.5212688947693037,-1.3518159837177846,0.4295582033926072,0
2.7584928588486664,1.3927257811114448,-0.971602995138819,-0.8872439458630565,-0.1303568169693598,0.9564187702574749,1.0684943819310482,-0.45585619089745216,0.23901447040205523,0.712374217952,-0.46620956557239124,0.17811309441598938,1
2.6447464652638852,-1.4962580612358418,-1.2627530814056767,2.892282889644263,0.8889947255672115,1.0907258280013492,-2.193414380348845,-1.663762770704438,0.3695401431485837,0.07779940370627351,-0.29895757939531475,0.3245506744580184,0
-1.3329793951130755,-5.493884109072184,0.04384426904464818,-0.8955192877345846,-1.5026184971422345,-0.20535584270810023,-0.7338339181316214,0.2522824523179948,0.19534280102574406,1.746648582145479,1.672140672159553,-0.1653699073050123,0
0.6580261172907104,0.5421517419755275,-0.9044341503081379,0.016430212919868323,-0.5423228311180966,0.9132938728005034,0.9831380836404753,0.31736446923604245,0.47281423139598083,-0.08591383455492364,-0.005979184999747611,0.2535137409076236,1
-0.6861921600718991,-2.3619871188502124,-2.376384384566974,-0.691533290172035,0.10363554755886549,-0.16872489609077426,-0.3638500369426392,-1.3189945348605827,-1.294596370778158,-0.8061325096083868,1.3113302531810058,-1.7272989638444383,0
1.8153659689669868,0.937920533666588,1.204989471544995,-1.2368142924411902,1.7975635161384678,-0.6625451188017819,1.2008990499844163,0.48560517684852167,-0.6666086226645784,-0.49400520346074456,-0.22166776267828323,-0.5582256079219609,1
3.225997718704184,0.5889390929012303,-3.651880820009042,-0.03136959763770775,0.5694196936059831,-1.3437658599194586,1.2107051856324285,0.6566349865572632,-1.083409339190363,0.21313520305841957,-0.4215197059313943,-0.9888845720086198,1
-3.133495919731337,0.48004816356126456,1.439605000420568,0.1197282817659435,-1.7259781189970325,0.4548229719618889,1.512481467848459,-0.20920163104419523,-1.525809811390312,0.23268647620946495,-0.01920527219524619,-0.07163873275069987,1
-1.50719274170976,2.0752174957914233,1.5089828792231206,-0.7709101573828853,1.7369233173570373,-0.31589162271601035,-0.11500465641414669,0.27389715416081833,0.691045221196865,-0.6322574273484806,0.253427325308821,-0.9360898391763841,1
1.2403396030397875,1.0133325148694068,-1.1196809698836685,0.6401064248508285,-0.5780710472867748,0.015245854411399635,0.9237045726864686,-1.2201582435152263,-0.34513504691618413,0.7923302494442211,0.47709150973491754,0.18927323739338142,1
2.8961387052223384,-0.9692040248628896,-2.2773115166653564,-0.23846352883185645,-0.8614266591117095,-1.3725866841122945,2.118028572594821,0.5927252562858603,-1.3764332616995723,-0.20553789963782523,-0.31721515806080397,-0.5602430048074315,1
-3.273918060852865,-2.030922028792083,-2.7092363701765603,1.3035927604578836,0.035438753255523675,0.6136384057906182,1.051335295576858,0.6550652098257509,0.22775241329856935,0.9976196115074086,-1.1004628732097417,0.4340958623115003,0
4.12616561827509,1.868815021935443,0.5148665449973895,-0.5342949221759776,0.9409198281724296,2.8431296283306624,-0.41959603291253544,0.27095507181481454,-0.3984476962331185,-1.0723905866778496,-0.7780058614812222,1.9405130417475844,1
-2.3270193435418993,-0.7596529969579521,-2.0850031115976404,-0.6718418982435793,0.17050999834202968,0.7193139778166733,-0.8411028424217961,-0.503750404276968,-1.4817391552102586,-1.2366099842669813,-0.38058298512639793,0.4017387630559416,0
2.6730341795013723,-2.392950025305959,3.01415105612028,-0.5853842954323178,0.15440462542650382,-0.5275363385318,-1.1044948325463948,0.601547746654012,-0.7025660842719968,-1.9944653974885396,-0.43875072467517406,-0.2125102347137538,1
-1.4991895600224405,-1.4741410123495386,-0.2736066441305204,-1.302639224457552,2.2354183226368245,0.7713906148813506,0.31959724045378574,1.4407804837844824,1.413074825354471,-0.2990085787970962,-1.7712171652325093,-0.8341634163530589,0
0.7121529041389686,0.4732732367621017,1.8693317174177282,-0.729770473933163,-1.9006482182668838,-0.08325741968906343,1.1523295408478118,0.24297043068806767,-1.6665442075327395,-0.9448428342371268,0.16242983404413663,-1.3697559445682135,1
0.8181348419087907,1.7310054539995867,1.2613582625222683,-0.2456911763539876,2.195788137179947,-1.2040177255398732,0.4738261764842806,-0.8607435165476508,-0.9955490992690356,-0.1349462514195932,1.127689440882206,-0.4829927450143569,1
2.8728071819301806,-1.0245630599153521,-1.714395685653337,-0.9202260133859704,-0.7374493770044107,-0.8660623612158995,0.05094815169839411,0.5772330302367155,-0.7034824660536725,1.175016691846048,2.398770160744332,0.08022683783824516,1
-5.413862113034893,-4.366755742637541,-0.10062044935424903,0.27894028439116686,-1.7281749525503485,-0.5503930451672533,-0.35485761619114,-0.8582512480310778,-0.5529403358763293,0.34576323533063597,-0.24896156217919968,1.806383494463914,0
1.8822500383152587,1.6678863160190298,-0.8019295952816877,-0.6340446361604526,-0.47844074144038395,0.8367562729284028,0.138945531769886,-0.11636900123346414,0.5414219131954617,-0.59178194448496,0.16939076348944637,-0.9736337748252174,1
1.4042974762676148,-0.38456907643200716,3.242195459316085,-1.466600633675192,-0.6639070984004842,-0.5307345314570424,-1.1124870126285584,-1.745550765217316,0.5478167371432204,0.03689835700170135,-0.4131157218027108,0.756643830809205,1
0.8414530517197131,-0.988093103202777,-2.36752196578274,0.2362761312961548,1.040537270683376,1.7801037063290288,0.7147164910395647,-0.41831188596884317,-0.11067866855754543,0.8219542918015944,-1.4404196638494413,-0.34384579123648606,0
-2.772574118158616,1.6950810625028723,0.5756357294631329,-0.12792940069039913,0.9636308338964401,-1.2755667195117721,1.8038504273933638,0.1986443234385506,0.4549889816794755,0.9047842674409993,-0.7507311472387842,0.5576295394458284,1
0.32097127617264426,1.6525470707119867,0.9823092289079062,-1.384022744470146,1.1706370459540767,-0.8180704101076881,0.3052806323796668,0.5406581914533212,0.9655696174153529,-0.5679408312669169,-0.4247693840970891,-1.2259795938820865,1
-2.258544957192015,1.8527179234012057,0.5711405419238318,-1.6979452513178792,1.2808948365412158,-1.4739803531927855,-0.4861181096199246,0.6382427658392101,-0.3037722350970475,0.8453858233118043,2.414996878056119,-0.3801839326713346,1
-3.0527460181033823,-4.804150685951811,1.591805586024363,-0.30531589647674473,0.29575662059074825,-0.2545430924195354,0.24136517537131244,0.4083727956435548,0.32213222924659785,0.10988485215177199,-0.9077080719964851,-0.9638330638239136,0
-0.022945356264245008,-3.2548104410674297,0.9877258548093415,-0.5106096703450185,0.5068350811503233,-1.200303063829663,-2.7785698810414248,0.13285713283785436,0.8791552299347588,0.8572418381227214,0.9974421449705635,0.6713357976370767,0
-1.9889492560587236,1.6547395794101396,0.7168110709044905,-0.15694365203067714,0.9262573412227949,-1.839794968400193,-0.7247489469534184,1.562191358271271,0.7962708915883083,1.597671843804151,1.0612273347653733,-0.5082805894843452,1
1.7423066142232018,-0.8985321920249473,1.3559968430290108,0.5781315948401656,-2.080676224811774,-0.6592831516492146,0.2836849800524076,0.20245221369323668,0.22126035198526023,-0.13596015027854602,-0.6136128500998034,-1.7231826734447802,1
2.2282710293923462,-2.050473383439652,0.437765983072286,-0.301165025794183,1.1230755663309995,-2.239146696090475,0.4446889661807749,-0.7350517046482958,-0.5799039509665251,-0.467319006987204,1.0993943713855727,-1.0374282187661898,1
1.2186559440251123,0.9874500662386154,-1.4591231259604298,-0.35495610839039893,-1.1622895625282925,-0.49583123031199655,-0.04134617171841196,0.11081769301260218,1.0431637039374309,0.0903978389156215,-0.6586415056438186,-1.59333908324404,1
1.514998062350937,1.4806532138279305,-2.0684240751782483,-0.312154516347932,-0.8976124851631393,-0.9340090009230944,0.5546593279573347,0.15727905482497445,-0.814997426812653,-0.20561397740210652,-1.3664271976377134,1.0541758655995872,1
-4.623326017332365,-2.2633527710722037,-2.750522443852996,0.0158528941688325,-0.28045285166207956,-0.030101421407815184,-1.9588852407398627,-0.7123674008023223,0.30035362500518864,-0.9982941773320908,0.4032419774886274,0.46300603231111626,0
-0.05126313240915675,0.4568010841874484,1.7253459731540859,-0.6697959964262614,-1.8795381337069224,1.2065634403819658,0.026474495247167888,1.0106443461983674,0.7323087902875345,1.7636556456088222,0.6231454972807985,0.28030688633997314,1
1.0394389448768147,-0.3199937884724573,-2.1797415830525115,-0.6964408839804656,0.5719334210638868,1.7546986514286749,1.6312471997149893,-0.9375051430630862,-0.9306725734261201,0.3593838973934545,-0.8438132689804113,-0.02090332947409697,0
-0.9221713479487448,1.5430306827535125,-0.8530784828521836,0.854596156815902,-0.1274265755792158,-1.1984008241459398,-0.4913922585986181,0.022862888152119728,-1.3594688904466314,-1.1010061880612942,-0.2680429173383662,0.3577043374276686,1
3.3854408790353183,-0.9183653936911355,-1.4200971679366263,-0.41785746139741925,-0.8675971096748151,-0.5549153590732603,-0.7969821335297292,2.0522079487021916,0.4582453772054558,0.4661763212444654,1.2370218399395492,-1.1537034082809974,1
2.1197221970773525,1.1172506328495884,-1.310855230655711,-0.20621366215670037,-0.8392851756712607,-0.4333785365367539,0.8919514355222556,0.2570295110577233,-0.6921374342745831,-0.5285575276517122,-0.1808478147189922,-1.2828906604336028,1
1.356454155974839,1.5395732136121876,-1.4149257578806205,-0.8463848527943348,-0.737230753485352,0.5449133959208049,1.8085721767964338,-0.19251200842092178,0.15890989186712748,0.5628609800808774,-0.5193211676457747,0.46938424948668117,1
1.7150635779559282,-0.18759242814008026,2.0665420054226242,-0.5720647594960699,-2.449021510903047,-0.47257080228496795,-0.18715194477840302,-0.01264180446693438,-0.8199811674473692,-1.227370576465592,-0.9262034465869086,0.07313892167360861,1
-0.42752825327240984,1.3055302169158816,-1.4050453171122708,-0.31141768096307454,-1.285399234525125,-0.5627369357817252,-0.6178702967006665,1.3979914163058504,-0.07196318934510008,0.9593972276832279,1.5895948999620784,-0.7966051005337528,1
-3.3390100378334138,-4.681400066058883,0.7478769682510514,-0.11785803556298043,1.147048550597237,-0.9615407960995546,0.8059082431809795,1.1161711381836938,-0.9746567798932277,-0.8630103542469523,-0.0048188901237244995,-0.740629368439804,0
-3.597558643373614,-0.968834151106201,-2.232855619695833,-0.7514533391741477,-0.006163402879502705,0.8669523312865894,-1.018571905939695,-1.0939634409619186,0.5163848961148844,-0.4171347819408692,0.9914305969137344,-1.2661495213870992,0
-2.545239838317579,-1.4505611361640172,-2.6521878514527053,-0.2916621545874285,-0.3950151167011547,0.10602682193377697,0.16992741829778746,0.37279989665752483,0.6834957637544427,0.3808300676363248,-0.7698497624810635,-0.840094780999117,0
-1.0473896478691282,-2.48976156980605,2.621183393857836,3.9656418161047933,0.6623168771372867,0.42166457299645516,0.32126175479280195,-1.766157874045327,0.49987392651257523,2.263892505695125,-0.8359280427967428,0.03751773410029009,0
-1.071887640118476,-0.19329234871220294,3.229816127721854,0.5621003236956029,-0.9482272870860364,-1.0713995807123602,-0.7057561668142909,0.19491002398017063,-0.0657395284374349,-0.7739358990353966,-1.3042917827624612,0.15911061242181002,1
-2.349841783275209,-2.8141031112235844,0.3867629917620582,0.08223386315352185,-1.0924649959558845,0.21224143767831452,0.6741920864256951,-0.40811946184209574,-1.774085428067278,-0.4929677923688031,0.09075719680691714,-1.3342906660556955,0
-4.8634535979537095,1.2351122474524285,1.3603088077283383,0.050411117888724225,-2.158091957171258,0.9071382585040766,0.8771269766355708,-0.15760257311685294,0.6094999924189316,0.8114864310711833,-0.6075627301386354,0.07617609709764399,1
0.32836288732167646,1.5455167990112955,1.0060965258928556,-0.37447378641324525,1.373670990037556,-0.7032835256541604,0.012719030757945936,-0.05185321012226029,0.17254908047028802,-0.4972495315242253,-1.068061755829937,1.4236219753916939,1
-1.1947101838645773,-5.877873789307157,1.3448985761415226,0.4833491307652456,0.3979954225807877,-0.29180972450288745,3.8008007595204654,-1.546308310070387,4.276435753850359,-1.6549351031031423,2.26256080872315,2.6320994591080495,0
2.7161479085650466,-2.535845600608776,1.2558061701275576,-1.0787360031736217,-2.2828126517213723,-0.7322859025931234,1.0260955038026476,0.037883516613496614,-0.10953962616194754,-0.23492993516333185,-0.643076889485704,-1.4289315500057764,1
2.96001549039963,-0.7760210074309516,-2.034181299529084,0.4770448250870203,-1.3917697270120901,-1.696535892499251,0.6221606078250194,0.3075891595257365,-0.7409125126032889,-0.5186637954592385,-1.3589627092434333,0.7166145974837093,1
-2.524715133685551,-3.2672271272914157,-2.214206948113103,3.4962436025534966,0.4590545999218805,0.3850468077684801,-1.874415021570295,-0.47311154917872694,-0.19337866528725312,-0.3246505468633875,-0.2844468763817232,0.3913214358580169,0
1.2664744584881,-1.1595869869820623,-1.5108694783244294,-0.7489626485220574,-0.6597536159939809,-0.2783096236691602,-0.25925997757760605,0.7220589395465172,-0.01877393607015865,1.4628497766439212,2.2846476051434106,0.5032965861643327,1
-5.46151620106092,-0.4823336508243787,0.49385064580541477,-0.6636499400219353,-1.2929130670522575,1.131950883753515,-2.076219155858175,-0.682850660792402,0.43307124836221855,-0.8673640499412264,-0.9340871072965485,-0.339847233325468,0
2.016686362237086,-1.535396405843009,1.0583051163663568,0.8547658918006663,-2.353264846497052,-1.1027468808263008,0.3462786092847369,0.15061810758266395,-0.25618689055211336,-0.09641007908656887,-1.7281758725281937,0.8149998352109568,1
1.3479108023832813,0.5410191066877423,1.9051157684977011,2.846982091295282,1.1013092308473162,-0.48923147549877133,-0.820362507378313,0.21921901992566567,1.322096429384638,0.24862878723498621,-0.7775532654648978,-1.961341483795611,1
2.042514110103409,-0.2566406140282872,0.15231341255398478,-0.47622083463528253,0.838175445377474,-2.136553365502952,-0.7813851743652224,1.4433854991701769,0.4982212459782668,1.0113335822564533,1.213148903171669,-1.1953955265326917,1
-4.670677776129734,0.7759279336588945,1.0787500635756855,0.056958405446034296,-2.622288461722822,-0.4153918512589107,-0.4701683236276625,0.11209089756914396,-0.008658493403236064,-0.05739608830479414,-1.4527592559887457,0.6428813225795025,1
0.5198982681674481,1.6711764016638113,-0.9816219835745267,0.22628964666923632,-0.8323712008531158,-0.02084062671072649,-1.396671006506171,0.22449970186939028,0.3973334661836023,-0.9949607866360397,-0.9285936166379632,0.0007960262904143078,1
2.391639457468739,-1.1846468042603024,1.7444304978587426,-0.3550350329423223,-1.855201350075755,0.051511013323294316,1.954254682875433,0.042334359960582844,-1.5015467305745196,-0.29218310800545777,-0.506945037612735,-0.61335636729892,1
1.1822683763258506,0.5987235250416424,1.447821525548111,-0.04910192994923737,0.5540328098828406,-0.8381745714585409,0.841750688801812,0.2748308146731097,0.9622742601473356,0.6287699304168872,-1.1168857553516724,-0.45991059406817814,1
2.964377419077693,-2.4467891263189445,1.3724548069695113,0.34721229214131083,-2.556388086354932,-1.454132058616556,-2.111587341952493,0.01765668768753702,0.19033608389390042,0.7146639955675452,1.1722506284150218,0.3608972222431046,1
-0.954542141877553,-0.47698880668119065,-2.0335812378551306,-0.6169450324444089,0.2014602989518581,1.4854607642085886,0.3762586056231655,-1.4971138686286671,0.7844102449644211,1.0091346636313314,-0.05469182672933418,0.29162572728138736,0
0.019266275467715168,-3.7929484601285974,-2.907616030428202,0.9532450387982355,-0.43265432669934756,-0.7293757252512848,2.205505352434648,-1.3100215523960925,4.005729066029618,-2.975974119194086,2.3466033722597093,3.535793940701107,0
-1.6792681936323122,-1.6088821146853631,-2.624633369678707,-0.6699766700264329,-0.1893908363622462,-0.11150724989303001,-1.8209463344437744,-1.6978208726445916,0.34137932666057097,-0.07250724926555333,-0.31475760041248246,0.29363157473049983,0
2.1808157062395717,1.4823968999842132,-0.17866914457837096,-0.715096481980239,-0.4408325851171989,-0.38924017358076146,-0.5723135764882302,0.3987909460165236,0.5420705126156964,-1.274183674108775,-1.015713138019631,0.3745493739435699,1
0.3405797271947286,0.5583744281043291,0.5166389517365363,0.4805912653991101,1.212061238000197,-2.2296541063873945,-0.23801156557507566,-0.8526841405844183,-0.333192413230843,0.1155522322258901,-0.16553026484595398,1.4891952954574,1
-1.3481317991617376,1.1889857685830756,0.6010655188724038,-0.6678424147242307,1.1084225452045833,-2.2518929869590703,0.34607104633050545,-0.9700372245685769,0.21816798116809208,0.5914599578961358,0.6024971470612064,-0.6311225414965889,1
2.8380279809133957,-1.8221288284993469,-0.8302702853764484,-1.5959735862459477,3.2098265123442555,0.040141690207051516,0.9249598627121307,-0.36928743034869244,-1.1300654501784442,-0.1551352828512999,-0.9686757934795894,-1.1948540251382098,0
1.9511278572591337,0.7146360645608796,-1.097025701014831,-0.41110783998755823,-0.47649743305401576,0.36580509216220325,0.6619837584623176,0.24825248337118483,-0.04026461798376572,-0.2102084055274091,-0.38916965142401677,-0.8521601857081804,1
0.2738718849015537,-0.7018279411577099,3.161106403226471,-0.591172097822037,-0.7439197146005353,-1.2265841998532765,0.5767434641183535,-1.3605808023587123,-0.4443659735103561,0.23258170483923615,0.6080863906275502,-0.8486930469376283,1
2.7374778882970108,0.9103578391468813,-0.6867612892042783,-0.8464114946136074,-0.26066318423034207,0.9950263633385559,1.0028007240198336,-0.22050992432541464,0.4610507139199583,0.5717708480686756,-0.30761811037161435,0.33498381749151196,1
1.4607058469055454,-2.2684929819207142,-2.236585690609986,-0.5944793418294354,0.6257606744578129,0.6335398380289353,0.07112700158922934,-1.688333146966205,-0.8904560438568035,-0.0029283729504294546,0.608443445105765,-0.9725168253593006,0
3.462126902230981,-0.8364867566086904,-1.8498914239051953,-0.7419294446706957,-1.0602219787227887,-1.5911066828241205,-2.1284807299192408,0.3323799453912421,-0.019927025523438734,0.40811143732985067,1.6829526251208788,0.5060834784858567,1
1.8694885612148509,-1.7054682823486202,2.898426125393965,-0.47083926182933455,-1.1002269855850189,-1.90479871213857,-0.8048676384638893,-1.2211631789059634,-0.46409018868378754,-0.769961079443809,0.17265299849954832,0.27621198568093686,1
2.319433599774411,-0.061968921820396525,-1.0080594770176678,-0.40463434734005055,-0.529374798328266,0.5527676919886905,0.1374303044158107,2.2360271137067538,0.5364918962741059,1.3575378518776289,0.905852711780141,0.6028055038824239,1
2.656136085101273,0.006323445707208149,2.389384400507048,-1.4566863826229448,-1.7497211730392435,0.6441114925023037,0.8292216122871676,-1.7493026337875455,-0.15302627010008263,0.6230539982274466,0.41296411187919363,-0.1725129997166861,1
-2.6586410842307773,-1.2699956907505572,1.254367595068645,-0.024624992626843662,-0.9759720588583783,1.48154426976222,-2.5157282856141268,0.7203728663338178,-0.30684290028224775,0.5016435624860988,0.4285667835684449,0.6627286648039875,0
-1.2756561112998215,1.8877744495705715,-0.3278563640711182,-0.17708140657530402,0.3796689103486957,0.19917744204647708,0.5941861648415208,-1.1646082706086658,-0.6192511402863378,0.5486030707714873,0.766199376258063,0.06791395953959246,1
0.07973119241050992,1.0598953121531185,2.255698755987717,0.20630188076710193,-1.2610254477261593,1.2530522405650797,0.10063336981309805,1.0165873247443284,-1.8682345610165463,-2.2720265546502643,-0.7110082551043345,0.50815559264689,1
0.21937315964650445,1.7574694814256766,1.0170671812971417,-0.6478638149880847,1.0257308914653347,-1.7480433148641887,-0.9282630152618719,1.9121527955348858,-1.9306328451650625,-1.232681022868599,1.7367600102482164,0.6062812022690935,1
2.6652544510875855,0.8970953021649707,-0.8123622340879785,0.25340606623053175,-0.5609248650461421,-0.14807604936528657,-1.0937692392013283,-1.4715843664999935,-0.36112952270361637,-0.579632203825841,0.14401038757270868,0.6463832453236548,1
3.1610857673696056,-0.25917526055329104,-0.9834170673107503,-0.346689177645016,-1.0518975340740353,-0.8058264665539286,-0.6044697527774842,0.5206121115554225,-0.5033328570597405,-1.6856432285709075,-0.47770153192149223,0.02181458500253544,1
2.6526546777075346,0.5123702959511646,-1.4280374292977458,-0.13178913909639767,-1.126088193186561,-1.022580552461766,-1.0826005816982056,-1.5271049630214775,0.6086958350686861,0.10143797337597671,-0.31949678182158847,0.6233337274232686,1
-3.8748375670782944,2.158632672682427,-1.6647368473882986,1.3454844563771353,-0.691860832306759,-0.20622191232503417,0.7305397088700494,0.16557915841716453,-1.4328831975653704,-0.21218058059873995,0.4281989204923162,-0.7135223349925399,1
-2.7066558259874696,1.3569197148144163,-0.638229025748619,0.2792551082032946,-0.1293817368379996,-0.2569861484689916,0.7784528833033706,0.5779358422904843,-1.548295469684156,1.8113737691707548,2.1492804466362365,1.1882645552687034,1
-1.277996515785648,2.093405645380878,0.18608093027993539,2.135804900891541,0.23600560666831524,2.3671465440660717,-0.6488620550455966,2.319180478911627,-1.3694213058537046,-0.3914672034024168,2.1551150119517226,-0.5545388395347398,1
0.68372236573338,1.8832403541745755,1.0942174091216545,-0.21844250299079088,1.6683200012272739,-1.9205046955543017,-0.7910189923480289,-0.9410614764748296,-0.46976043506402004,-0.3937994080125975,0.22752475543625397,0.9591235944859023,1
2.349159723078117,2.174067907873746,0.1946446681044935,-0.580714949508497,0.31924127179074363,2.5668770897821562,0.17935589872377344,-0.1875764526545366,-0.5208309415705956,-0.9479193214476727,-0.5750883452177782,2.3011235776375116,1
-2.042247635879426,-5.295088893951338,-1.029837312960111,-0.0030668940914787652,-1.7176163262629676,0.7834673902858461,0.35825060887930327,1.9911640507851243,-0.4252774724182471,1.642822725872582,0.45812692024633256,0.3888274807582992,0
1.0555095003915533,1.6973548540211458,-0.8160573990418527,-0.39823583651668076,-0.5385301446803515,0.6936859111578639,-0.11010169561804642,1.9172104283864793,-0.45643379178936255,0.7414054125623077,1.263690416700921,-0.1669992846512054,1
0.6710956558735787,-3.264678490890202,-2.215113643211255,0.29765680255687266,0.3174750136091093,0.7020366531330784,0.32596376889344036,0.5279640922734516,-0.4489693627016485,2.128116955422996,1.6341246300061747,1.4038726036847269,0
0.22034011210361926,1.6753568114529223,-0.9615640607623047,1.0197918066542309,-0.850671631052537,-0.22042995764407097,-0.5148714541938791,-0.09571805377787067,-0.6023446890653016,-0.6935177883267294,-0.5295281709389905,0.8618383764069385,1
3.3324081381324073,-0.3754855808722418,-0.8684170505976123,0.15603564384892363,-0.09593376762682339,0.6172471350360902,0.3312372258823712,0.45376825747554655,0.14649354829420788,-0.47896951355034595,-0.25755378460705314,-0.9208748246365546,1
-2.089144378851991,1.3352348907954446,0.44348953021110565,-0.16297222959965388,-2.143260579475909,0.7513041550765667,-2.1232030742811943,1.827029465519124,0.14604866466307947,0.10943909828410239,0.6458367569360522,0.8333782370518332,1
-1.6607416362824794,2.1657025838628456,2.221216189441943,1.8864605291045515,1.9954102492333425,0.18409207827984242,-0.37574410798425545,2.656926564808964,-0.9209287236599513,-0.10365613319272549,1.9267038807974497,-0.4837299686247561,1
-3.594141376476342,2.4520588090773083,-0.9581736606691683,0.5563419750386912,-0.1820333500046417,1.1500109552687032,0.5288389811360906,-0.9335491653651234,-0.31098662652719894,0.9438462808418784,0.7439361135219953,0.7787246112140648,1
-4.405664382749786,-4.109426082956244,-0.6450861035910148,-0.14666593862055402,1.2716602738894478,-1.3566413206068773,-1.5058247491802177,0.9601152214284802,0.8215895728417939,-0.666576609414591,-1.2097234804084227,0.4263622276999971,0
-2.6236107192611535,1.6191731126060425,2.4706442243237445,-0.32797908944577187,-0.9063377097449539,2.4787997987155332,1.154829172478265,-0.048641573421632646,-1.2690460255224685,-0.5405964470886824,0.34461774007067275,0.2543057816508541,1
-2.3430626480831656,2.2393198359069637,-1.2548355668607754,-0.5623567076834008,-0.4590319256276031,1.0455489506487565,0.0837690531824586,-1.0984256469468632,0.7033484613494546,0.5353059037392329,0.6073075200276437,0.0320874741986797,1
-4.589091711527793,1.1772177897377116,1.8418699188722074,0.5546560890054717,-1.7407739010088457,1.4758190452924342,-0.14237301218882453,-0.13728691940247817,0.7354645469870074,0.1171926708133974,-0.23897386827644596,-0.6603120937295172,1
2.7574188411671527,0.7284110792240267,2.8240638808116576,3.277013252530614,1.7095459358576204,0.31165602981877466,-0.42193606153728125,-0.9472754181097818,0.8825536959630503,0.8799802443067247,0.502269561855756,-0.20491594736762245,1
-3.229451000015386,-3.3452998817236534,-2.8169944636008886,-0.26846221366062933,-0.06798736230692666,0.18651792983079948,-0.07488502126971334,0.8042057029256839,-0.39935728790550123,1.9374796908436385,1.9797895477795782,1.0709716760945018,0
1.0068766010162962,2.1058776484535215,1.5483615001801962,-0.8806925021574107,1.6092313132015217,-0.28098816197176296,0.28207252076821726,0.2558924138347443,0.686348845533154,-0.5300351032388533,0.17299053753276053,-0.6491413611796675,1
1.0323270217433371,0.22236213505609187,4.529278139111038,-0.5182076022271638,0.4369209513993097,1.6122494594665904,-0.9920943815758364,1.160352653347816,-0.30711694365543624,0.8957277078234462,0.3793314376748617,2.6035320489192073,1
-1.8751859267242936,2.1117152849931164,0.9613911276135083,-1.4905181273149033,1.2576277613743472,-1.2318734074302125,-0.2536886473298797,0.24877136283836113,0.9018982413425309,-0.6610862616593173,0.2940138282238184,-1.4459431267886473,1
1.374741870921939,1.7092873225990017,0.1350817623329601,3.859111049698217,0.20819381698610687,0.8446464358418339,-0.4673946048573418,-1.0611447460278494,-2.3015711114301474,-0.7829166896556989,0.7666719660650577,1.2192869925951895,1
-1.2264606578313624,-0.19393926976429113,0.7397972479117808,-0.9974446113515342,3.4348583102646524,2.022271748423426,0.6177590845291078,-0.2666826554233415,-0.14035454676892786,-0.0732490802006496,-0.41581069558310274,0.30188339838462985,0
2.3415516879983813,1.5024093565255465,-0.46342123975870964,0.28255091385048015,-0.6525724714382831,0.7819239160639303,-0.2261953084327166,0.5499198393052548,0.8565964452624629,-1.0615616704629063,-0.06932161670678243,-1.488627385485724,1
-0.8702144475377193,-3.2377092377460976,-2.6219361407935047,0.13855432754798847,0.6620762000453724,1.0459887803989703,0.6552162237426,-1.30397987959095,0.2736640623556968,1.4633017107922004,-0.1633566231462095,0.7676176344815094,0
-0.8146153561840379,-0.08708388924100063,3.458757541574632,-0.006339028163331012,-0.7122957152666024,-0.8401117733166742,0.9661360526675986,0.48512990673595346,-1.2447462991399234,-0.9209846864004759,0.02289604549630453,-1.2954818127988588,1
0.5653305502905508,0.405035222036059,1.9825327519245868,0.18514216091374355,-1.9405765356789852,-0.3061072235316622,-0.014244934338658505,-1.425824532940829,-0.8248373564835763,-0.2401816174779751,1.0290261035472374,-1.429006165120052,1
-0.38907841166009516,1.0364419663950193,2.8996259876172226,-1.1051135332083661,-1.7584539448193852,1.6485176393656042,-0.559176439746494,1.202359676588185,0.23679615834881024,1.170841223355037,1.4546848596464284,0.17833386710634044,1
0.6918995653518614,-1.3979541911115243,-1.6848174124023798,-1.2572138730497067,1.1700163872625375,1.4171437165401826,0.7782832299308675,1.0890211470502322,1.1035906352175124,-0.019345304728377834,-2.0062603867591036,-0.6760822864672126,0
2.7049588671273748,2.5539466911466064,2.8339227771644944,-1.3534075006756507,2.8744765868624658,1.6006035173674897,-0.42273012994580067,-0.744375648104729,0.3053561135325675,-0.9745014374465092,1.479975207749064,-0.08178165755665473,1
1.4920579525796986,-2.062005823242888,0.6314491729556302,0.17288221984235436,-1.4605554591471166,-0.2889012467487876,-1.2571059905272652,-2.1076998203202186,0.2533434860147855,0.3954986132093334,-0.9045163032746654,0.30365774366123677,0
2.98533713194084,0.052704086184280595,-1.3822059512722027,-0.15830852494818146,-1.1561435980939712,-1.3158793332610308,-0.9262096207554396,-1.2686647150547445,0.019464357420142936,-0.42423925648594807,0.10390042885881808,0.512291592512304,1
3.982765719270392,-2.6842222918308725,0.7995136773488846,-1.958967971161907,2.814169504554139,0.9473879040680082,-2.0931258855022565,-0.8541669672581436,-0.6822013123511451,0.7009036689311712,0.7530264695479223,0.9883378824664274,0
-0.02352056596987089,1.9037965224516793,-0.0031803804827874745,-1.4498545258961724,-0.35819480047537827,0.3483072065969934,-0.8067149814119636,2.138229160722873,0.6515216060496756,0.10904009410041975,1.4511470278909921,-0.8267444431439385,1
2.0119338313839417,0.6174868214032653,0.7005498731410487,-1.3615756381374002,1.0113421892129295,-1.8004925599744273,-1.347870267958348,-1.2613654780903782,0.816123278852482,-0.20483803228350328,-0.10464621128967398,0.5730649375136385,1
2.1542106145833593,-3.0442754718093514,0.3248318184217443,-0.9078921111941632,-0.853789849936826,-0.011787918272009233,0.027291815547595712,-1.8040426866329862,-0.16866185660582317,0.5494834218305316,0.1964699324157425,-1.1805054671403872,0
-0.24154997783609433,0.658472581518689,3.635733417978576,-1.5086342719450296,-0.6204368523001357,-0.28095520956002074,-0.4168874926165106,-0.3531324177943414,0.304492170548081,-0.21705176905297283,-0.9488344079757974,1.2230275496673477,1
2.450765369518942,2.7940892880015413,-2.157317426826996,3.96358273535463,1.6503273407785353,-0.04005242701938352,-0.06065070586861518,-0.6189837324147289,-1.6757364939521926,0.5450636985469227,1.2872424551783574,-0.7605468361288579,1
-0.3635735955850114,-0.17551880991605046,-1.7277041231946297,0.17187823913088046,0.3823626717013054,0.8904372046840527,-1.7170393224066478,-0.22273991563919415,-1.9143094893311252,0.3573701745435381,1.567075485238978,1.2090079332091785,0
3.4424521902103575,1.2866157712647135,-3.127790709552282,4.735110546346597,2.034652444812994,-2.024636471411217,1.7031460139817591,1.1066126876213773,-2.3568692689308124,0.7309979831671064,-0.4296685511989238,-0.793054673904011,1
-2.408740874984613,1.187270127357585,0.24938474142992875,-0.8203918214408642,-1.8857840344590049,1.2396098148927088,-0.4068897279587703,1.267160603171635,0.2151758702124435,1.4895263439611262,1.346868046974327,0.2679659636976563,1
-0.44139896567624604,0.9126556008783772,1.5416983229778818,-0.19076359561545034,-1.5448810610212267,1.0823267843643471,0.15582257242948677,-0.4856636483140617,0.10836778058309385,0.15006207323412363,-1.4335823615585965,1.7528013027165559,1
0.39890636136929186,0.16516566370232547,1.9423587991438873,-0.1955975979301533,-2.1005501003887628,-0.0290858517998858,0.26692632287235474,-1.6810316415012163,-0.08523408341469157,0.5692060470399339,0.41844560049432705,-0.8610361893947202,1
-0.005728630747041443,0.33326395550266164,-1.5132407928637774,-0.719028968422195,0.10630582239161426,1.5366463220732003,0.8117752544144212,-0.005208237458261491,-1.876342622396417,-1.3051895874646355,-1.0587931776079207,1.4536863465560383,0
1.3718097891658407,2.0390892662422373,1.6152164506471374,-0.8530631274933309,1.9723876651158425,0.11860284333263184,0.6801935126070273,-0.9293515506289559,0.3286705629815331,0.21514237446835655,0.6294148120380915,0.33854961183713006,1
-2.4169350827117224,-3.109028562037177,0.6982527805592105,-0.7597818858468676,-1.0003053742826005,1.2564905129323802,0.9968075816031982,-0.5877018550782873,-0.410839051512487,0.6745516160794257,-0.6741594464539764,-0.050030282550009714,0
3.4879745630484473,-2.0847774151666307,1.4341937185746902,-0.9282581414878504,-2.05455276515432,-0.40177155267248155,-0.73691831794704,0.5518577369181862,0.9970001857835212,1.696042898593485,1.2284373817551217,-0.5771064028672047,1
-0.15326360148052934,-1.0404294281814463,-1.4545350055923496,3.452180041410869,1.457109605125934,2.296332708978615,-0.32791296499602524,-1.691961104573602,-0.005365372502560495,1.4227635190286647,-0.046875751949096385,-0.055799995789867926,0
1.807074437364625,-1.2827196742976943,-1.699394490515455,-0.45928626425622265,0.4679609738421999,1.15013423332874,-0.4328587738537676,-1.8340709834834046,0.5730216424053052,0.67155421217776,0.14160355421269444,-0.7070213377384675,0
0.8115207375943366,1.597101516005777,-0.6396163870372025,4.1042227392725525,-0.4659421215919996,0.562205643516899,-0.3868450860916152,2.5253385999509455,-0.2725511673359597,1.2087847401640197,0.5940832539672112,-0.6612489085176698,1
1.7714462067811034,1.5285756057838031,-0.8126843017809343,-0.9583671089664466,-0.283859716529994,0.9941330797594181,0.16320458411271915,-1.262669599732385,0.36316421515317826,-0.089148825029081,0.8045259596010932,-0.39913214941737873,1
1.3527328851404687,1.1490119427655312,-1.3545462201275136,-0.9143382630212731,-0.9948221960384506,-0.6499019222084547,-1.1220388391540967,-1.48163503295673,0.3942839689179922,-0.07239297751922959,-0.06507246432983015,0.7435900782051948,1
1.7538844315095785,0.9583788350116703,-1.6508784142222628,-0.7424050000652919,-1.2629313266888706,-1.6540557851526123,-0.2079977583191423,-1.422867877480512,-1.7316744384923932,-0.9781610248162287,0.5282798475849348,0.26722739518094035,1
3.2554984363129513,-0.6410587563063062,-1.5086435035892602,-0.24099029561996513,-1.0052636043817023,-1.522743840107084,-1.6604156909720902,-1.0837448405431778,0.2659987605644213,-0.9371849334674391,0.4442748295400577,-0.1405652781224639,1
1.212628098692672,-1.7819826557799403,2.2933383998487233,-0.5028436346446035,-1.3722190872516613,-2.041227572160428,-1.0147398307144901,-1.654660229724092,0.9756345518896774,0.47318737413045825,-0.8207098021639755,0.40015343292763683,1
0.9527216685649929,-1.6975873101451662,-2.268620484386483,0.43058286965239934,0.21825393954477135,0.450377829074637,-0.28193374259582404,-1.0626774939544905,0.6377241237170644,0.6667651793361357,-0.2969672125479203,-0.9045439581488547,0
3.4198234186463803,-0.708415744572026,-1.7903135226935922,-1.031979195946847,-0.638849086361859,-0.5663793906624316,1.8528020641971272,0.5167650612412072,-0.6615147735703607,-0.06285986254845732,-0.3973712344405663,-0.23396474813172075,1
-1.6503976617605183,-3.982739757435954,1.7523727760282797,-0.3010577067447055,-0.08136162122745344,-1.3112274103593349,-0.09088279725737462,-1.2168763914151268,-0.2968683161277314,0.12732897784507033,0.5419804432267544,-1.2835193902023871,0
1.690025813753106,0.03273075858314192,1.881034489842788,-1.0189151441056774,-2.185870542323838,0.23130526202094118,-1.2844533307550208,-0.18270168202420947,0.5826416086526913,-1.4735745654499357,-1.1509481368376824,-0.6718545297082589,1
-1.231341250121234,-0.35740097066270266,-1.634032325578985,-1.3835236316018673,0.6785297077593354,0.03913659479387092,-1.530760965858224,-0.7683882129146148,0.17652454469233522,-0.5107361182728667,-1.0082720940407859,0.019157842502159086,0
3.0452446071726182,-2.047652233992537,1.0037331233052202,-0.7776145359761228,-2.0717959216962756,-1.0726585278271368,-0.03641816490868878,0.01902403812056725,-0.782030773552066,-0.9962352904248707,-1.1740700052254107,-0.01941810551702436,1
-2.568424587908093,-0.5664121387795589,-1.2836364294217615,0.5081325299986075,1.7919862328481995,1.4393112203563754,0.5287255825300199,0.33549071907030975,-1.6133777386596884,-0.5798008814686217,-0.19783851567919597,-0.6469640361903028,0
-1.2987098869642706,1.8196354141415818,1.4737817740114085,-0.34586934179119566,1.6477018181979814,-0.2899902278927308,-1.0495413753895377,1.7460664887831756,0.5853678259415781,0.4239833963575356,1.5815515972776795,-0.6017014026287137,1
3.2108229297630957,-0.9068098769279638,2.0940830239872654,0.0342953584109193,-1.6900332659126893,0.5358361591554334,0.2262748640618858,0.012530562562546215,0.9231618951730048,0.14821565269342332,-0.884090279008543,-1.1217816238994942,1
2.074036066033335,0.04965842198732741,-1.6065862915509364,-0.23128938524132642,-1.20646934571566,-1.2447496891910321,-1.2814636344609251,0.2686573185579132,0.21960276829053155,-1.3214623011654,-0.8156654042537901,-0.6447850043205638,1
1.603959005991361,-3.5573243816811817,0.37537368694105877,-0.45731900926372104,-1.6326993613283876,-0.7868305712421777,-2.560126517739655,-0.3791228971921718,-0.1531771209038722,0.630467137135269,1.0615803846594645,-0.06671838914646293,0
-0.9141697837233104,0.7244180081340582,4.260511084516113,2.752997343710362,0.2243611715868166,0.8051588678661975,0.1009933481412746,0.3073756284587453,-0.08786828518004032,0.14275578673869424,-0.4669770052668784,-0.9934304604670038,1
1.5055854430725861,1.7631748558273808,-1.033493551268398,-0.4252385741715609,-0.9432328086199896,0.06532206572332636,-1.405986302523986,-0.15473096061345826,1.088342962342072,-1.0008919827927172,-0.6330282826874128,0.20698952350443744,1
-3.0812159107773667,1.2217830548910125,-0.34899005562800905,-0.11131495952595144,-2.0918511912631628,0.44181709736707653,-1.0677365693002527,1.4632919968255211,-0.3854188406289104,0.08817265090025674,1.9515784915445333,-1.3593200963645984,1
0.9319167255038625,1.060509685204285,0.6225530534529746,0.21295596748955584,1.596615391159889,-1.335373792368529,0.6143224088768977,0.48299533472221046,0.054456207960271036,-0.02380261630582639,-0.6118448922031758,-1.0313927808923373,1
-1.0097607138052018,1.3907246662859605,0.24988010453374745,-0.3457453839325984,1.1942800643991842,-1.979392344661164,1.3304807082521708,0.0024410443204668847,0.6089773415463896,1.2928959620488105,-0.8265328113233796,0.11077419628403867,1
-0.9861674030570959,0.7236385823982456,1.4427264154364967,-0.7192319634387243,-1.955790380374277,0.79618926979281,0.282105495490233,-0.5469845774312971,0.3149694509409709,0.2582017921018079,-1.5176559044788929,1.7663431799404332,1
2.8031836792691585,0.07943501374193222,-0.7882973903762103,3.244863982335754,-0.5203541425484675,0.05340144349678147,-1.1636380603472711,1.9242710244238044,0.33532769143669494,0.9565341463109632,1.0745587744717207,-1.355670521939826,1
-1.522466518131231,-5.278402139142087,1.5220858386211717,-0.500459959201301,0.38595539795951217,-0.2042468537985396,-0.05337308914930134,0.24547350289047165,1.2057166108868607,0.4729278969926663,-1.2759344415735998,-1.022649988417022,0
2.7414179342961456,0.023505555421122794,-0.30293040901523044,0.7772856139686024,0.8286990819988781,1.785849857606304,0.47685634764601526,-1.023862025528253,-0.3594162772053533,0.5578083720027731,1.0241002765480258,0.4970915879844331,1
2.289020925724422,0.6350558263769586,-1.4441516419563796,-1.2298624954255872,-0.9645014911323941,-0.3994940274233589,-0.5652546347929968,-1.2653215386738896,0.3369510882181846,-0.48413990979300064,-0.022354825601537367,1.0310416234660364,1
2.5509596444040357,-1.151635687331795,-0.010851426922132843,-0.13776381619165926,0.8009505469986835,-2.129135138872867,1.606764923382719,0.585654660488201,0.5565530049982346,0.690469165588621,-1.1352583447719025,-0.27393234061323063,1
-3.2028284747765494,-3.3137651872527996,-2.924887813795699,-0.24144633984885588,0.09620362029524863,0.49634365757855653,1.0270005309112569,0.7102733963582114,-0.18489088591854244,0.33216346951494874,-0.6504220566374844,0.09587384902306875,0
-2.5571184622947944,0.13472873160370125,-1.685526899982537,0.6526143990226153,0.7282142377923818,2.2528526371810993,-0.6601532356640991,-0.4203034025026373,-0.7006622357620851,-0.739526395367379,-0.9479817559472558,1.3806196657312426,0
1.6722020997337854,1.2291375974092582,-1.2053262320790143,0.6914514178174053,-0.8349693206138461,-0.3017478566326102,0.5327378302956298,0.3813466262250637,0.0131019039206024,-0.1848331951907602,-0.3885710924974194,-1.1385386109091964,1
3.247834150226656,0.018554993653173896,-2.0620787297255796,3.8589292166245706,-0.20095131034984856,-1.1782867866517677,0.6652981278759357,-1.078575815188959,-0.22680044527761561,1.4704446067492376,0.20667711491424945,-0.5227567487813563,1
0.8504336486743114,1.8841376795418392,-0.16531086488050725,0.5321612341099743,0.26313853050994085,0.5966712922506864,1.0268911664411169,0.012938311905083287,0.19266529236146712,0.1208644441360165,-0.29180778630358506,0.010979825493627296,1
2.314436505664004,-0.3314184562407996,2.133730636890961,-0.6227907901959999,-1.8390280528244278,-0.25529977252519975,-0.3645617398946079,-1.7096026741155863,-1.860075305368871,-1.1347147014597863,0.4182548053504002,0.3682107348569319,1
-0.5289083836611919,-0.386619961703228,3.4920030517670027,3.1412757629464396,-0.24521332833057397,-0.003842113436388984,0.6380955659008983,0.19869446955995523,0.8134813450294753,1.3101920480515377,-1.3502588489261211,-0.4810042029729033,1
0.9781584665378912,1.7883949365029168,-0.8382908314950005,-0.9745794271820275,-0.7278312507206128,0.6809343332974346,-0.7439789721377144,0.347102335422398,0.2836418789068472,0.9799658764322604,2.3068349914334405,-0.09555223019917415,1
2.4038268147422883,1.4377371975291915,-1.210803552684752,0.3966501451600472,-0.7118768151691665,-0.07413998180439912,1.4588223944813417,0.3261079282852406,-0.29530964738063253,0.3409874238754829,-0.6734948853681576,-0.2464165184966277,1
-5.154495480137159,-1.0882484285002052,-2.4963604058699893,0.07330939370150898,-0.09968664054957956,0.9334764295739206,-0.8220412881081038,0.2958158053769006,1.1575757630206764,-0.24068247134165296,0.04440883010716568,-1.0068520486750085,0
1.644892796252966,0.6855399328475279,-0.651322725599613,-0.16951852593799502,-0.25997129275909636,-1.2670920479025265,1.0931817397578583,-1.3434876850159776,-1.4051072753153322,-0.005711973445011505,0.8668844383769354,-0.7806446773321549,1
2.549265890650621,1.9740991403629193,-0.5289378627058585,-1.3797838048776276,-0.616043715114552,1.2566655049449524,0.9908593418843517,1.5192101367287452,0.5879270078313353,-1.0097781817790257,-0.9229556731435227,-0.8120739212889126,1
-1.8607086124515888,2.0182911698860972,1.3393851231132474,0.3409235423254211,1.226757040910204,-1.2150129629806834,-1.3103573743680073,0.2813712814756804,0.5131971926864713,-1.3065798101857875,-0.4537210552716623,0.27825958654299654,1
-4.592600470520858,2.499187823279416,-1.5390002727699597,0.7012489427588924,-0.654252063530397,1.0549787185152932,0.7280932521540326,0.1315987785557198,0.48192185432082824,0.5978609885072604,-0.33237538563181124,0.2791017011813634,1
1.4407427696540376,1.0928255754774232,0.5253809108522409,-1.5497072010929673,1.3596227062444333,-1.862429766955154,0.5606971159848784,-1.1811116578112344,0.10594374257626306,0.5775423073349362,0.5572761120079514,-0.5584901240067985,1
2.43150693570933,-2.0596344883863558,0.9524282502770495,0.3171230265447897,-2.796554218948034,-1.5747133470197663,0.29819207014038135,0.01770818232860199,0.12328688677239354,-0.029038821477186682,-1.8494113998883703,0.5140350775936112,1
-3.0792131366634163,-0.10067945943905275,1.3611694091619735,-0.42432138612126374,-2.489235274393632,-0.5822993592393972,1.4305564030584081,0.2509846535128581,-2.265026614256956,-1.001409793058889,0.19113285962093662,-1.4715188738525513,1
2.9175457026825242,-0.7227502111884622,-0.003151857460116344,-0.6525273451695838,1.1643102285709677,-2.0574269631329374,0.4026655349962352,0.4985284916944563,0.6371011865152364,-0.14464359011063535,-0.6309154819148293,-1.5272181715439763,1
-0.022305424963268986,1.407529112562583,0.21048990334870843,-1.08425798853956,0.7297696359260022,-2.6291025541289836,-0.9999391226295413,0.30439207708199906,0.10688741015367083,-1.0427672217271926,-0.9947464617835557,-0.5490425355574237,1
2.665566139609009,0.055625132288971084,-0.07539305480363927,3.7383598748028892,0.45793241458019,0.015492981030944594,-0.31761789307154953,0.278525378121383,1.127578513865251,0.5997783433292521,-0.9393225415475597,-1.4182922534672469,1
-0.06471903850316915,0.016712972500181545,3.3883107496141203,-0.37113689242321907,-0.784878231662828,-1.4116256855680005,-1.250623484525223,-1.4391632527495615,-0.7813813560307873,-1.0174856030314516,0.3386901992753686,-0.09508268100974608,1
1.0571576465428023,-1.7725944332264973,2.9090328849057636,-1.9384262461555892,1.0876521558025893,1.2929180760355616,-0.057245800069265905,-1.0270472303646159,-0.9101377836138445,-0.28044003502382026,-1.3315903345656386,1.398265672723266,0
-0.17740608987785925,1.4995686898246332,-1.3986942585834097,-0.16719570576229043,-1.3543892205092911,-0.9946722113965214,-1.2896101920187486,0.2831118843511775,-0.0835633519484266,-1.3546190751321479,-0.6504967190619121,-0.548258805090617,1
0.565106098218014,-2.8434030603528293,-2.8866227807068183,-0.9242384921243189,-0.26762173830895253,-0.47167630519237025,0.0011600369087806446,0.26135235404770424,0.4149248268873679,-0.2541324390624843,-0.5494678474251676,-1.6649614852611485,0
2.7969965080268184,-0.211475936034023,1.9839793975147895,-0.5529150827058918,-1.761070067981016,0.9083125687669665,0.6650184122204204,1.0670421169336866,-0.6249007712949458,-1.4633486371236493,-2.036774347167234,0.6764817083254218,1
0.47361058209141355,0.6768512702156865,1.484833271278829,-1.334417055464986,0.45707318901069666,-1.336188813521196,-1.1203893543230894,0.36870407423026297,0.14915833979798696,-1.4107124022073059,-0.7547506568572914,-0.16914471927572355,1
1.4753705844369802,0.9353167132119368,-1.0131611573541763,0.2215764258608675,-1.0045423370252462,-0.3830082524834836,0.3197013972920517,-0.2606860349834883,-1.1687225017103529,-0.7153325412061317,-0.6067543320208261,1.1717251752415314,1
1.9867877456439063,1.045925980201968,-0.9825440052526365,0.4065818346378628,-0.7349309307510333,0.06011453202973722,-0.4071018421669695,1.3347050159583895,-0.2011488770827675,1.0227215456855314,1.4264689705101963,-0.43467882905095,1
-5.322037682659676,1.295278946069333,1.0346743806987069,-0.6087134459545148,-2.051553867102378,0.6476779234663754,0.8875261334735269,-0.16023618864553363,-0.19257124327421743,0.26105329301141117,-0.20425698709483336,-0.3798795377671739,1
-3.9416535042229914,1.7986655022485947,1.477047022041952,0.6807155021914995,-1.5440441803920633,1.071001387361532,-0.3959452424293875,-0.11364014951019019,0.5383048888920261,-0.0596431706947133,-0.095859451078311,-1.1292334803896262,1
-1.8127006916119164,-1.646960462677954,-0.16904692281750655,0.6060672865155603,2.5402010526159384,-0.3709657170500658,0.12393279914964526,0.5309287766042027,-0.05271360031844052,-0.10924235625438218,-0.6822754519640714,-0.9361930369505828,0
-3.886651580579605,1.6039488230203944,4.358991637704019,0.2117221407971056,0.5792020904933173,0.9348024583457396,0.6531611172729782,1.9918112927789615,-1.121625742658082,0.8353206051323999,1.6272320498126993,1.1698297455099147,1
-1.328590749348592,-1.2142418446524974,-2.299506753856619,-0.5290146190410768,-0.03582679159022418,1.3400878320444443,0.5256934630741926,0.21303963257923048,1.1176816083825427,0.3923462360460428,-1.1371170196980984,-0.3081404370689591,0
-1.1824928169271987,-3.171214821317792,0.42714387719794616,-0.9873154236215492,-0.9146012381622983,0.9024036914672038,-2.194934212037589,1.3530829807969982,0.004884776786196719,0.41895937696083013,-0.05432321255957697,0.5479595252044988,0
-4.996535424873595,0.5842896795306731,1.5367701224113848,1.0693714597114734,-2.282766646101819,0.2959069758093339,1.1508116470769876,-0.17558703898275893,-0.5935045617545578,0.7350602308924675,-0.36839371367921425,-0.023781931026311834,1
-1.0681920750640226,-1.8410736305263002,1.247885154417747,-1.1725638923688695,-1.130067038176384,0.9095294315034137,-1.2611368483596785,-1.0183097940314008,-1.207543605842937,-1.391888332929697,-0.5888576883275555,-0.3869881311762975,0
-0.9917021904323691,-2.4263511646595988,-0.14365460062219576,-0.6647318112622123,2.516154576228401,0.022024307324930513,1.8790404852190528,-0.24536124999429668,-2.436324850229838,-0.3982675174947509,-0.026526778343843375,-0.021479446468095426,0
-2.17273155832313,1.9049832473256765,-1.0972064470316558,-0.16413748216295587,-1.0303617296325434,0.655080305642676,1.6873073783996235,0.12184764130116789,-0.5711883813237721,-0.006799107189799758,0.028919792578763467,0.37839448149685834,1
1.7980294310681986,0.08963741248212853,2.4367732843894583,0.20501574697707187,-1.8855220431256328,0.3690389551748899,-1.0793635467474996,-0.03412617537713967,-0.2322806447058141,-1.309969384770623,-0.9488851850470765,-0.14645191966170107,1
-4.930922591050365,1.736126308844327,0.27951241912600355,-0.6401996846731518,0.9832733899416647,-1.9837781749899674,0.4172266534410791,0.12708752007009352,0.017197124912489266,0.24562002424532578,-0.03279496892802932,-0.9329254147621155,1
0.8972268072368098,1.2672970002303259,0.5370558146442402,-0.6288031156555763,1.1008465146115134,-1.8698402683187338,0.8494025786937943,0.5312455638199205,0.22792778974564717,0.06380724960328578,-0.5701203221234735,-0.9871058900266194,1
-3.0753231541386072,1.2722853457301164,1.4639201189081943,0.08487049147173326,-1.7448980170175459,0.8547819890445892,0.6274238822485269,0.511726298810919,-0.07905783733110246,-0.26956062584917606,-0.37142285031261296,-0.7811694029477385,1
-0.8073964554446219,-4.45777030364666,2.2265038936627564,-0.5928974031599068,0.9727583524537898,0.554622080988476,-1.0394620185369001,0.13356065143034357,-0.251021507977203,-0.9629048786346716,-1.3775551794928633,0.4934615171272204,0
2.001048079587657,-1.9934576450546704,1.1215263272587421,-0.5492375829799987,2.3894712697131806,1.1004356879115236,0.7566331926996075,0.1587735117504194,0.5351676162284946,0.4944736899197342,-1.1851745608448792,0.14713472466132874,0
-0.4492985063994243,0.3675786344902132,2.0885029931324586,-0.05025558561474197,-1.717737685024451,0.734668885340012,-0.8952720423422502,-0.5722236330925341,0.03537505544382885,-0.37371900033664723,-0.9500092831330461,0.7792245643138969,1
-1.0673131850950035,1.3032471652195035,1.6365083081995735,0.2901825840150056,-0.39345643687490695,1.147441974079569,-0.3364991147940475,-1.2037194778841263,0.3089864669904196,0.367847990226239,0.7821483178018009,-0.21851901002041668,1
2.1264344101089923,1.4730229584570025,-0.11393267072490262,3.9768431903331627,0.06559497218086349,0.933965629831866,-0.463501421642546,-1.1393224127793753,0.5641391118025576,0.9523563742650555,0.5566538851244169,-0.4230903781184502,1
-3.4080676551508655,1.9946157044467911,-1.186349626003513,-0.06179961256509923,-0.6818317585037079,0.8767768709087246,0.8963840572801746,-0.11590815869370238,0.06634339136775402,0.7906194803130716,-0.2635148262586149,0.359939514289231,1
2.3255551082385146,-1.6786227616126583,-2.0684061348706315,-0.34546049879420687,0.3755354092645364,0.8877008593983418,0.22983041883007232,-0.3112697333756139,-0.019447415581675138,-0.081605667295721,-0.9073514423709931,-1.3749389113472443,0
-1.0342213422203332,-0.6389391658915381,0.0689906224071513,-0.47374858412649234,2.7044542603152872,0.0828858482110817,0.10592003691083696,-0.5359758220400608,-0.2716206439010319,0.12959555978055262,-0.4746668321909633,-0.9347607759070042,0
-4.0504370931605695,-2.591166991502394,-2.780889763825732,-0.46274947445647024,-0.13015743943312733,0.08274768370300223,-0.5778168904627667,0.744995458329928,0.18980643846011003,-0.6885162150181229,0.01930722721617094,-1.5853726535830985,0
3.873114578891564,0.9290334122837771,-0.9018360837133647,-0.28989532463122203,-0.5922767861084335,0.27684762302452937,0.21753080679112574,0.8212413477007915,0.3375490343063605,1.9930090111006888,1.3465377442247541,0.8011387213578152,1
-3.5881927262047992,2.45717438734595,-0.32850559046539585,-0.9315780237005538,0.2706060308981902,1.2743254512358244,0.6139537975939274,0.1264650673680548,0.6518882852766339,0.2575012017821917,-0.1108110642386809,0.3271522643088194,1
3.206355322386317,-1.0215583434028845,1.1615851177328433,0.17471247546057914,-0.4017379799423534,1.873568576540952,-0.1416583817682496,-1.1609369504254063,-0.11525553428101083,-0.2295941305452128,1.0355087435167922,-0.1776226616960197,1
1.8205990253269764,2.294036100544689,-0.6282930505718021,-0.16329389082393936,1.196705208504649,0.17279484839987627,0.9065637413048795,1.0581341225657146,-2.956478591659195,-1.6611274801972797,-0.7201813419743335,1.1171924961603725,1
-0.13075387122167498,-1.4022609892357782,-2.1823247312888108,-0.1125836838698796,0.5876086529658331,1.3306139239786008,-1.295815700079186,0.9865592288117341,-0.4780534739950279,1.125810518538616,0.13610503483869663,2.0198224641066345,0
1.9586551198037065,0.24301197406369185,2.824801694816129,-0.31849569180401704,0.6746427100716647,0.17538953106090577,1.2441964487397466,-1.0780848708574786,0.5491642543089691,1.2727552209388826,0.09574951488959728,1.2247321873349197,1
-1.0862861291749852,0.6758067096740009,3.7353672388437467,-1.0767920836606821,-0.3834673627697735,-0.01338061762449614,-0.10517792196136502,-0.3037776471768719,0.07127187394270179,-0.3977061317158522,0.16371232518026718,-1.2884279346590475,1
2.4942784581522837,1.2485697584033624,1.1687096092209326,-0.22934609524357136,1.154747829307795,-0.9125254261963661,-0.24759702560719954,0.26253053094576906,0.5373631606725685,-0.26906217754768,-1.5593169574373826,1.1008219178704823,1
2.008412083922,-2.2371867445622087,1.0323610117804782,-1.3756511198261923,0.19305791024702165,1.9434518527837552,-2.3622071082159457,-2.7262447991167975,-0.15022784170171133,-0.4316172955767239,-0.6055111045963447,-0.3914241645860791,0
-4.5535021365956325,2.530701737336251,-1.338917987522854,-0.14743723671495648,-0.4504790420535465,1.1096672353853192,0.15274262603455738,0.24743998892010471,-0.0998642303914595,-0.4752474734804079,0.4416644988587877,-0.5374232394000409,1
-0.61964015532557,-0.4488244402281662,3.8407781438413346,0.0262383657891686,0.1674309568915258,0.5409178627987062,0.9774736416177543,-0.054013897866023904,-0.9590653199505585,-0.26135088421771624,0.09922499046219606,-0.1658042013620084,1
-0.6714410050299404,0.9360407557260787,2.3398093299109477,3.1931230864775815,-1.085594847459193,1.904645098854982,0.33313604687127896,-0.27136040040039233,0.7259465843574594,0.9295681080604392,-0.6609249478181274,-0.224973525236869,1
-1.4733230924899803,-2.9375347776673997,-2.913641896501325,0.9002976254066524,0.13344277889695913,-0.6603784767163782,-0.9730913693166626,-0.9585394080090351,-1.246209005381348,-0.6600230028927888,0.2607564540346281,0.7544041323933613,0
-4.571112913395701,-6.613801848929767,0.35521856839974336,0.12607269570513385,1.1169204428681407,-1.7324599773521612,0.37645758179257144,0.10502986642231664,-2.886160650999179,-2.0090304906233003,2.33487927026978,-1.1745995777526739,0
-0.0007136232936810476,0.4063325174876761,2.610039821465917,-0.7789502474141332,-1.8112403884953687,0.8693743336507477,0.016061273695122124,-0.27659819801764146,-0.020600148925434582,-0.455636994940733,0.32019031804102066,-1.0840935985779496,1
-2.245671025580399,2.0496731865270736,-0.7682732106096405,-0.21143663785536204,-0.525198502311184,1.249095725778633,-1.238211269920807,0.5508513391545845,-0.6363695108841325,0.569031637245527,1.7023333318484135,2.4910885952244968,1
0.7496826730855845,2.0272453154436985,-0.8722956446035189,-0.7921116721821096,-0.8837615374610164,0.7936357410835531,0.45029453088740407,-0.1614607743748366,1.2162998841434052,0.19644732140936857,-0.28216920761674363,-0.3599207674849307,1
-0.042962819058072164,-3.9609271177496486,-2.917408930593595,0.8761028701200302,-0.2443353252212018,-0.7304112915384132,3.6136511531874085,-1.130199290940987,2.903301125343148,-3.084179984605115,3.547472458927516,1.6835568184853036,0
2.167024619662014,1.5385498179525936,0.12098085123944766,-1.150328838208779,0.5730216310080013,1.2135201162211424,1.0021437084541471,-0.1785830814662186,0.2759715373309992,-0.09477229633363507,-0.17115581153491913,0.04983369817823962,1
-0.5325478211029697,-0.20684865056914623,-0.5760930838048525,-0.025191025032795227,2.229609486018444,2.5319483010467705,0.13266491552875415,-1.7101937915176058,-1.7710646942340518,-0.7525141463440369,0.8563740121113855,-0.6115554332558281,0
2.950036410079112,-1.1385706349619455,-1.5125226448100553,-2.2380841277840844,1.1524393774655821,3.029678377241129,-1.9139981906872707,0.9135035528046703,0.38346339660057943,0.08733830136842385,-0.24751177010279998,1.1771755094521097,0
3.2759899522431892,0.454111080837213,-0.8107118849573621,0.42802966255819935,-0.39053353686185,0.4477365647660474,0.012779671148152968,0.35287146363153055,0.8987662869570945,-0.11722886989015861,-0.5219706791728274,-1.036259853089482,1
2.5276101938664968,-0.13934375391593032,4.186650495929681,-0.08263396607678526,-0.7088544925340117,-0.8202166546646563,-0.09474198410108102,0.4722687107859751,-2.831436471040244,-2.9913154060290372,0.2504692640779686,-0.4293448617038012,1
3.628348217467146,-0.7831981167730961,-1.4402681504134196,0.9584305760433491,-0.3671688127732245,-0.4165230716301065,0.2513440082042231,-1.177718196960648,-0.5562733142577287,0.3092642360388748,-0.39601682982824465,2.0579944269469554,1
1.0470977872835512,-3.2067147487130647,2.111070509886557,-1.3613675672185892,0.38503344903636183,0.15170175912378447,-0.8311823742630785,-0.6624617764999103,0.6502662215131888,2.3612339975922536,0.8490168164785692,-0.2921956729423897,0
-3.0672503590163744,2.2824807867462575,-0.5077508038433889,-0.28508165902250615,0.2639540543650669,0.2901014023853092,1.2182766094724728,-1.0886828170362168,-0.9185155992595697,0.9314092691439261,0.6484530033792685,0.7742914304040533,1
-2.529231655384182,1.7571054794953835,4.428592137157792,-1.5863907113591265,0.7220178833484207,1.7446057387335265,-0.6079867648192401,1.6477896196047863,0.5022815140124087,0.9128221036236361,1.5013195336550051,0.5968235393095356,1
-0.03537790658161838,1.7792457515054607,0.9097021740968391,0.3138848715184467,2.182583587011081,-0.8675533713596293,0.18419763473973355,0.015251988631130892,0.42268479462404157,0.4185580169514683,-0.32149476369041574,-0.6119793746462959,1
1.6031999957844933,1.5477172584928878,-1.0918319657325475,-1.3679430451200187,-0.787480902508774,0.08641723252676778,-0.5980171121699336,-1.2819756546718255,0.7866757854950022,-0.4684595268398684,1.03027359034919,-1.4911214224359155,1
-0.1591083330525919,1.9702026947293951,-0.6247799999044246,0.08494759678377752,-0.04985503413295151,1.6435378254710624,-0.11468588271961334,-1.0980883499669847,0.7843505409643884,0.2885470935679734,0.6480670210328187,0.06305606436925124,1
2.8394183799577033,-1.4483844881906964,0.5052154663414758,-0.8799273586600118,3.845212226218824,2.022700726279503,0.5100670409259538,-0.040858999296845964,-1.9057825710291103,-0.8972558371521274,-2.0976896131945377,1.4552439744288763,0
2.166651247976562,0.13999334835525362,4.530542209151607,2.8807648429492514,0.2359099650443663,0.7163613185563611,0.17930185745373356,-0.23694226201256285,0.8259241126647386,0.9134561908349916,-0.5588616394807341,-0.39306597494233886,1
2.2619852391382236,-4.238595541237134,-0.5027158838293799,0.43550723915539874,-1.3829030854981705,1.1058863502438498,4.219572752176124,-0.635872908844822,2.411006925758519,-3.3156793471850925,1.8096140530201514,1.0694215215845604,0
-2.7638298217314663,0.7753167179865439,1.5893528103887677,0.7060730912221239,-1.9275190805676947,0.07342401869568611,0.01084585626394292,-0.19510907236334857,-0.3898361470808427,-0.11069204021633951,0.11738798800057396,-1.3164195063033273,1
2.525499260598263,1.4110903571731523,-0.5227414332453603,0.2782769507655473,-0.20693044607653624,0.5077800546170332,-0.556089921315833,-0.14490137426322688,0.03149053980142286,-0.8283046333362871,0.5146947141718301,-1.6409380595612997,1
1.2025866742776812,1.5827685998782985,1.2226708320876714,-0.5942155272992269,1.2780467453819442,-1.0276567741477987,1.3322961719349429,0.5401592057658948,0.06339601688286217,0.22494342007193,-0.6274119486330312,-0.1864028683248494,1
0.8275053365150428,-0.7223967088154686,-1.0292762975236387,-0.3825231413971456,1.3382338144187012,0.9283938988614293,-1.1031176375103586,-0.942073239476444,-0.7181966188615503,-0.7676252846071515,-1.0344685626551444,0.3096497074710944,0
1.4145317903218395,-2.885737349622688,-2.05089297919957,-0.7283508100321777,1.088789322674553,1.6787005728374895,1.2277138864390715,0.5223513632723709,-0.4695976410058787,0.11236660952016359,-0.5816815426193198,0.4551454799922322,0
-2.338635203703022,-0.020509827319156737,-1.4964613402814892,-0.6892222947015839,0.45102357941171234,2.1234973538487005,-0.21971795419253407,-0.15616880441235087,0.15139978819142216,-0.633676698684827,0.1696499890843402,-0.7094358403676045,0
-3.7754572038141756,-1.7887024956191633,-2.6221581818063977,-0.9110674597502657,-0.3333282707928877,0.7066862246604937,-0.147250632811875,0.6251946898023618,0.021465403028501508,-0.735586488068127,-1.2067520655132244,1.451714816480415,0
3.012146582344238,-0.9989892388354035,1.356429911225173,-0.7034066014463627,0.8578432678285208,-1.1965853600847611,-0.8154762199619477,0.32833804441384956,-0.3315880952439238,1.2106659565575306,1.0501142034134177,2.229288206656469,1
2.5693662247029487,1.8818515106733387,0.03801818021212866,-0.5243446738466677,-0.12248423946931383,1.8970930739032497,-0.12399274183118168,0.470007176609308,-0.10651475547594359,-1.374322623291135,-0.795284197782788,1.589185462316409,1
0.49449627863203044,-1.3429793540733,-1.5729556110158918,0.15942289643989876,1.6418014939660104,2.7778541769315757,0.862124444800842,-0.19348304924191254,-1.652086399844024,-0.37556608708637523,-0.5660979894652446,-0.3113670692607925,0
-3.426765069195239,2.0409023449006707,-1.3708322927132863,-0.5371897099184688,-0.988515413471899,0.4954470181387333,0.3548976797320422,0.18481345676538652,0.3057956988733296,-0.30591359808406376,0.266052751232344,-0.5985135390669966,1
3.636156820774868,0.7528142788871361,-0.46226175520195806,-0.1738559405415356,-0.4410281047086328,0.5293128047704599,-0.26585206621144514,0.46744614550476077,1.0240013685360712,-0.4687509525976074,-0.19462904686359597,-1.2222302275275763,1
1.339441196946371,1.7289783396530125,1.3999429155610192,-1.286791321312553,2.275416327518812,0.14048986789491005,1.3099308660968858,-0.07602136343655777,-0.489726686386534,0.26872229354026983,-0.1196613258006929,0.3846832546347727,1
0.3559505070468062,1.4380667185319835,-0.2186622689563994,0.1916542274021971,0.14069188775505212,0.20036567174378067,0.6598060246103882,0.29504860003291133,-0.8585831306230743,-0.2544557079454131,-1.3502182075930211,1.8869434541109587,1
1.4270291120319851,1.6275838521213422,1.2019059422294065,-0.7814420515925597,1.773678343650004,-0.2099246663306985,0.12612148509891036,0.10187335815391327,1.3865748375911644,-0.004602041957080083,-0.28913542907664247,-0.5421917678981742,1
-3.980610753936574,-2.912391744368978,0.8739278746702809,0.6522840020444843,1.2419563525570163,-0.35238068520424765,-0.2839278863071049,-0.8143579321462135,-0.04592973239220297,0.3502771068967262,0.6078494236319634,-0.3890268359176728,0
3.3181038187748673,-1.6184573738244394,0.6081743256524763,-0.5348961719423414,-2.5333427196735316,-0.3335427162305577,-1.162338203001416,-1.6134932271603941,0.49441871933513165,0.001874654476462145,-0.30414595728232835,0.5162842390921483,1
-5.460242629982616,0.47029399082363466,-1.4578040600512392,-0.7699219090009143,0.8448576864456646,1.264508189008282,-0.826598869892557,-1.3460896568387442,0.04702491403129655,0.1884714248408482,-0.4121473048142017,1.9609505780035146,0
3.7924107468021915,0.2969921103850252,-1.3821214857998743,3.4369340051997392,0.31359889972703525,0.2865169324323545,0.929674467762187,0.3666146636740849,-0.3058526105222183,0.6680983055707682,-0.7763303850710889,-0.6381335795101458,1
4.093076809437351,1.4094424213018082,-0.2919710999447631,3.455744486626787,0.5057921766832307,0.34056731510805743,0.0750512084910058,-0.8962687715323022,-1.7529034169352076,-0.5065012983579511,1.6258247470906615,-1.0933511157733053,1
0.5794015092427903,1.5039314865816353,0.8567567952282344,-1.2837438681449262,1.5770260217855736,-0.8629943955254333,1.011646524646273,0.3898593521532668,-0.05305635907532692,0.01606270067476977,-0.5378139730672836,-0.5476424074641548,1
1.091493839037233,0.7272106960924273,3.186770179300183,-0.09446189703758963,0.9915206820887833,0.001961037823390166,1.1837406421221486,0.04469835988041464,-1.5279062696047476,-0.8219715014316256,0.4887758642001756,-0.3814393424164343,1
0.12492498289672677,0.8582406321784694,2.7206081005261686,-0.1505832465338589,0.7190688587492411,0.08074338500363007,-0.3326452045048903,1.4342169957317743,0.4569308878667435,1.5110100251660317,1.0471002385084551,0.3424211083967289,1
-2.6849138609977827,1.8998983023151865,-0.29170180817968955,-0.34073745164280644,0.08367036099036024,1.007413820175935,0.24823530445795391,1.7232940104434153,-0.13840192360807543,1.15582735315454,1.3778083424584315,0.8327041087686351,1
1.2651099108842727,2.177993029474089,4.722079786574809,-2.3681180718970594,0.41505354544743767,5.424057196269895,-1.0226865324054226,1.6631075331183975,-0.0115026871668523,-0.1494980324733226,2.4203695714746454,1.1572693012105233,1
3.727556087013351,-0.6404970920175795,-1.4026401045712722,-0.8808018369786679,-0.5084505354567003,-0.384684395089765,0.8976547340346254,0.5509743630560444,-0.4294224317554558,-0.7096277275632871,-0.015524876592192951,-1.058916606242268,1
0.5475951969618948,1.8051915515067696,-0.9875160903526233,-0.7443730219954623,-0.8587354205931503,1.312333998785703,1.5698818318271717,1.3470144827934394,1.0857107397494359,0.17904873309401367,-1.7513804359533574,0.05550849448812799,1
-0.345072707149141,-2.5109146697006994,0.7496665418475902,-1.0712534095901831,-0.8563488533329596,1.3991633301093027,0.5838061901384363,-2.31828319974188,0.21337520725826814,1.5888139026566206,-0.601535127252441,-0.022231510185675075,0
-3.0803146562429684,-3.0995655300777956,-1.051285276904344,0.6873322562425201,1.6625259196482165,-1.1209402823229913,1.8836022177826746,-0.8747847897206769,5.262605655718019,-3.1629511529111265,3.2652845643256585,0.9310573998791334,0
-3.53112232707598,1.8513919153386131,-0.7528339356720904,0.2785584840438451,-0.5244211476796011,-0.5578303870121335,-1.2961505604072965,0.13533096265760808,0.21699749460317114,-1.2197164532669214,-0.3820828733836643,0.16856469234996058,1
2.558672225563447,0.4300577804024427,-1.5385922808026595,-1.0008776347271875,-0.8792382262237856,-0.23748901005883008,0.4634790053545686,0.026137720703340545,0.9534988462722632,0.333222432845143,-0.8403174428324157,-1.1066689484353203,1
2.6395266349900677,0.2369320163330349,-1.4765229891417684,0.48559541378441634,-1.1237319283201164,-0.8775783629755061,0.3182475972785773,0.35095488017295917,-0.2631652609055389,-0.3560678357716816,-1.3607307557393507,1.0762308639337046,1
1.9441962143096283,-0.3404942426319335,1.3842831791490193,-0.328383881701776,0.8571914781912,-1.0063280303841853,1.4723465559330746,-1.0924269860465288,0.023041830942801645,1.1461240655412936,0.11639420546036132,0.7101132434845945,1
1.4401306079564173,-1.2364541733200118,-2.3795445663607473,3.531817093637159,1.7786868421845783,1.6494783341303705,-0.11691019933886412,-1.913980433901878,-0.26196267988541017,1.7605089557449527,-0.37561061064590845,-0.36225351611974954,0
3.2298738882281173,0.879593369502509,-1.0441125383355494,3.710896820715229,0.2913220883505053,0.5941210350607168,0.49684859539640425,-0.14440853821724253,0.3337248340489094,1.1402229859615398,-0.5618909669677973,-0.2945661254670965,1
-4.578033843420896,-5.48486733862291,-0.6553422169442942,0.09209149883439971,0.8454279454024438,-1.9115779874564545,0.009626456061666046,1.4099899065905979,-0.3588839303400524,1.6317564956036632,2.1174325956068234,0.8410497641371182,0
-5.168286035575525,-2.8547664508925674,-2.90855144890403,-0.3573407207738926,-0.41684872163590286,0.43665551650509793,-0.5974131825382798,0.49871508139658294,0.8799743112218363,-0.2027066556146845,-0.9551477729905258,1.8760500270482388,0
1.435858734903646,1.0698612460239176,-1.3114726717532446,-0.8477767414252525,-0.8514966551359282,-0.11808768029085935,0.8446004899357994,0.23660595627582395,-0.0035144017875612076,-0.05560943597533321,-0.4152445622834175,-0.8886941983410224,1
0.3719042269128712,-0.12015299835087262,1.8850379380972133,-0.6923318657904961,-2.3735776773906294,0.24712517363428144,-0.16023081423971167,0.7684522663150187,-0.798465874043407,1.2640667022453596,0.0715915349175224,2.0861108381078526,1
-5.805340269260734,2.1009054978899977,0.346266907568943,-0.9885901200694135,1.0811654751642648,-1.128880549268694,1.0122704921106473,0.3729061387433838,0.3465497499680642,0.32179919020271175,-0.1743349047341549,-0.02381760648218972,1
-4.2320295501152465,2.0005263543168836,-0.73447811605192,1.2188887501857701,-0.4705816558395391,-0.8936102244563143,-0.5914361348605993,0.11647494237847197,-0.038143481425951725,-0.4039808931720311,0.377439990537994,-1.769290875904409,1
-1.9760919991806782,-2.5601564249142226,0.17010104771098505,-0.8349454419893945,1.4014125481342057,-0.16518135225929245,0.3552090596913717,0.8655082513319552,0.9903294783531108,0.26771712281117677,-1.4373489871185763,-0.7507251792982907,0
-2.5155924360602016,1.8172132010223159,0.7604384108162988,-0.856588566232076,0.823479000433725,-1.7329240368657277,-0.6338683518948148,0.14958058496954907,0.5146458875064229,-0.8154704004131762,-0.7266225007424967,0.6384082789176106,1
0.9023612287321968,-1.3790455945899365,-2.5730764189413327,0.20083839355064387,0.589227243172366,0.18156358573268902,0.4764116319161525,0.2614537279778873,-2.5018994099307243,-1.2174339702051216,-0.8478935914659455,0.9016659485249675,0
0.8676123443020007,1.2302842823708782,-0.9503833985836662,-0.8943388522342095,-0.7078441073181436,0.18342309166784918,0.4011327509757729,0.2608873193498929,-0.6382423986384774,-0.9597311618679537,0.14774605626767162,-1.4830070258619819,1
-0.28623896540162524,0.017182256699151167,1.4947263227403258,-0.26944785056692944,-2.244907398916566,-0.27535307870394654,-0.3158411229393361,-0.1275391156799601,-0.46026300424207733,-0.6047442609654596,-1.3387142802143583,0.2898559700537371,1
-1.5980112120518055,-1.1160770293952906,-0.3213572504921081,-1.1094540260332382,1.955909271887975,-0.9090479124655765,-0.9236858117035043,1.2227837262069705,-0.015107994361342749,1.0673135618441885,1.1485897375196485,-0.9003302021862837,0
3.8032261850701063,-0.8025495513057646,3.1539456054424684,3.485751275139071,-0.6168646050199715,1.781800053035863,-1.0427578766452992,0.033695288983789144,-0.3318835177028262,1.6767319900738047,1.9325757370888081,-0.11104325430595118,1
2.071544157748472,-3.4702101296398626,-2.401751400691554,0.6980920976694294,0.7272560269200323,1.1596230153365223,4.226469474189879,-0.25033077982997576,2.495844233526619,-3.461743161558556,2.01569361013604,1.61968380201921,0
-0.9128126355068975,1.6052616637266512,-1.2115183530455087,-0.23878846305523016,-0.751701115955093,0.7052175660736666,0.5576318804559547,-0.08489186051998963,0.3671160063894018,-0.1291330719548681,-0.07199312004022541,-0.5260765930435223,1
-0.7699561248121984,0.5712670634106396,1.99153383133722,-0.2858828066399703,-1.9830945866344025,0.6189774001923782,-1.2393255026469154,2.047273286741702,-0.823467127452779,-0.027659743552177637,0.022594442067723857,0.7628163796223653,1
-0.5259329550530463,-3.0240501214076483,0.9212824980487562,-0.27671135587520257,-0.5241932090169759,1.5718254707774495,-0.7415212740664593,-0.44154501808827684,-0.7495215127176675,-0.7168718205329264,-1.5968507037504236,0.4756050597484914,0
1.93300356853132,0.5708740825301253,0.5051606574940841,-0.5494620435335538,0.8308606752727247,-2.003439703043789,0.9341214121945315,-1.124210361232966,0.2774813078659824,0.9088875067537273,0.2737856933576589,-0.18021191254640234,1
-3.7201717523791826,0.7444666684570387,3.5392659616853495,0.33035068608363605,-0.4188746917948144,-0.14165045576958663,-0.6152824335167636,0.2437563189256218,0.13046398218158434,-0.2720563527086789,-1.460747734481636,1.006881687132571,1
1.6231124557276957,1.1948739803045751,-1.19779971996976,0.9685623467786547,-1.019097721579497,-0.703958572463121,-0.732816914803884,0.3370197666737775,-0.25863370991339724,-1.020036754409921,-0.942771097448515,0.12111384791393215,1
-0.21333524111636384,1.356188376590095,-0.20583623576984109,3.596699456398545,-1.0228393113999181,0.19955044211633338,-0.48126996375541786,0.35253957246783685,-1.010105626800876,-0.5975582824209795,0.1689955621884709,-2.445383111355756,1
-5.650663176074989,2.1224214064464673,0.6558776676559218,0.4057388506768168,0.9506397711935769,-1.452176029641997,-0.6548259993536028,0.4170934140686916,0.15459333273051434,-0.7183265893628964,-0.6481900237230819,0.9643397541239106,1
1.1092780963481252,-0.9254306877958557,3.8948101153809214,3.3866885177581234,0.2684594568176601,0.26649678650063263,0.12443977335261824,-0.2713623300608102,0.19684435546967047,0.58526485704856,-0.48213529537372024,-0.9021907259403201,1
-1.3254163980166922,1.6268269553986014,0.633002437675426,-1.570418248173394,0.8911221592321739,-1.4278139432821764,-1.0544916033621143,-1.1030861282394686,1.1624499078501276,-0.1112743399825609,-0.25627232462671146,1.0234847692651163,1
0.06908144981215873,-3.764378524008747,2.495116567905331,-0.28341220943047696,-0.7077954163216206,-1.7340539474357932,-0.6038778802726668,0.7524519936436515,-0.20605468827002874,-1.3548135492053057,-0.8749289631081061,0.12255425192089787,1
0.5859386103655466,1.5350334026310317,-0.012793472780203374,4.30990548818427,0.3952977337836692,0.0257256272152489,0.20719711291243903,0.41255353377554266,-0.07504738578242279,0.3709222142406269,-0.6131031145203355,-1.1666071478831765,1
-1.846585547819607,0.5905242305111755,1.4418704007995742,-0.45773827956121993,-2.233757061479381,-0.6295920149569381,-1.1752032246976671,-1.57854432456928,-0.6073095396351592,-0.4059091092544187,0.13581410544426756,0.2297179340478635,1
-3.3898305001322395,-3.4883846546132498,-3.306060437646385,0.12964720495889953,-0.0781007617151173,-0.5689629280827441,1.4090103647783396,-0.5301301670330256,-1.0882964280100893,0.8107220758680749,0.6765731146795385,0.7635629018103612,0
-4.095640834553177,0.6718654723591985,1.8265640343692964,1.0034490918898775,-2.0196263628355213,0.30233329764259237,0.9338775770076511,-1.2470578529404464,-1.3836797428735341,0.4888913692601732,0.7441333004529321,-0.04800888407527479,1
2.0331141000344717,1.2419652299248265,-0.19864233964226455,-1.0208191726417348,0.0015987187129102916,-0.049083144144471944,0.21533504594823052,0.21874949412581118,0.8796532237256525,0.02182496632895213,-0.5547493706221112,-1.044675103078621,1
1.1891258157688223,1.6093812224946025,-0.9475124485590442,-0.22192167568354348,-0.7020099769039818,0.6546423804761199,0.9289148886950451,0.019629412954719493,0.3879688998843758,-0.037087014463171517,-0.09399409987102379,-0.17186856326028413,1
2.941659536770141,-1.3420000004252408,-1.3332326511431924,4.445001256574089,-0.5514630187120954,-0.5268650603733226,2.1825850545816805,0.4779064821032083,4.9272763162113415,-3.279824319928291,2.3964426909317913,0.11271466178370429,1
3.145576508412106,0.3411066206446767,-1.5316051242069189,0.4809439794560675,-0.5462056015554276,-0.5547929755664045,0.09086144623282276,0.40361283580872137,0.1791140361366928,-0.47024887364621765,-0.284898516752262,-1.6815200577303515,1
-0.4008758269874191,0.07514756407873918,1.7999053620902274,0.831475260957414,-2.4134341169576543,-0.829621847306001,-1.1087427615747425,-0.3944507801655796,-0.9089717499328501,-1.34856825083556,-0.35834371675173027,-0.533834882884562,1
0.44184721992206477,2.1312057086077707,-1.4406860314445977,0.6484413251534936,0.06359101328279122,-1.3203546490830118,0.6657181148432024,0.4605271022836821,-0.4717750679913129,0.024928871681485894,-0.4381499058455242,-1.3375104428653708,1
-1.1439749429255304,0.9274668953447842,1.9875782800185953,0.06179087219120891,-1.7775054478081382,0.9237744406535243,-0.7733653390077349,-0.17487295706123857,1.1923987863789014,-0.415005992568768,-0.0031952938955295486,-1.578262220385128,1
2.9042955694812345,-0.8922239720381583,-1.783119506747826,-0.3805983228984637,-0.793693643033369,-0.6793664747550897,-0.615626046905515,0.30568213704227265,0.7171251275871529,-0.45230928046820673,-1.3820231462943664,0.5701966782769151,1
-2.2868426351827056,-3.873074551478651,2.2248822841339786,-1.37954733604046,1.0462930351481607,1.2059979035090798,-1.8057322582470825,0.9316365771486952,0.6216592111655497,1.0441254478390103,0.9620234594879672,-0.9414610797546012,0
-1.3336117592895527,-3.5225111998890464,2.5434344562788342,2.994641083490982,1.2188022381492685,0.9919683001207011,-0.39086343532948353,0.039116711641517705,-0.529481983802462,2.631207849025146,1.1820675887843086,0.6518971774811988,0
0.06298544208178877,1.7328737687964384,0.7451475731465265,-0.9207819892414576,0.9199796902160888,-1.6063503624694961,-0.19898172848026938,-1.0340004215061833,0.29294215027561693,-0.13419683627838794,-0.24623100230745543,1.467216041212062,1
0.34883538488021393,-2.7115100372085807,2.7584865955300435,2.678516914618808,1.3383587862664723,1.2732916526959668,-0.33732650367903827,-0.4690336510229618,-0.627412011974688,2.720124451592324,0.925007579975877,0.3981369656778523,0
0.3121062130086856,1.3000543070309045,0.9022460413621542,-0.49816566561518544,0.8868115097385969,-1.803419655860014,-1.4718219260072876,1.4168395270434506,-0.2313638259646184,0.3772244508948884,0.7168530380714963,0.9293508223197827,1
-0.8569364886711749,-1.2306229170348808,-2.5510966020010475,-0.8945970137776507,-0.10574012275013607,0.17313785418677965,-0.9085099764222947,0.14344376436592862,0.28006260657552384,1.968601838543591,1.7488421604250335,0.004113800538385851,0
3.484658555175948,-0.7695628648549334,-1.3738364637074905,0.5162194699335475,-0.6980941158221765,-1.164042052597951,-0.8744539708397894,-1.0599744951834922,-0.7487700227111425,-0.9574125113049021,0.4363418206218284,0.44322700203889,1
3.0977030584186336,-0.482683746371759,-2.157532265189161,0.5743844664055103,-0.6608482373042489,-1.1120383980632182,-0.8928392119180748,0.32274614209103203,0.5455904511755041,-0.5025564612416081,-1.3869223976958829,0.10392112338860834,1
-0.3875583248098608,-0.901878966798995,-1.140376706891625,0.1332661734722547,-0.5929562016080414,0.241765367946862,-1.744306840220202,2.377681313360441,-0.32083032637843917,-0.3030232634477018,0.9082334038226525,1.2003619462703083,1
-1.715710227776186,-0.3138438296014787,-2.3687295041671352,-0.6823403053092096,-0.17460816732318354,0.8231386398476579,0.9913339523744238,-0.09261354879953251,0.22418941656056382,0.8998050363161725,-1.196147262263647,-0.15581684197562212,0
-0.7020933604805966,-0.26942392034372853,0.2342890954699151,-0.5930358495062624,3.267646634190927,1.1067093740388152,-1.077241228556988,-0.5855987261042379,-0.35174214156775874,-0.9566312927090628,-1.110012302375362,0.7351648354670187,0
2.8082573949576215,1.362186107147076,-3.8286025343999195,1.7771828276518824,0.9830281997060311,-3.431242217657879,0.5706123509866862,-0.8329507834409811,-1.9467510956350127,0.8251070626289752,-0.41921997606321004,1.179311159191792,1
-6.347990266966341,2.5319716792799425,0.9670901172641957,3.4087736049987636,1.6236536589068329,-0.7240005009075883,-0.7240057049918838,-0.6326362746093804,1.129700967670106,1.0392424106903966,0.45882241680520597,-0.5957321304840836,1
1.0633245968135747,1.1907775456012628,-1.0651234483608465,-1.2781151838428342,-0.8114174870383681,0.1739296291500825,-0.18448328832436023,0.4111804305162739,-1.155677564358054,-2.1776635072244463,-0.30968536010304415,0.19663813540109112,1
-0.5627124068792447,1.0920737285555981,0.6559627196147075,-1.1319279485911227,0.7262119953139333,-2.2907194088015266,-1.5075996311305253,2.491955964964707,0.06037413465712822,-0.09918264493019131,0.05596492123031032,0.227534985277645,1
-4.612644197998496,-1.1850912080185998,0.7538720537270209,-0.15105963569783434,-1.087731813328359,1.4848645055107939,-0.507268612548239,-0.4571574638534626,0.14217235841270323,-0.3826829980489712,-0.1860216082028439,-1.4963805477985743,0
1.0375489465669059,0.9366613642892809,0.6132494466355425,-0.0014139210946659242,0.9609675571070395,-1.7545053785339055,1.5900527523764167,0.4874849175325833,0.18311304529439115,0.6043733537731253,-0.9908785382511129,-0.2064850168950025,1
-1.1468401896993266,-0.54232922291076,-1.2712705011992669,-0.11119108573568624,0.5391967969189779,0.1926888732501963,-0.6966525413335711,-1.2606835805707661,0.6319250713401428,-0.11486165352381253,0.5930966025321444,-1.2646970497804275,0
1.9346311505493867,1.5838315213313217,-0.9205658413280285,0.2557107975138077,-0.311324598532142,0.6552052150226911,-1.1145850764924943,-1.3068007683967215,1.3241668112528389,-0.15620184505887777,0.698663966205905,-1.44427879267803,1
2.4046482967783733,1.1458332505135984,-1.7252780345132988,0.6580500086716825,-0.43483994524369385,-1.0028696998651179,-0.9540461981343435,-1.2512121888066132,-0.7005102283100141,-0.42128985141855235,0.1729502447318627,0.5210934877612677,1
2.8740838838149747,-2.4957529144864017,1.3688374478937018,-0.029706304631121797,-2.48167775207724,-0.7881815407067836,-1.903333489403551,1.4677726975338574,0.9558928699479393,0.6048186734585784,-0.2587124025911497,0.23842403196273554,1
0.6636445140322561,0.953802696134404,-1.3329009402275365,0.4427137378885275,-1.072720141554254,-0.12377173358834229,1.0166334648318809,0.3259959206889585,0.6840719391251922,0.7197741669834812,-0.9454835084179457,-0.26558554365961107,1
-6.116716077931326,1.6434486446741072,1.34636148943797,0.48630386576397494,-2.0883522699583548,0.8518632531888212,0.9010725323781749,-0.029753737990082307,-0.2837692493759092,0.31200797195291385,-0.20719456667107353,-0.16242977463224556,1
-0.5906587053835068,-3.9509075402336933,2.6328329485397517,3.3500585865246078,-0.3062643535750768,-1.7566138363322776,-0.9226595842868935,-0.7501857979549179,-0.3761019525998503,-0.011644774677754089,-0.056704139063588795,0.7051807683799155,1
-5.782318277959472,2.577097807345877,-0.6400602636742598,0.46374225337609504,-0.3985475974321175,-0.12380078749907068,-1.5142129307807808,0.21297185772806668,-0.05143381629079619,-1.371626179320197,-0.17231341750874474,0.19759595607532324,1
-0.41675074764806164,-3.8214508808304877,-2.7747888048917617,0.7088037628016823,0.8527160753406171,0.7040790188808639,0.3502465222785737,0.5108190416405367,-0.851515310506237,-0.5345304539886034,-0.36316234717077656,-1.0001395782061278,0
-2.4091080355874928,1.877691283227969,-0.38428779525297035,-0.1648342387156452,-0.10431302307744753,-0.11878719001362334,0.2983577161987584,0.6799123466589396,-0.18545783892740336,-0.459360217103436,0.03064437175437839,-0.9340933237846023,1
-1.7079086949611328,2.431121562804064,-0.2836122161535951,-0.12467171707179014,0.38060506853411297,2.473981519186883,0.11145515221255307,0.2482533610505002,-0.20363688666716073,-0.8178657620512622,0.6160412042952882,-0.10674020313438198,1
4.576096528614021,1.7482543459730824,0.865110949842847,3.554054363567315,0.4069743595400164,1.632182160696783,-0.3463137242218122,0.5751949290689755,-1.318780900442838,-1.2489783831428234,-0.4177052822524079,1.1223968213972755,1
3.7247511427439917,0.020785286203550073,-1.996516653269292,-0.45655532940598365,-0.685819797879341,-0.7315478529119228,0.028928444081814417,1.773089769394475,-0.12892083895450263,1.1203829749475036,0.8138250756442379,-0.7443082201149018,1
1.8499631443504414,1.7374415954882343,2.1202422913236845,3.206614702253639,2.7351712936206733,0.47694485950610943,-0.34315369462692863,-0.08286406258714257,-0.8055137204524077,-0.08191833402280226,-0.8493975195424722,1.5848773213572318,1
-5.7686362346291356,1.4753887751300987,1.7571627857664722,-0.2035917291253526,-2.0741075246563248,0.8145363509480985,-0.07670195345679344,-1.2150231575465325,-1.3760560208181218,-0.5040462633753936,0.23373640123856787,1.665841839035359,1
-3.670787067840908,2.54986079875251,0.9794411950830136,0.6291699099199651,1.727867852498979,-0.8806519732035151,0.6348950565823163,0.5221054582808585,-1.8996182230056946,-1.2065024991805573,-0.24364859578849798,1.7245996548421167,1
-3.4393405344018593,-2.478184219555913,-2.9230256323158565,0.8668654721898905,0.45800283711037487,0.5528878340750962,0.808717399234771,0.26616829488214655,-0.6054752508582895,0.4837068951137923,-0.2148977602651566,0.18949634255031034,0
-4.571510612355389,1.0739963540132296,1.623757659444535,-0.8215253805490822,-2.36565375352155,0.8079212175633324,-0.36916357752747897,1.4326751060881904,0.04031584074420902,0.9433394387771358,1.4494093651355424,-0.2161762837438095,1
2.7946023861998976,1.5350312490223466,1.7431600159881733,0.10991163699997272,2.440890489357128,-0.28996656935504517,-0.05254305968324684,-0.8854141755078249,-0.20594652118923726,-0.11766707762386451,1.024869804513651,-0.36878075842156754,1
3.4895324470111024,1.3839300089697164,-4.131609169674026,0.6433495172126886,0.563529237085381,-2.0989635106384235,0.9272353014084461,0.8015342403963028,-1.9601181805231633,-0.05518223028689372,-1.1519567260514882,1.1018225512971644,1
3.737068586774654,-1.4783745822776972,-0.8797330245514384,5.316201535093591,0.006329607733192645,0.43841487122880257,3.3747676669717395,0.4012831214488701,3.7511800279615413,-3.0800659139503472,2.2046767246005783,1.2533050499313867,1
2.207909023842853,1.3853120583139613,-1.0577080383468196,-0.6511540289153293,-1.124648305252326,-0.6014523389631501,-0.7129584567167795,-1.495679970927013,0.38330843731062053,0.17009321628689192,-0.2223256023299837,1.1374342100761619,1
0.9673528576991537,-0.41761953207895747,-1.2634655221825086,-0.5381419093948128,0.7356835394650619,2.9687045218376142,0.7594231528175363,1.077122438345616,0.8729195541915259,-0.2519313980967849,-1.7743233672153529,-0.21245634070146227,0
2.633287338300187,1.7303593222914586,1.569920461170237,-1.711807458974698,2.375606750372681,0.060189472421007195,-0.837950927376983,0.08891402580141432,-0.6086833592882746,-2.0217990186910533,0.021162441970705707,0.5218411561528202,1
-5.015537439920402,2.522426641794888,-0.5559734964851821,0.43610409575147285,0.21478904100759202,0.668240147248304,-0.14284130960582653,-0.705732853268489,0.5937163168032397,0.46219878519544666,0.7702998194971696,0.09894090288393079,1
-2.420310644426329,-1.529164900544108,-2.0459391522569095,-0.10338480856248981,0.6263956267876297,1.6692406611866497,-0.6352357096539324,0.1079074556574161,0.35490833895035495,-0.7780430169671793,0.24237251849949018,-1.0625795080665286,0
-1.3605515902693504,2.2973337864573877,-0.7353814597393845,-0.3474007568436805,-0.9348123969130052,0.5568017429585711,-1.4521189397696261,0.5920017478042097,0.2581894743094359,-1.9119252399140116,-0.3768483356142828,-0.04422645746313052,1
2.1393292327743647,0.673022366678177,2.8410475726594675,-1.2060122512798181,-1.0091390978308898,2.200475836499566,-0.6862460047612092,0.89567088702943,-0.6162212891080922,0.9221267430200384,0.4186093957037036,2.6266842543299296,1
-1.179322145823737,2.1158446591173394,-0.8620915583963653,-1.4929754770036632,-0.8991527810584112,1.2883466697524497,-0.3394683708045137,1.4228436929227826,0.8906734474563963,1.2051166737265901,1.299338169213486,0.36677327141451166,1
0.9557983940064341,2.1585498060000696,1.6526527224296883,-1.6801407517416727,2.418575475550454,0.6986217341527926,-0.11783810931240457,0.13280636030710527,0.39123993920928546,-0.9406973247710555,0.43230636007081363,-0.7902140785771266,1
-0.6146601944678289,2.0094844288876827,-1.0123983491457558,-0.6821016648557711,-0.7604842446496406,1.1308375288194497,1.2827888213611323,-0.018753552004773466,0.8380061397506535,0.6809362112373151,-0.46273147122667935,0.6840985590401555,1
-5.198289777046516,2.4083052954275623,0.7517242424174148,-0.3051013953880022,1.4663113446384932,-0.7884145965223723,-0.47399286015550424,-0.6946382251910213,0.4110584469797343,0.24662105509702534,-0.21528979181137803,2.177089699876121,1
-0.23332375191042448,0.2931262504368307,0.35547464796918454,-1.7569884928281216,2.7508903947956096,-0.5662302478634329,-2.069572935461245,-1.7329996838706647,0.1955630271680383,-0.43942946993271653,-0.13956803065729395,0.10028726673548566,0
2.4834455988072635,-0.01727254727388403,2.592067261233022,-0.907712513416679,-2.082975757135424,0.6397506693801388,-0.09528720332023863,1.0571955309860632,-0.0731207993609968,1.0948372426195916,1.2956655223072222,-0.20325822126037832,1
3.666366251527175,-0.6430029806601301,-1.209540687534333,-0.07229221855652321,-0.9152482137562804,-0.24590298850285633,-0.4368965440089227,2.0614717265091893,1.0433896545868175,1.1936436637848455,0.7921919111275937,-0.3499940041791404,1
-3.7441652660368834,0.7949242544447599,1.2645318109062509,0.35805532779164767,-2.123241321418236,0.23155504642659075,0.3721796879583497,0.4496046955474725,-0.4602898153216756,-0.7735269766805166,-0.1597725761300056,-1.5727385336043667,1
2.950400232951053,1.460361303361867,-0.5102553262812444,-0.09954786690647048,0.649876163688699,0.31859757160856167,0.7966235228962092,0.7402491507903715,0.3583235051568105,0.13572939913885043,-1.1543191375082422,-0.6930857355329353,1
1.7999230282810295,1.052602784082478,-0.7518264315579433,3.625304612638128,-0.31532542321923995,0.16041470832067747,0.35296531943039866,0.3743756812972899,-0.6591477241747796,-0.18367574261681247,-0.21671900672254849,-1.4656160357079997,1
-2.5610455085793147,-1.2775409195109315,-2.3901759046423634,0.5772227858069896,0.15262383699282128,1.420539218061262,1.3393322852150769,0.505828526662574,0.014585744571678515,0.3990250855336795,-1.0128631127728656,0.39271103508512795,0
1.6462209185975052,-2.626026717933485,2.0125744433765784,-0.5693482325211819,-1.2336461857234375,-1.893250210971308,0.13704027822547438,2.0250533110680804,0.4796311364784643,1.3986103286615865,0.513291184730508,-0.6321749307948022,1
1.2674898217478898,0.6905033843991473,-1.036381582697232,0.25259116062842346,-0.9307629723002683,0.0054930247175721545,-0.9191093984354034,0.08523460603501037,0.6459229671785505,1.8802800262241994,1.7476140660531279,-0.13935935480583914,1
2.954087555718015,1.707869129252892,-0.19539536869098068,-0.4842224844121768,-0.27770399786934985,1.1070052910869523,1.0966217445958921,0.46153585093491567,-0.272346525946667,-0.2811683633768321,-0.15328229359417406,-0.06431636821369428,1
1.5932117561468004,-2.9017913684985466,3.0170850678469288,-1.0791965084028807,-0.5546890951170762,-0.726034110025265,1.380049777745284,2.3773840379595184,-0.5547268236639956,1.266587621047752,0.8308313487497615,0.9647932752976032,1
-0.2823140225256444,0.6292777322167215,2.3956835824647986,-0.3762065488387093,-1.2588905661967384,2.1710836014926915,0.5238405182672352,-0.3490028009350842,0.7679017608923091,0.2639731773916799,-0.46250819270892396,0.024910785010022984,1
3.002303996700967,0.026100552973301012,-1.1295723854650674,-1.2725244826084907,-0.6517123099637465,0.1745939603067362,0.35693307427524057,0.12961797647481846,-0.25033487705622337,1.895033992060666,1.838881108863571,0.7898660279583787,1
3.879055762735471,2.4029337903694508,1.511342734810152,-0.40847835792455695,3.5812014804329118,0.47405790554471683,0.5601089687326093,0.8099438581475258,-2.2895319167233743,-1.9490238406638016,-0.3768441828955823,1.4293777928778348,1
-2.2417017649457205,2.190784231588869,-0.1892685662697459,3.9367447627568213,0.8202766317892366,0.7310760609154644,0.3658528613854423,0.11691586078684134,-0.022401702372845743,1.1051947158774675,-0.31047819950629196,0.0002830008676347961,1
2.2846811485287053,0.6142918400809235,-0.1257035810519177,3.626498472550381,-0.8641441328549943,-1.125357411750505,-0.09958178115688518,1.6938461209972113,-1.188157116613735,1.9805283143230303,0.5131536550782618,-1.360626393554791,1
-0.006282789350209246,0.617694079123444,2.0941941300580913,0.033779526606471155,-1.4526643690863223,1.2832503913066555,1.117036761823332,0.09939410039776858,0.0763505014757484,0.6610806306009585,-0.9260505611675637,0.04843141780026639,1
-0.1351119271621915,1.5311350706023823,-1.247909491800031,-1.3053629999499896,-1.0588482867817515,0.07585486151468808,-1.1345886841509725,-0.2828202657480442,0.3701867445784729,-1.310396226018302,-0.4314434071634655,0.09810095813083967,1
-5.171937096434032,2.8967846182260626,-0.08048828620778946,0.23100229752729431,0.3527194359074612,1.4184441292684333,0.8706805009087417,0.41433212685678866,-0.32679922090794655,-0.08343310409184944,0.2558344464823835,0.5140805946255247,1
0.5351180256989967,1.49614541373169,0.9560302407460023,-0.36893608764765484,1.0625377473320388,-1.691607874639327,-0.4029989752608638,0.4937773883617932,-0.0423961369980581,1.6008972776032493,2.0300433012273698,-0.03079708709389548,1
1.1990717903210573,-1.6217164289184551,3.2085998209008775,-1.4270815049128047,-0.652011888876562,-1.0365613970864824,-0.023701363519291613,-0.03426244342704893,0.710011777281301,-0.34839987320284993,0.07902601545239656,-1.3859193247631862,1
-2.8516464546378235,2.052548810078801,-0.1461899047148426,-0.07534293465286013,1.4474670159482823,-2.0411856159452806,1.9777957094210536,0.20198023658759354,-0.6889372565014481,1.1761830783932765,-0.542067111692849,0.46716779211256215,1
-2.5351216262352048,-3.2883339014259954,2.5181572575748614,-1.6418568517031908,1.1034998545558552,1.2815254962338714,-1.4510803128800092,0.1640886189247947,0.30690077423395556,1.5344331962490756,1.8640207056151885,0.1396485153117421,0
-4.526226974451005,-1.060432965274212,-0.47304442403201635,-0.5801032189598633,2.2181934844559517,-0.40247757503436704,0.748799403980853,0.1227801923663257,0.37579255902574127,0.4116755217047565,-0.5971578474758437,-0.08380711097295815,0
2.9790835308376082,1.5236116970457634,-0.7926717069277206,-0.32568818107391134,-0.8922850776477208,-0.30105176646171755,-1.8378390934919666,0.16354050850121718,0.1347240165945821,0.9665595034696406,1.4272761710036412,1.4453041000760056,1
-1.3960206328612073,1.868567707527499,-0.048836488205827845,4.256372998114048,0.5106410637005937,2.1723140281586963,-1.2415340732954623,1.627475228466358,-0.09493700651736088,1.547257757836851,1.5130946012774167,0.12831823076048687,1
-3.7458485557478594,-0.06908311207824258,-1.6677524816396032,-0.411892112790895,0.5171845762629101,0.2726540021955367,0.3482354904032311,0.14110455647045944,-1.0931756262962145,-0.114052684164606,-1.4820174219678361,1.6177452902624136,0
-1.719145427928177,2.14265117980284,2.1782132349577585,1.9043135980565025,1.9613425031694094,0.1222606794576304,-0.3662819340631776,2.650886247921184,-0.9115980339247014,-0.07503269858264594,1.9059253111180563,-0.5011785301090503,1
-0.8766637472221479,-5.155220308137342,1.7923388186029472,0.21560344782647317,-0.12726933170659516,-1.5794293771592909,-0.287342427051243,0.5533115223519575,-1.8491012387698853,-1.92620344709093,-0.6839621632443239,-0.24532794802064362,0
-2.2399475486068,-1.0279298690098988,-0.18690499623659285,-0.21960351756281435,1.8474326033849064,-1.0943541650877142,-1.6849474668509115,1.432538786415799,-0.5356756616138996,0.4841479286393707,0.5596139718777713,1.1203637780829956,0
1.2725195325052703,1.824043203317521,-0.13227978068157617,-1.056322766944164,-0.16245316116715905,1.5830980539376431,-1.1309028852369436,0.05429713216221386,0.05889684244184859,-1.7772725413654835,0.01749038637407669,0.8695918706328709,1
2.959013884827068,1.5690129966290325,-0.6514268614482558,0.30777767622588453,-0.046236265937277574,1.2322301593236145,1.3575074395552562,0.2933459780421048,0.14889923535029673,0.5964551139146755,-0.8381958790904929,0.4504981060189623,1
2.3963237971288915,0.03560174165700519,1.829638634821167,-0.19336995576601507,-1.6392197116227838,0.20711125818762824,1.1685887620591973,-1.6631886680516808,-0.45443982681223744,1.0205497481406136,0.1500025324580735,0.02498362921608251,1
-4.799761411406789,2.424685772901071,-0.25652065653193923,-0.1874223295830038,-0.32022117312595266,0.009431207400082698,-1.1348902685623736,0.38955811702101023,-0.7086762258110086,-1.9048379700315472,0.2799001484491983,0.37672267740703014,1
3.2624317600648722,-1.6688065372392593,1.9942863177312389,-0.3266207669147443,-1.89289873941522,0.46329164547177976,-0.21941842615003837,1.4871188121998251,-0.5255653441848435,0.8569401609452553,-0.2524140697200327,1.9581530106798253,1
-2.558945005529257,-2.1883340090561747,0.8922133986200207,-0.7651304964517502,-0.8799639886644086,1.2723805547545513,-1.0311621060634562,-1.3800567284037324,0.4148564340359678,-0.3757100224828155,0.7732190242330929,-1.4601212079402386,0
-3.48694697713129,-0.13294611028487188,-0.9781050512541649,-0.5652916054261075,1.632903968179714,2.134855895311789,1.2432222461231015,0.2581095382237914,-1.0876385676209566,0.2621943013078737,-0.6129611336944522,0.6001696955160171,0
-4.012491999770562,-3.010773325454602,-0.9466919076284971,-0.6934235543509863,1.481890961645745,-1.5833860167941682,-1.3951990953785167,-0.8840454088498112,0.7128429900264484,0.1874251028522375,-0.3202428125432505,1.1313774550385582,0
-2.864988782542332,0.628625517568681,2.6674219251267455,-0.6568999476915054,-1.626258291951919,0.8268715595920407,0.7657657267792181,1.0491384773106458,-3.7959344342386334,-3.1631366949560644,1.2526899071015591,-2.3705573563844626,1
-2.7284490158745833,1.618667857369569,-1.3666173553795744,-0.5449685684961273,-0.8993500245700972,0.07487069973712593,1.2738059050554387,0.02259236833898793,-1.1718396235504294,-0.08396367136251583,0.35177675561104405,-0.1733989087686228,1
-1.977907452736406,-3.612272821840112,2.483566325293791,-0.567939120577578,1.3211499548699543,1.1881769506827486,-0.19883644553078905,-1.4937543287169512,-0.30937218043631026,0.3880633624720607,0.32913463844566443,-0.3186259879397131,0
-6.105326835089548,2.5741125227777384,-0.6546540965516777,1.130617142351997,-0.2675073465431875,0.007844935250968282,-0.16832270604439872,-0.6841266517904638,0.07170294938740579,0.11301842924098668,0.9582826013847434,-0.43694528446143777,1
-4.096420804814509,2.6441180375773543,-0.9094287999161527,-0.2682461904859515,-0.08610423775460206,0.5160043629275062,1.2069603909488462,0.10408034795781582,0.5028119912267353,0.8566650531115346,-0.4952058480813823,0.5868805527718898,1
-0.9552680324500408,-1.466752025541876,-2.0665479071689687,0.6147683398275338,0.49118861139828446,0.6163921093535503,-1.4912654123407891,-1.4276183408947767,-0.7452015218612156,-0.5379063020046483,0.054336691675764555,0.7136483132028867,0
2.068606548100977,1.1420507271466165,-1.5203902738878246,-0.8666037236857799,-1.050329075062742,-0.5671822150833751,-0.8291736970904169,-0.08254595161355309,0.5196890023254506,-0.5636740978949123,-1.3323989035116561,0.095231082449697,1
-6.157900552189792,1.559816346903557,1.2292632284282505,-0.29111087771959115,-2.415819527210254,0.4451131602166109,0.09675607006766655,-0.20605359931588546,-0.5679577977989615,-0.2738082739437082,-0.9008082941709172,1.4400706550846745,1
0.12254012034161854,1.2530867796324252,0.9607636076690156,3.2656626323389406,1.5482121853595683,-1.6552960056274268,-0.7790192525490586,-1.2642174173363785,-0.32115273522327664,0.5718438346520908,-0.4182892299374897,0.904814253723787,1
1.738559961270891,-0.017097881503000602,1.9584127031650111,-1.0164899131159237,-2.053280166396028,0.03473241662295008,1.0428296084556894,-1.605833508990525,-0.16630752725917222,0.8349882380406665,0.3243727500833878,-0.07779512185229422,1
-5.363085316959922,2.228123616443537,-1.072693172259579,0.2827760513091957,-0.4591796946966782,-0.4724910472214892,-0.8780410800494097,0.21197807836357413,-0.15336026613583856,-0.9285171115543398,-0.4419132906812236,0.6531006632406218,1
2.3824018249667245,0.9480483287880802,-1.1624900127205768,0.5594761257743734,-0.39022894246098544,-0.6095694463413839,0.9089344422875185,0.5020777176776016,-2.93085480077768,-2.1495483817603245,0.8986300127835993,-2.186678683118771,1
2.4761775922966325,1.9437034968301277,-0.6166827597703914,-1.5016113777602014,-0.6407593821863338,1.058370957677514,1.3513821610890104,-0.13190329183102423,0.3434133526428046,0.00956742861480449,-0.10321085701460407,0.2400389790494841,1
-0.876760340740414,-1.499472985793105,-2.1401076680649234,0.09228081650553077,0.4357596835373186,1.0728784612017377,0.9792635183791987,-1.4896242770186017,-0.645003125635046,1.087685679178268,0.11072520756602386,0.5777169313372367,0
-4.784899136697483,0.620919712112931,3.1436027670757425,-0.2357684862148588,-0.7708398992054052,-0.9839057504971694,-0.930132881710809,-1.303947794357641,0.1720458013016157,0.35838606858976707,-0.33320370366373747,1.2451070824149266,1
1.5113866286385778,1.5962445883323153,-0.7164787919487952,-0.48281573522602234,-0.36600958895022023,1.2633191932120422,1.0634463848764302,-0.04565379313298715,0.24110604672747005,-0.051855195457946805,-0.09864606992280299,0.13700305050426784,1
-0.6000732293802125,-0.0935013956566953,3.0883519941734905,0.028196596355944365,-0.8257868721665234,-0.8782088720354609,0.5631815912502846,0.15367360578970968,0.23329802099654792,0.09507499695340936,-0.7952649862336076,-1.2592702253793544,1
2.0520850214794346,-1.9248776682860298,1.4944431430398408,-0.5815636408127296,-0.21313346884286286,-1.7615449114082933,1.001420725403277,-1.139438236887099,1.345658182081859,1.5214602399300154,-0.2686808594698128,0.29732674777264173,1
-4.982052963603286,2.126893703395059,-0.7042642725490604,-0.16357678923896804,-0.389357054665923,-0.13860203517618314,1.021828494979974,0.3531730865549211,-1.2332739353089848,-0.8514937168631475,0.6430852984474883,-0.6022307427235768,1
0.6555084240954931,0.5651441907814546,-1.0112247096504379,-0.4978813552255661,-0.4736730899243958,-0.20520129962649103,-2.067147855076706,-0.887362717706722,0.4640919605798711,-0.9186511510870531,0.6868787119419186,0.42774050305055183,1
1.8129458602493653,1.0504739503347438,-1.1862257014646542,-0.9575436906828485,-0.8409268523933898,-0.3833833819247853,-1.3095411110034956,0.09448321781044582,-0.08828258561132095,-1.5147667655075014,-0.6537453917649605,-0.5058755716582417,1
0.5874923639007418,0.1245052796730882,2.1557659917902483,0.5786245799432228,-2.2166691340347118,0.36000444762998607,1.2000869750396879,1.149985662432227,-1.2689663919610819,1.6272672596637827,0.9979555337818067,0.7132999419900775,1
-2.597641773928661,2.033049909864947,-0.6240501661762585,-0.988414500774074,-0.48786507844746435,0.2568528776636165,0.7135699456966995,1.6683340679863037,-0.004602115211606117,1.4907442775148656,1.1943559805315385,0.9488892745222832,1
-4.540071303919274,-0.997356344155675,-0.936850757304575,-1.232592693974264,1.8862637978177117,-0.757822271546461,0.42034112722226713,0.09737269066511955,0.4735930867333768,0.18528349014656625,-0.41622069530635203,-0.6146650398708229,0
-2.6633776733922456,2.1510480159105834,-1.4230313411414215,-0.9152871035214063,-0.8177113632676742,0.5343145990771203,0.7584247683038405,-1.04031016993716,0.02629016007280433,0.4508134497535042,0.7328239091835008,0.2004726148969613,1
2.530192315163786,-1.7088720218506097,-1.7595831224001504,0.8747902510459737,-0.9607790607403681,-0.8298074530998596,4.228902908529651,0.49741431499778055,3.147611704023501,-3.7559841146023807,2.6090905690034107,1.327141115929555,1
-3.9869032937827025,-1.9223653939107685,-1.0581615165671239,-0.48112425571702533,1.7529615153613753,-1.5502369908239266,1.2498370248171329,0.28729674079551226,-0.14799965556710748,0.8828741985339688,-0.5382432041665363,0.18334722808804338,0
-2.944490805456916,-2.0615962355841106,-2.652772680591328,1.1244350675858137,0.09297155195204067,0.5608336537553644,0.15166790498139174,0.5211629184129173,0.4737836611565466,0.4659684758622911,-0.8677859476249299,-0.5431660901179399,0
-0.5533134082736789,1.732088369860676,-1.1463470228484511,-0.6678194074817732,-0.6319950325314773,0.6701214038700434,-0.21149632420870296,-0.10597474893255121,0.5205963178293208,-0.6688273109441986,0.2656063962605994,-1.3241941951688032,1
2.4996228945323096,1.4374520365013692,-0.9083700123842386,3.722873468669407,0.024548960152536586,0.685895324441941,0.6233301151062912,0.24456085170618289,0.36992032482702497,1.0466550618528327,-1.0056155523769288,-0.4927257399231854,1
1.0403370881928178,1.2636963192996085,-1.4003230964866205,-0.6121652686440475,-0.9550024097326868,-0.07492739798411485,-0.1513079178769121,-1.391329887238258,0.019304818162396545,-0.10929933353613049,-0.2780365350987344,1.4860517450858852,1
-1.092709766753828,-1.3711947773631394,-2.4275113365482897,0.2295704236836134,-0.17491069912804236,0.05084154923429716,0.12427280858619252,-1.5160912339594388,-0.8804011365571434,0.5708231298859302,-0.602005938163039,2.0017508104288453,0
0.8694441961970296,-3.119771086491052,-2.910562720110192,-0.6241937817900016,0.18979855792015327,-0.12772018151499442,1.079609479000367,-1.5053434120429516,-0.8884814790980022,0.7318762873349911,0.22238673348885443,-0.13442693721784338,0
0.3046646462484943,1.6143519505295456,-1.3789653115703955,-0.49788908626183415,-0.8643873423033213,0.09943764147961633,0.9333028052188092,-0.3622679882957577,0.4152890541845712,0.8343760061723607,-0.4887941300837526,-0.14246424388679066,1
-5.756756189223243,2.1063575142236854,0.4788018465610516,0.30222673117795795,1.1164604623703323,-1.0728618685561349,-0.25555910988706565,0.3036042529960751,0.6163233130457993,0.08328422371432438,-1.177420104844907,1.7401193457701156,1
0.314019338458136,0.2836582162386278,1.6509662400796146,-0.18368898393000568,-1.9466020386905767,-0.12892479169851861,0.471724210962714,-1.6271962669089992,-0.29393270927268583,0.682703000929546,0.39598379725413474,-0.6995278528746919,1
-4.256416804943625,0.6858745521859783,1.6676318997454007,0.38341449032732067,-2.265426023370728,0.2634196760001212,0.42491642115145134,-0.3125018139820071,-0.34765462537882086,0.2221120133507046,-0.10793338202056774,-0.8486083584162086,1
-2.617138814293821,2.0397157465423548,-0.6033453489181652,-0.27348667550043676,0.04608916793712918,0.613472859796358,1.302695217610932,0.08431795046134716,-0.0179109134047317,0.3295769924600128,-0.24747670336025707,0.3792859138089783,1
0.04749995663818611,1.5162603494551594,0.9666550484721387,-0.5318247178767914,1.4548673531355474,-0.03365623719466731,1.499963233677888,0.46779309193995033,1.159375233433801,0.8002295393686242,-1.3189297049808266,0.525189025788718,1
-0.249002728706119,-3.605149469337465,2.0928767783277906,0.46698767204134894,-0.8655987315040465,-1.682440210517636,-2.0205906463019887,2.318608988956563,0.22428238653364246,-0.02799621210773141,0.3893305400279686,0.31135875651912587,1
0.2526287147092463,0.3475566361327521,1.9653323129465166,0.4810207229806743,-2.0119168965467016,-0.4304884561035095,-0.5624534608616394,-1.4147709304584388,-1.356336814415585,-0.6742630368228194,0.2817080374851269,0.6645796737461489,1
-1.5557282323856028,1.619451240493811,0.895526217222127,-0.7510360255584463,1.3496181343023965,-0.985626330763776,1.5674848499220888,-0.7897606916372434,0.3541200040101207,1.0369260117347627,0.19666740204754535,0.9894237299311687,1
-5.114995932718,2.1868634419575357,0.3272254223086768,-0.17863709481113252,0.8679156632522756,-1.7657776460420946,-0.48189680311760935,0.2434167703174532,0.14054145362125547,-0.5638592250567027,-0.7914645847271173,0.8573922267749775,1
2.404902864577073,1.7210421838349281,-0.7544729017359547,-1.5930432696525973,-0.2600501171265679,1.0026415852190778,-0.9447213932508182,-1.4252373936199454,1.3419764495409547,-0.2741857732796017,0.8496191851768056,-1.270729213855173,1
0.6026021426575286,1.6203085554555066,-1.1468935064609114,0.38922133606603365,-0.5897860014994059,0.06411229951613219,0.9722734715496745,-1.2942264697621304,-0.5148267639756019,0.8576092014491856,0.4940855658873978,0.17319519561993413,1
2.847789033891072,-2.190248867654674,1.3498146744446067,0.4033818954082182,-2.2321100425294715,-0.8525377347663403,-0.2671301908526809,-1.5884244165578707,0.5998252306488293,0.7998008534008952,-0.9394415458608518,1.395506927586874,1
-4.289834983121761,0.6957876906293214,1.563126612673725,0.16553360100569905,-2.285875922342701,0.16679332674036987,0.42389036617761633,-0.3226998252210829,-0.3486170473562499,0.21914911323683964,-0.09389439759524318,-0.9031656716825337,1
-4.215074725159548,0.7494813626937075,3.1458944352178486,0.876906175774107,-0.10638163000370048,-0.8516889491182974,1.00970450619379,-1.1168791707401928,-0.6096747179330939,1.2008380060934498,0.21799049376980645,0.29621239783525416,1
1.8431137624861462,2.1331033641219546,1.6459063685703914,2.79511001384009,2.5011567809526905,-0.7313830986162635,-1.4720527262374128,-0.06369989484670249,0.2706716743532532,-0.231344717576893,-0.7898010327979705,0.3916775623245349,1
-5.395091019063331,2.316899007847883,0.5205228175641142,0.2651447486174161,1.252943171884243,-1.0200310306427685,0.08170421394397771,0.4154171931428582,1.1340594221562197,0.3341684680475777,-0.27132429342604575,-0.5129544706672633,1
-6.264243326365547,2.259957878869986,0.5516042435124959,-0.3813777824953414,0.8749025187786197,-1.7732882076618732,-0.289731398465209,0.42574701901945916,-1.3034310492960306,-1.5936759364286452,-0.0145011610347705,0.5224257985749121,1
1.917114938265591,0.2743683921374798,1.9338484783657681,-1.3518141205842558,-1.8956311681139464,0.5210747261604808,0.2848886436983296,-1.609292235901643,0.5369253597671584,0.20523206234045258,0.4285767940203354,-0.8049242970018448,1
1.2274206470849536,-3.1991191542305444,2.48572473934978,-0.14496238528680114,-0.8047004109305931,-1.8532909221300302,-0.11952312785960709,0.4740849032953231,-0.34125581351781753,-0.9431828332479129,-1.2350633356507668,0.3037042510962587,1
0.23955984123355628,1.630074577335507,-1.4576173966644064,-0.6215042673484475,-1.2445922722868419,-1.059735606436838,-0.7513516771637284,-1.379076988999387,-0.4381844087816395,-0.305199984179939,0.18152957496693062,0.6838548043115861,1
-0.8880787589830539,1.651617495312032,-0.3801134518703806,-0.6594108356898365,0.018219493598932657,0.6454152615711843,0.3622491996670992,-0.09906927270015056,1.1427007408974734,0.2567266719516331,-0.3649959144614736,-0.30929437100800194,1
1.1396906762804526,-1.1731847521969019,-0.4906113171863962,-1.543341187357813,2.4278552470553594,0.19445308784258566,0.4476011938313709,-0.5213724615033883,-0.013948540206622988,3.0272407916515647,0.6206855154885316,1.1528796266519414,0
2.785068424233924,-1.050342297690885,-1.3213689587473547,3.688213336488793,-0.5781056767289867,-0.7047350819026407,0.25334056647070746,0.5578985022137294,-0.1057237412792193,-0.13007249591400538,-0.3493949618043027,-1.6981183721510047,1
0.37575333477728073,1.6251438764449413,0.726200920317003,-0.6666072236194494,0.9671814597573802,-1.8548473288724563,0.4002773136352801,-0.08535501497904284,-0.40189802892891685,-0.0749374975202722,-1.0004745257420842,1.459724787161707,1
-5.3067601628068966,2.1804940070277183,0.6811827915020399,-0.5009677023861583,1.1726133632159075,-1.1464489250777508,0.8393284097803897,0.5058370275992271,-0.2931675470788803,-0.3806612877666856,0.2849420075469965,-0.4395849022338336,1
-3.880215746337052,2.398626750294496,-0.762553256049531,-0.7659419075791979,-0.42976288889138453,0.14545229017464945,-0.10505838989722412,-0.0026079545666955264,0.4419946209326595,-0.08003720938647463,-0.9981621244662363,1.7878449248934734,1
0.23282835684577033,0.2721353325411554,2.2790524238036327,0.563756348052153,-2.248114208477459,-0.22794500312318122,-1.0122282556756885,-1.5440436216957998,-0.3790137181782789,-0.3470194642362362,-0.011009851750324135,0.5965949719897142,1
3.145150831303383,1.6368410133066695,-0.47727580146659543,-1.3146269400383834,-0.6064447913462714,0.37302137750628267,-1.2870105887716634,0.2376467708323431,0.611715536494449,1.1628652709679752,2.4029104390023455,-0.37410328534272214,1
2.4516811800593246,1.3224140723487599,-1.0892047601767887,0.06452336775379011,-1.1395619318036068,-0.35021254315979056,-1.38270342732283,1.7222181223685424,0.27394572998109623,0.5731554208092702,0.1387141805198282,1.072643249544,1
-2.5407453102831346,2.153346585157509,-0.831468606283002,-1.227771655414408,-0.3407843601635058,-0.49653731824151603,-0.4213833064311916,0.09205974244656578,-0.7538047923934104,-1.4339571982311758,-0.129627704272142,0.586890983444543,1
0.7783337232132799,1.7464783786200573,-0.9728358633668406,0.7382577145381225,-0.9409970194696752,-0.2000158524892584,0.060549122975419485,-0.2146641507423307,-0.6798545108386844,-0.33564068878406644,-0.7831352632604875,1.332176882012383,1
-0.12547847788846214,1.1246844828459492,0.4299268178872712,-0.4096387111212178,0.9757557838522164,-2.183314401103861,-0.48429297280530226,-1.2231940613398262,1.1227975465592595,0.7106907002769808,0.3481592514049192,-1.2939365058359316,1
0.15616219488249697,1.4968397990426099,-1.0681719927812319,0.8008659826283422,-0.8590930461017383,-0.2931510683051254,1.1860849281487664,-1.135965860307119,-1.1032958964574193,0.4706474508558042,0.7745974002329755,0.06003299609105332,1
-4.282249904679391,-2.968343110429974,-2.7308260505114905,-0.4473226349126187,-0.6062445146977813,-0.2866023757617728,-0.44317596564779116,0.812543737749157,0.48305670002179624,-0.5584687442882721,-0.06328487902143133,-1.4955009117415818,0
0.6875611680042841,1.6032468211121653,-1.5553117862824224,-0.2522525920158496,-1.319437757691465,-1.1692181802176216,-1.5146504492530581,0.15975157004657894,-0.6477175603219033,0.843958809979756,1.5288152245302915,1.133815332129516,1
0.6354913051475681,0.07348474409689472,1.744277591958453,0.30747070465590404,-2.179749370957057,0.7007141301187917,0.4316593265322802,1.669689583153111,0.24507860200591033,1.3092951354738442,0.3680265983339782,-0.003885464999778105,1
1.1297925042148063,1.3118509461485002,-1.0310024598948102,-0.7463710453048834,-0.5923519224193446,0.6389700107164651,-0.20118559336114983,-0.2031896786159544,0.6924847537416455,-0.6646922181518575,0.1625252823315064,-1.4072292051678863,1
2.1196918762182984,-2.4334102756619753,-2.5796424097724935,-0.1350361013532526,-0.22395822873215057,-1.0689627346305355,-0.730272269371144,-1.5925361374983062,-1.6073005060284336,-0.9964372336042545,0.1868712029144637,-0.006519996788284023,0
1.104904452981752,-2.3711594737511477,-3.09000566053748,0.4384608512240145,0.12882205462084828,-0.40232069939837845,-0.9853465444090448,0.10705182821084731,0.28672022506345346,-0.2887293424616235,-1.6680757006916282,0.23329683732246798,0
-0.7622871250273922,1.2406462328510632,-0.9079068668889914,-0.3280710805924125,-0.47403200359355796,-1.1089364515130056,-1.2292814760480553,-0.3416878442429444,0.4860400679207602,-0.4241467571055372,-0.8509946834010605,0.1294402928832774,1
2.0601660666142334,1.6168817655466097,1.657836190872119,-1.365452990132606,2.099479690344785,-0.21889585398682723,-1.9313186043022188,-1.032780822182327,0.40046421326342463,-1.575739733536823,0.600921628292957,0.26833819786998514,1
1.172955494660489,2.3427640216916252,-0.45918852756566825,-0.0783901924436505,-0.39037284365978464,0.9775175643616398,-1.2214923510704156,0.5932667823715568,0.14381093479529186,0.5489012419406764,2.6628305584642504,-0.3024707201054396,1
2.0694465264129316,0.9120341255324373,0.8172736148250507,0.7086175700108902,1.7748675863476044,-0.8566823401275495,4.409874131174523,0.984112107504764,3.283656074222796,-3.4799902468275756,1.9370358627990314,1.7541627740873795,1
1.8781575714240772,0.9144116351837089,-0.337613146527593,0.20169860040921722,0.039964964769552254,1.9730862984660953,0.19576390526468573,1.6882523324473597,0.6011923625653394,-1.4215411433706215,-0.7747646798101226,-1.1047865308261398,1
3.38977796044182,0.638049652891696,1.3062062298891373,-0.5009087403503591,0.8214819806864943,-1.4154032010282913,-1.2558103900770037,2.036872610498045,0.05373173316115627,0.04227231697233534,0.4038792676770472,1.0124529427095024,1
2.3764256227125706,-1.2727975750764187,-0.971309445735877,4.7761329782159985,-0.24013002703609837,-0.3278776956881641,-0.29615656912655475,0.9470272134548602,-0.8173353845897625,-0.6928108870211568,-0.8602139608514958,0.8387317159860133,1
3.4882443132719056,-0.6159751977966156,-1.3772419746570828,0.7247002526014183,-0.47341969324337,-0.06403735252236709,0.5266156939375665,0.4898300380823604,0.9387620637757988,0.3022913342644363,-0.8020136027117437,-0.6188902161767083,1
-4.1329043088383575,2.538241471820432,1.5390154165127854,4.095639796062477,2.369351105120496,-0.017531192765436847,-0.34783643693390515,-0.5160901284801113,0.1269546436426293,0.5598549993791985,0.769489148365428,-0.28287169704444365,1
2.5665115123474025,-1.279854661564697,3.174967723926252,-1.1034754449089168,-0.5818895316475692,-1.2771741902052371,0.7016608929621224,-1.413724858440707,-0.3101207745647475,0.22091924851923558,0.5480621267540601,-0.8255242318586166,1
-1.692016649957062,-3.628531662483954,2.5299049103857882,-0.6626200488445176,1.5018526387673146,1.4350443328286626,-0.2364511591424133,-1.5845018059181022,-0.3609464710572123,0.342907227515551,0.3057851789553179,-0.32459365897443937,0
4.1139791130445635,-1.7926729497239104,-1.4379623298057072,-1.4461563328949854,1.4441697768021007,2.1879525771949813,-0.2177386753163212,-0.4699376194393624,-0.9019058450340383,-1.2061730027120512,-0.23999342211599958,-1.8392749693304506,0
3.765298584361974,1.2766320958079476,-1.0147443726736793,-1.0313312245039823,-0.8154377340527333,-0.1281449702133211,-1.2341007050480675,1.7931281237906422,0.1732316538273283,0.4572215328461784,0.3363097376611666,1.2538111273723267,1
2.693215335345479,1.383397980499732,-0.9834275399795004,-0.6917173440234546,0.12305169089389652,1.0410725198487745,1.2549112190693528,-1.4528072707128976,-0.06628942604910469,1.325974388001939,0.17329107523050782,0.9596864394227594,1
0.24205941433861852,1.4830653539233494,-1.1259520663193736,0.41108024681781236,-0.5653892436649797,0.21833901401062086,-0.02400159066569584,-1.3939088593996793,0.43009602018850757,0.800482262486575,0.42415003799273215,-0.4269178603600658,1
3.3534235357079054,-2.2341620029632887,1.9004471611547755,-0.0325983714605929,-2.063236686884887,-0.2916869224056323,-0.9180661630499887,0.1058819926919776,-0.31127133849499683,1.1935746049568368,1.0118831342026378,1.9874484054912571,1
-3.519312261986192,2.5267193129526446,-0.4873160913485357,-0.7075062572314065,-0.16381619758465601,0.2778259137087828,0.7289502139326509,-0.8690104399522212,0.02384956591843527,0.4059609230143673,0.7914984864899539,0.31911806349788774,1
1.1804932614267616,1.3082088496139372,-1.2244986401876148,0.7821577542997319,-0.7430500891142502,-0.27932165989076047,1.4899210179858158,-0.04306957639954927,-1.0759884520599856,0.1290829138387891,0.020743821512768424,-0.21075218338483262,1
1.2522097301603698,-4.3959277685139355,2.218945147124705,-1.0604811173400879,1.1597267261491129,0.7625142033817895,1.032576812832031,0.08967672786078573,-2.2195506864235792,-1.2980686841734284,-0.11199552872753228,-1.2220209507191522,0
-0.4921100134129743,1.6872117109661529,1.0323347538246375,-0.5211453184768542,1.6688787398682206,-0.934957875171265,-0.6850822565065888,0.07031729243741948,0.23335037728316138,-0.9422540608867193,-0.7245667317322133,0.7662549638685159,1
2.117822423292006,-0.13939139441164466,3.656926909873994,-1.970747859527355,-0.5712997995880357,0.6536709060219168,0.5905800818485142,1.5633321479070534,0.5270331774186564,1.7403785992172365,0.3569172765387621,0.7141341929261862,1
-6.470306905005942,1.8609959522231407,1.673571331930404,3.9094797419555802,-1.6663941792768893,0.6220278392685138,-1.562738621862022,-1.0642394639537611,-0.5816275739936919,-0.11127430041072102,0.16881247884332873,0.5798485409723774,1
1.8484764974956285,1.0688334226654481,-1.0150264032347904,-1.236546260700345,-0.5276229832860725,0.33045017676063587,0.015925533952818153,-1.5281837561248084,0.6473363858945492,0.6456816425825986,0.511727031050515,-0.4787023322473262,1
2.17245666479035,2.203537723293629,0.20273575236727281,0.7399250195244883,-0.11414329998169571,0.9193224737106378,-0.20700211466544713,-1.0184290109940888,-1.680889260735323,-0.9505544842429485,0.7231917034440222,1.8395124284814737,1
1.0847147961895147,1.246559398776562,0.574055170123996,-0.6753124108882236,1.6405056885216018,-1.4864447927241762,-0.31789180573978815,-0.9808700194595911,0.06646015506625993,-0.596494722603627,1.0151907211356903,-1.6053290788332557,1
2.4018601042180463,2.686356281922553,-1.9618829091258525,0.7647359659654477,0.7869783568765487,0.4400793193197928,1.525134791074178,0.5763604844644215,-1.5160013808957018,0.18682637634314303,-0.31725988837804625,-0.04095152545007072,1
2.215707901543962,1.3166924601331198,-0.8853795254979901,0.30392674190631014,-0.5667737842819075,-0.4308523247967637,-1.6675889755792883,-1.3164819569659176,-0.33718337940334303,-0.9844130478401527,0.4942335275764436,0.0630988559441878,1
3.16664464045603,-0.9102884062391011,-1.783437363045327,-0.09952590918643672,-1.0707285404888511,-1.0578163969399168,1.134683218008647,0.4103928746548437,-0.9481258341640836,-0.39618133792131893,-1.3293255030300448,1.5162743317006309,1
-1.8526191167073947,2.20624523166032,-1.3010304244671775,-0.7484801288705087,-0.3360810737476467,0.5472119147113165,0.7487996408527298,-0.9137950118485805,-1.541200981338992,-0.7321159996273602,1.5199177478102515,-0.433504742063055,1
-3.956849036788062,2.2416772526667796,-0.35120839408965027,0.84319217713067,0.018940517677065782,0.7974024656523252,0.0025737435665189727,0.15530169931702353,0.901829681711212,0.1568131724678307,-0.1919681485215596,-0.3577956027690689,1
-0.5750866434210646,-3.767644323967919,2.4847228263926535,-1.013189970347968,-0.1696376260521445,-0.7396537022116324,0.5689485141410007,0.9063750159960138,0.5596749411800618,-0.1603778502241611,-0.4222332521982421,-0.6175298615226174,1
-1.6347755051978927,1.8961168329285731,2.617008050672921,0.6739194934264424,-0.3877331635863815,2.131929247328936,-0.9370059253110457,-0.16040090408960425,-1.6786381753844868,-1.2792679265048696,-0.04541098415217457,1.1035878948472229,1
-0.6619230316404975,-3.6298375702618393,-2.8605204807811093,0.9365541968543992,-0.12771681786621938,-0.9444933807642582,-1.2244294112847047,-1.0446941019972262,-0.8460012739166989,-0.7350423521043847,0.17558460338151607,0.3872149632723437,0
-0.19748368148808523,2.2507268468798687,2.427332207135619,2.5639178912113003,3.0485458861602757,1.0228782630679778,-0.7116155508077893,0.6508553154454733,0.5246962183830317,-0.12669294159876848,-0.16940955206979066,-0.939355532667259,1
1.2890343712094743,0.8528699376576251,4.695946554663375,-2.462184877561581,0.9764640386609883,2.21124747199288,-0.2778477572113531,0.16256741488066892,0.3995513892498324,-0.7434041137436429,-0.031901473146308715,-0.7092070644278072,1
-4.8288008137908545,-3.0413583294508393,2.2462983833126646,-0.28372665010217796,0.4494188292309564,0.17484146235198778,-0.34033017006664845,-1.0643332372725358,-0.12487495006290102,0.32971647629252554,0.6280729676077946,-0.49129903079213866,0
-3.0739720953221954,2.0263172815906136,-1.2325998919074457,-0.1692046003953897,-0.8133729972285637,1.1177319051181909,1.5298307810898086,0.6504234982265436,-0.011139433558136173,0.16961059381321292,-0.5390035971760053,0.45721354241413853,1
2.014788487314445,-2.623300690459775,2.968510422315339,-1.44457589965563,-0.516046747196719,-1.0305056038427274,-1.0584475045294985,0.43627027649441874,1.151513286013887,-0.7926065594533551,-1.263097846029036,0.2984519777284502,1
1.5353320616429782,-0.045020258695785624,-0.9740957718153758,-1.501958652198556,-0.19821464961180207,1.9441786892770025,0.4194372709502257,3.2703227106941974,1.0330043181914548,0.7511000496319674,0.09207243703001046,0.6909783852624316,1
0.7576981999634164,1.75376836732661,-1.0065296509200994,0.8627005322229725,-0.9367398837851665,-0.363791584261195,-0.45064685013129246,-0.19804400305928807,-0.5614450973434364,-0.6308030248525963,-0.6159711123348094,0.7868970227842271,1
2.686594623743073,1.6140092338145662,-0.8805168332426596,0.924775685274271,-0.4155505622089077,0.5094444126277993,1.0695148775579086,0.36523404569601725,0.33531423785210684,0.5683827772089866,-0.8292469915521443,-0.04259244817597918,1
-0.9228799750320514,2.5710855254104907,-0.6357803467405863,-1.1915752156758737,-0.02034928060078898,1.3133690565866833,-1.6014457769490187,-1.1047429547024248,-0.347236932145117,-1.4011996018694814,0.8309954085935084,0.7520512608745782,1
-5.2972484903211035,-3.2469756400062253,2.2488710801679543,-0.29386556848035306,0.6577410000801088,0.4629682641197748,-0.41987066875470846,-1.0254805877971545,-0.1948241153827848,0.24923956954552884,0.6910537173744524,-0.41867181488341526,0
0.04466958859014539,0.1306246585862623,-1.0014345102598607,-0.1968344997114609,0.83160386042299,1.0763249675210234,0.478651294138176,1.9736657686037868,-0.7329898500995209,1.2850025240332945,0.08121292740870883,0.140195492037605,0
-4.822758997251723,-1.8220545583779535,-0.7488396054599213,-0.1313542130871429,2.2401338335423513,-1.025232735750909,-0.8199178770383198,-0.8746046783865872,0.6814135549108878,0.6504632615358715,0.4604033513395311,-0.7674271013618964,0
-3.366976166619592,2.0691309477685356,-0.2816443217879672,0.8386287000066426,-0.09640411115464298,0.482582350761464,0.6685127619594431,2.201874326155544,-0.8524636474490207,1.4739617199660295,0.9336697031548962,0.9087016240479779,1
-5.952227197472347,1.5596794335657396,1.3336355279514847,0.7882738793629916,-2.080205264136778,0.31404956987961175,-0.6904350252666827,-0.04150166009235452,-1.2340557887416834,-1.2684646180964132,-0.295153637438209,0.4018294169765748,1
-3.414039324222045,-0.9991558445511671,-2.304657519263086,0.4255225772235169,-0.49440744193156844,-0.6601156153397424,-1.6762379086028711,-1.1171198964202458,-1.1081280255444703,-1.1329483551586612,0.6387519416280818,-0.018411897065439116,0
0.6482797417391308,2.3098142294216486,1.9553792409496729,-2.017987709512796,2.0064849271458702,0.25234587441186,-2.037135300778707,-0.9297338032459157,0.9989076065561504,-1.2502006336468345,0.5809942226167407,0.7452590590930831,1
-4.271137147472894,2.578215241779921,0.7875800506301178,-1.1118099356678335,1.6859115787543768,-0.7983684072256336,0.05178789216084356,-0.6746490544792202,0.21714919179306616,0.04875867715619878,0.9854842677833603,-0.35089480073417045,1
2.113039651424137,0.4762260233973151,2.2589902380171005,2.6027534461324136,2.888986151131526,1.0206463986987915,-0.547540253737276,-0.6204740473770298,0.6489251883067286,0.5443796004366439,0.9080820173279588,0.20619819534929232,1
-3.5931927924952,-2.704725075268972,0.00566452439660357,-0.5168299721918882,-0.8843395419162338,1.0661646532948559,1.1250035048172007,-1.2539075703589169,-0.24752796783238512,1.1001285453704954,-0.02765952862178495,0.6187993098559403,0
-1.5681067229222443,-3.5438302919607962,2.5423230973368387,-0.8010449208997086,0.7111904555170998,-0.018566697080140807,-0.07943286963181541,-1.3255996581549088,-2.7214913383966555,-1.2925590975186725,0.47549298755492553,1.098136446012632,0
-1.2312679891713516,1.7636374027049726,1.3238446244870221,-0.9462864034051384,1.3226962372901125,-0.9538459804730863,-1.6219102181741163,1.6647615971873078,-0.4534051252503,-0.5495606568850786,1.1781932865066445,0.8436260826566557,1
-0.7121978210462857,-3.650600290158936,-2.9201637222697956,-0.9352640854372095,-0.3374481937977053,-0.7958607390353306,-2.478775344504563,0.40787784477016054,-0.11316374853052352,0.4130943416485935,1.6200524781290664,0.725970917525317,0
1.5301890397677689,1.7276706249323652,-0.5210139615211355,0.1707275769709935,-0.2534169792277671,0.5848571700699624,-0.35710777357216134,0.4219618893136545,-1.3468201083477433,0.8191679880174016,2.6999778736609144,0.08562868690310987,1
0.44360703700703225,-4.9799956944407775,2.278175129050916,-1.06844254973259,1.9324946534601064,1.7678559654794017,-0.6664176498005946,0.44987963760657457,-0.6067685511324621,-1.092294916118517,-1.8802563259489162,0.8464832452345411,0
3.236650014900881,-2.6303995933244293,-1.8233855027331274,-0.19543754759061638,1.5277376581044635,2.0153233880753403,0.15228119745221871,-0.2558436701430402,-1.0206806909758797,-0.8023410929304409,-0.49565799874227756,-1.3323119486058574,0
-0.4245848016493574,-2.7257210392663827,0.3945713422379941,-1.3752599495345381,-0.34439983691282255,1.8933418403873605,0.4953348411037966,-1.8246751544288609,0.5797347999581436,1.1743069192087545,-0.37497139954695924,0.20062254348648778,0
-4.298491168545373,2.930663240211723,0.5147608555896025,-0.42237329757277536,0.6413396747730851,2.3480084547992948,-0.9437550365389129,1.843677802873114,0.37953962734367036,0.6946404564096723,1.8077938869741397,0.6103828338215224,1
-3.287963366225555,-0.9942718863952561,0.05520902003562486,0.12437261370052352,2.0503611660539733,-0.43683441696501757,-0.15024318922879432,0.04272274520840853,0.743578945724975,0.45579357927016667,-0.44084621954481584,-0.5549625994861435,0
2.3137413220141565,0.8938283795537342,-0.6485771151990434,0.2978510846510004,-0.10039082799932426,0.6983641272044855,-0.6187499689938253,-1.315887968217601,0.6414790680641868,0.22520597305252799,0.7285883625671171,-0.7791222014164251,1
0.9711257371222222,1.3831985036379582,0.943771755080083,-0.15435125368404293,3.0456228515565513,-0.8450532308025404,1.5422998931128635,-0.41635387310451444,-2.4015756799484347,-0.20987815234356244,1.450605693146316,0.5603504202251156,1
2.791580853692123,1.5128790279396294,-0.3014922166162796,-0.4674552795987483,-0.8424951576995484,0.7291219080202022,-1.4182351344094648,2.9088688082470138,0.34616369145863374,-0.2507387515540994,-0.21052230919103923,0.9848552856268058,1
4.157366807108494,-0.24546938631121606,-0.897528215202549,-0.6532800725943095,-0.6985183077947485,-0.2515903658921761,-1.2216066835478196,0.481420497764882,0.9009254327484495,-1.152051234487017,-0.8445185896875175,0.23917092292034994,1
0.20135068461715697,1.6555888812482453,-0.25939526615787545,-0.4857218947645674,-0.3979407518404775,-0.7955104061366857,-0.994922562116649,0.40786528602519156,-0.17343091178926576,-1.3347501906606476,-0.6360434548834115,-0.008946447469992716,1
0.14365300305095025,0.26876728665646515,1.8262648071433598,0.2266784470496547,-2.0630907644880603,-0.01955915339048157,-0.5115289334347181,-1.7054572187406776,0.01411851767820502,0.5325390036276672,-0.59662764873372,1.3538742772867158,1
-0.645432818128438,1.9645980980531945,0.11574289658566292,-1.111576826937902,-0.1408073099429281,0.3397943417989367,-0.7082257824872906,1.5330557555300512,0.45240047625162366,1.139312362964902,1.5953459496899332,-0.034731573537430144,1
-0.9552882607826053,-3.861350174181385,-2.6982318275163557,0.4865253856209113,0.6404414264802736,0.8955431417703668,1.609367818353233,0.6274638893297219,-1.068678092363101,0.17338512669148995,-0.6845330102253872,0.3870542882490303,0
-2.917186404002184,2.0766439753149957,-0.8020841670388236,-0.11622404374086316,-0.019852722583325655,-0.3053906838411817,-1.1770037459939782,-0.9533073689705721,-0.197894274472829,-0.7473936261033615,0.3426602031787385,0.8374988795554446,1
-2.418255310001225,2.1175792102747413,-0.48602993144335693,-1.0362399357540928,0.21544619243043808,0.9922664904391878,1.6619655363764196,0.07303637815657504,-0.16403018132153963,0.4194580020003646,-0.23180227075515356,0.8330837625246923,1
3.7358517625082914,0.13507428809243605,-1.6265313142178057,0.7076276663586785,-0.31178034287844486,-0.4074141069157099,2.071063264301665,0.6890685192990169,-1.1048263651086796,0.11225853908241164,-0.44942475956957967,0.09023551668906273,1
3.4648131172069645,0.40463017991849376,4.139270642289683,-0.8259507054393552,1.8463428657458794,1.074980762703302,0.9120631090691834,0.789180062952356,-4.3176052177631385,-3.8628503163072176,2.011096689797991,-1.7927932553391814,1
-2.2158871352816996,-0.7025300988776714,-0.17762825091965787,-0.8253605064699253,2.1794941262393674,-0.726105787424779,-0.6179265220280246,-0.3810144123750317,0.13104941692502992,-0.2892331687459081,-0.13142481489442806,-1.8108034924146728,0
-1.9571534935970425,1.1114809378052124,1.610491304322608,-1.1932236157491631,-2.08359868741,0.9393487001605363,1.9151447685027136,-0.28926065749930896,-0.12177905969234351,0.737156899967144,-0.5552743044273517,0.5811135723837865,1
2.813794747734991,0.4675349348934503,4.9293670744008455,-1.2852159556534974,0.41710247824722824,1.0265563864088023,0.09212439435925729,-1.090180432884585,-0.08104231586984441,-0.27197830829250585,1.161675435515615,-0.05674802523903529,1
1.268667964991811,2.1045689840116046,-0.36364186381586244,-1.1612731177443623,-0.3162641352397042,1.5833199962875721,0.2803435560291323,-0.09950415018180812,-0.31481260845054126,-0.8079716929269499,-0.5749335626889134,2.097560509014292,1
0.990021229936059,0.31505191539624866,1.00718544010322,-0.6542724724090145,0.37766816802896114,-1.7618502253956012,0.5856156436917493,-0.3161660252039891,-0.9822717838505571,-0.36923155426250087,-0.9950841943904787,1.1312769571609296,1
-4.203752509199245,2.418018461831065,-0.8183897456787795,0.7910480850755269,-0.09177155772396525,0.2062842544219144,0.6067123952595055,0.17546754070772747,0.0011027306253646,0.07438264044050061,-0.0856814411661691,-0.35516303174119873,1
0.7380645054035994,-1.7782261327647195,1.0035496697245325,-1.0772902379778286,-1.0977949987329405,1.133974316721348,0.6123182401094192,-1.0262645610441068,0.3776752855431841,0.9221042231964411,-1.0137904639334634,-0.5450342161770645,0
-0.4851382049201191,1.9104949282548627,-1.162258583083196,-0.6017355698585812,-0.9640011301760427,0.2550272382240259,-1.5240782066804877,-0.1850518480033607,0.9840381442121791,-1.017702080970118,-0.585398490031983,0.18487090435953,1
1.4588524500042923,0.9615512751581922,0.255265211169475,-0.5653797154900196,1.1995735579748732,-3.1843039424140542,1.6051144361129894,-0.9039658323389785,-3.5292002702757586,-1.3057446637126693,1.8247116431299766,-1.5424449761704502,1
-1.2006949370572948,-1.2047866547979438,-0.4346093408014549,-1.2068044917480658,1.7920680657174999,-0.2257306517277042,-0.030721310777336103,-0.19250659914244753,1.5144169934629617,0.3554955298017917,-0.7496477518150282,-0.766600331606274,0
0.8418554308098022,1.8521134219687767,-0.44233893832166754,-0.6007888917665071,-0.6067515797889285,0.7620398914873259,-0.9508861734281615,-0.03167706094400508,-0.5187226369966741,-1.9589529056749821,0.07180896189725704,0.35431949073107255,1
-2.4116554017253056,-5.67842233083366,0.24621831006080513,0.234385411620798,0.5355159706822603,-2.4009410902813175,1.5225153706628682,-0.5245854055376545,-4.340696613903173,-1.6993758568668138,0.8888317791664391,1.4953672202265869,0
0.30252132769992063,-0.5922760753269442,3.5663550032484954,3.8958050209623485,-0.2510932820035257,0.2614866864496739,2.6557154354764396,-0.6401970601974207,4.373000141411399,-2.5665568774828484,2.2314786881036186,0.8638561157777384,1
-0.276588749456192,0.31061436406174286,-1.5298230392373346,-0.4004912916122582,0.7936630310468556,0.08137854060528829,0.9813387365379134,-1.7420236576994494,-0.733120693821123,1.146891550468412,0.018913986222815826,0.03164226738251955,0
-0.6861442906705222,1.6085179384178747,-0.9663864151401413,-0.3143107470756402,-0.8739541667313062,0.8024262863417171,-1.9719197724447879,1.403637183650056,0.6796327589730059,0.23632352544024088,0.7236850491173028,1.2690507375567184,1
1.027861307544161,-0.06278430029285108,1.546864790778656,-0.9719360871631096,-2.1019439092821464,-0.27211837311245957,0.30325828630008084,-0.6153001956374151,0.0587189460758428,0.024594362612146144,-0.18878765705449993,-1.5084313049927613,1
-3.4928795079333694,-0.2838235966653052,-2.4687410467638546,-0.8666315487068076,-0.3485242976421921,1.0576416561088435,0.16638262683780505,0.21537281990205864,1.0606862707349325,0.2042877968933137,-0.906330557852147,-0.7600297520236308,0
-3.458292784263908,1.852224545093566,-1.4954005421115677,-0.39669985108444566,-1.0068109824909819,0.4363019081477847,0.2156601665801199,0.04576771050876954,0.3697820241342464,-0.2892224714224037,0.1504946700494007,-0.8288285771222473,1
1.4529050548009608,1.0313743589437758,1.362725802907481,3.9454891970468773,1.7420224470189325,-1.3670620722333067,0.3669060056026963,0.17902392818910673,-0.4497891766063925,0.17803616011046353,-0.022493099257769697,-1.1600719599310587,1
-0.27786088237929946,1.4662712831868836,-0.9589281592386928,-0.37627424464460196,-0.9701957191789843,0.6322897719091602,-0.28559265058296246,-0.006018965167316472,0.7869734369424348,-0.34232653890977,-0.930927843294529,1.6790554009785628,1
-1.4933876439208977,-2.8898136972340196,0.2277986640770581,-1.0485634970680362,-1.7693808897798553,-0.3307357587904353,0.18522283499903713,-0.2159155296078113,-0.46680816185883334,-0.44797067631385096,-0.5910470633593252,-2.165335819187043,0
-4.303075796552533,2.049031846078952,0.1884488909514022,0.08929212573203639,1.0338244889106323,-2.408792405656364,0.09692744184568322,-0.9143670150629376,-0.8038033279032675,0.4825971650651135,-0.2152567226481228,1.7609946604595637,1
-1.4538426873854549,1.6930191694101953,0.8404527632086438,-0.11984591282344977,1.3119605924725986,-1.3177065634730414,-0.13303578061352958,-0.8489863452845592,1.4567939904607725,0.6297061937950587,0.3147211512121013,-0.4716284441968311,1
-2.5606927123937813,2.04255041937118,0.41008267256329856,-0.6639593567173985,1.17355794362588,-1.529240234797684,-0.9209093556711794,-0.0006331214496189369,0.9685613883337324,-0.3798705173513767,-1.0641277636655129,0.6282563357132313,1
1.792690579466795,1.1550404680785153,-1.019201694440517,-1.165683269269179,-1.3157365771420804,-0.19069623439853586,-0.6825303610323528,1.452097564111745,0.1631940793835641,0.04884941550203847,1.8663852771902676,-1.1909375269793034,1
-0.948682128429586,1.2037955617370752,0.8108618827144958,-0.2619709603802594,1.1669133288080187,-2.3442203397626487,-1.221370042911315,-1.067723720396216,-0.06506761315819523,-0.45436341587342083,0.13639224359901334,0.40919121113929763,1
-0.9499303203775001,1.4932910006414144,-1.4730903716374433,0.9585019611263654,-0.7418194019351638,-0.6887199001687233,-1.4574839620301914,-1.2303601453584367,-0.6174823303257456,-0.6364592742258626,0.35249597393089654,0.2808201643314155,1
-1.4206820045487436,1.2336506124184954,-0.17899066094718522,-0.5772583310714161,0.6713409328837661,-3.2126900046519333,-0.9339390296909021,-0.1338006667238289,0.7386991529140836,-0.045871223782305466,-1.1255566629627753,0.031328681047088476,1
-6.322597869100556,1.6220680703365524,1.62364189895182,3.574378729377682,-1.6102831205366936,1.0865071674489124,-0.028158181121246025,0.045068862593398595,-0.14564847977324138,0.397098490133926,-0.06071733004543602,-0.9238309860592518,1
-1.2788407649064915,1.584955349953825,0.9349208448459306,-0.4850821682440088,1.4470475304439843,-1.371043759018226,0.1475659358780285,1.6013754949102283,-0.9677229796259332,0.9177251448445478,1.5503220713646024,-0.16756333442144986,1
-1.7187848829292027,1.856920642546318,1.0999808681700993,-0.09362131371578532,1.4222970592405288,-1.1105050755663268,0.7455087917157871,-0.8216258877577277,-0.19540719697309197,0.0693653869732225,0.7227897466770824,-0.1861853970306663,1
-5.37629819950173,2.2046537867261677,0.5198090626163229,-0.8833201690382816,1.2588420402941902,-0.8750602874185414,-0.054272299762230025,0.2819958167239947,1.2347870138088457,0.17265390903434435,-0.1745165552883995,-0.6864808083281618,1
-6.024988724734714,2.5359657047238096,-0.7049887045821819,0.0965124718873363,-0.45211743527226295,0.10007903820817206,-0.007838374847979234,0.2580079198012092,0.2787373864579074,-0.35300005512340954,0.27547123176286764,-0.8775060588149239,1
1.743756407670722,0.5217030977786314,1.100910788696838,-0.6250888811608932,1.2473377253507587,-1.4248908842905812,0.49941806944829636,-0.8212760601652183,-0.4166348453012961,-0.1599408783755478,1.0861317691838601,-0.5004261013845966,1
-2.2458106023289353,-0.4082583643879042,1.0865442187032224,-0.8214937452422677,-0.5755196023651552,2.362920787793847,-0.7227243962835437,-1.0302222881263443,0.6576570399097947,-0.04667240588606317,-0.6269048788423118,-1.5127784248109386,0
2.970770467088404,-0.2444101219787399,-0.4079996271687792,-0.22703655248876578,0.7704885921140461,-3.2504357229508782,-1.2937713172459027,0.542290570347294,-0.19561065379253129,1.1095418644959765,1.1943825820990879,1.1032804629654864,1
2.11154734780517,1.0376852216187904,-1.3324606021360512,-0.9756541149522171,-1.03782864478652,-0.6473397096873468,-0.7619360108111173,-0.5656317614051913,-0.18170586400853364,-0.8287726417064394,-0.6485537183886559,0.10792182546665421,1
0.21566507357541526,2.0834635199314864,-0.7881849772266877,0.08956922467445481,-0.23237633089279003,1.1801968001379455,0.7524575272031304,-1.0324967745217033,-0.05941093341172509,0.3273215107159515,0.6991558029224851,0.40069441002988804,1
-1.3227770504819383,1.171329421799738,0.45655822442760385,-0.5950626341385843,1.1948487146951416,-1.9197062519059862,0.8230228491524074,-1.12310839009568,0.7074822383677943,1.4865018493401074,-0.01722813993742647,0.18241410850950826,1
-1.3227890848580297,1.3051739919885421,-1.7474362334053593,0.871138556865055,-1.275575883242104,-0.9436922905056068,-0.9098322894340408,-0.17651416812671802,0.28995020347900013,-0.17632105982690932,-0.9049021299304429,0.5228239358509958,1
2.130063009128933,-0.183375834237905,-1.4020465391561665,-0.7517664568226913,-0.9909883511817857,-0.5340971991030832,-0.6839159642760061,0.43530869851019083,0.8081321490358537,1.8202298764094156,1.9573151524447876,0.09029496753709725,1
2.195221685642687,-0.7345308849206175,1.4261755674581318,-0.3126534039385157,-1.8293071306537318,-0.1191677587284895,1.6829682825004535,-0.33216240054337687,-0.2992965132868681,0.7969752376199951,-0.5843788173089492,0.05227857055838616,1
0.7448979516531261,-2.7618127091638,-2.7369998567748044,0.23935775067890758,-0.26827499827490303,-0.29580877673720146,1.4121040058303054,-0.7773163748491791,-0.08787732805667244,1.2243605457302553,-0.5051492486416452,0.342190078404991,0
-2.708112132721991,0.07249340257516312,1.4535318015827816,-0.40231107482414796,-2.5657719050268004,-0.43060160575662554,1.2776313630383178,0.21617475832870148,-2.120986339424019,1.733542104126527,2.096564139015795,0.8214175061537666,1
1.6312476689744453,-1.405481641314675,-1.7033356883136894,-0.282262666121565,-0.5090269236930206,-0.7554967936456881,-0.3213996565798328,-0.7832479494436163,0.38409212169379636,-0.05801633573751176,1.0764871320241303,-0.9661760265651621,1
-2.582977097204375,1.0048297654109066,-0.35445715345274126,-0.3924851159861844,-2.3106907535663805,-0.13694699470050575,0.3685351925881053,0.260142232305207,-1.3048783697338617,1.6368292761736032,2.2428997073061536,0.40382784722072307,1
1.4452110424729714,1.245344351283337,-0.5002394248028692,2.9642282486091935,-0.1174148539295503,1.1995462963040104,-1.0088255065235088,0.35670245373975296,0.301502183774325,1.5715337028046095,2.017631814374967,-0.12076728519866876,1
0.9944554138850333,0.03722244084665628,1.6453280384992242,-0.6623834742519693,-2.0836274153083916,-0.2856157818115956,0.9479612990883601,0.14485187421541573,-0.7673685027395849,-0.4408080429922865,-0.25806842663920554,-1.3541895644809385,1
-1.9039191529012691,-5.656696139533286,1.4784684343105379,-0.4694439848623972,0.10153920132145938,-0.8053452092070884,1.0375685079203645,0.45747953344986125,-1.5243600996353397,1.886854258738584,1.5899933724073751,1.0502597108236924,0
-3.5064970086042893,0.4444693544668669,1.1263671642307642,0.10121642225792597,-2.6679760391801626,-0.713047303253422,-0.21138608965240843,0.11635012461024627,-0.5972768625663853,-0.42482833164517725,-1.260637154682319,0.4383005017814302,1
-4.389330483166315,-2.6998232664381887,-2.6981836893002544,1.5233519620985805,0.16693402501880003,0.05673209910337506,-0.5005838826394737,-0.6370449332701064,-0.20833247779669936,0.2545331028422994,0.8816907993590349,-0.5335454626781561,0
-0.2612486631593728,1.5402364333966352,-1.2772511565887934,-0.44888705968369635,-0.9609711003466185,-0.5744548381639587,-1.8082778679129692,-1.368545074487951,0.38063546476617055,-0.46273942140720853,0.24273974249668342,0.2119452554502098,1
0.252161102949049,1.5860414850223477,0.276500901307134,-0.7374055213079259,1.1600503093818806,-1.6467496638547903,1.1421061356212192,-0.9413942829061248,0.4617359921526549,0.8688487794749208,0.20203007220922936,0.11177681429301115,1
-3.3071117769218685,2.065564160031581,-1.035725189052326,-0.4931094485597312,-0.2568079122167773,0.09683873266673301,0.7970033921672275,0.0761562368725478,0.8568089609438136,0.6238985938794482,-0.43362950562681013,0.02817227263803247,1
-2.0912015121938197,-0.19378067079072703,-0.5189565812850971,-1.3965799651165978,1.6398996235868224,-1.1662013826108308,-0.9010944144304878,-1.3434648371850875,1.5675555630129687,0.4190910349636702,0.18373078969599396,-1.471776695840419,0
-5.212777853754518,2.3421853067849403,-0.9079025450955084,-0.10436540465854913,-0.4605545672177003,0.28419075615620315,1.0948726474954849,0.17379001385539872,0.7316815594551026,0.861037106838747,-0.4946811534555989,0.5076565285993727,1
3.9245824850838664,-0.41030447594686104,-0.9000669330837053,0.7232955991993081,-0.38797928675162185,0.22162914613675075,1.2402491514374259,0.6974372324641398,0.0719656172699107,0.04409393797781073,-0.4913782348658081,-0.0354237297965678,1
-3.9060298022321525,0.7595285878941855,3.35756710122842,0.5472761087732584,-0.39620817633633265,-0.4275415710821902,0.5738167429440981,-0.11194157827098507,-0.2781345412355631,0.3195884610118012,-0.23495642394819305,-0.5576867325072141,1
2.1024953484941955,0.3247050435990116,-0.8994776964853703,0.14375714132876494,-0.31440642265269464,0.7433157202617824,-0.6742236238095454,-0.9661931132195893,0.773276974965334,-0.13352249011507145,-0.18768909330825015,1.9322685166500777,1
-1.7411080124300413,1.9000979455800033,-0.6215635205083563,4.044263325329101,0.5836483662031525,-0.04757636270651173,0.23254895722947982,-1.1576967450174784,0.053995173498908464,1.7514857953282479,0.10979902391772375,-0.02132214548936663,1
-2.881848430100143,-0.6426990937388013,-2.3611945854295997,-0.6411924368862073,-0.1723755267921556,1.0757557367527184,-0.05887335435674887,-0.20567649253526907,1.0863829639059266,0.25774017595174215,-0.46105693786340973,-0.6141745761962669,0
-4.4184905468320395,-2.448170643621563,-2.6501480260790324,0.04645156022426981,0.06621966863451557,1.0924584571795346,0.46487960456033656,-0.6989219850616822,0.9237039823348455,1.0751122972680585,0.17730779120592124,0.9222641629824951,0
2.054616028054785,1.2754378397734452,0.5670174067353613,-1.011967125362863,0.6879732101745393,-2.282572480848345,-1.0294489237235134,0.36592072478249915,0.21550602479199157,-1.229177567394122,-0.8757176323378185,-0.4710606344072918,1
0.18101380999214686,2.1066608170354173,-0.9537472532445747,-0.880532154742597,-0.54167039269609,1.0636833049782577,0.07654444202118424,-0.1351150286793758,1.0735490452544838,-0.07567837467303834,-0.07986976424503955,-0.6163033465658284,1
1.2579034178407598,0.949388977480912,-1.1630100065253048,0.08737223364597284,-0.8908729893416775,-0.009613608600133569,1.2667809446505343,-0.2778523809459893,-0.13628874440593128,0.5362413970274559,-0.3563600969091051,-0.1070554184473994,1
1.7205070643769724,0.7611483516911823,-1.7738782767980676,0.33094044909038306,-0.8591863499163892,-0.8057324970636704,2.7513944405362305,0.3328021565050776,-2.5643617064285857,-0.296417991673278,-0.26997797563875936,-0.24792081140889952,1
-0.7098389786164995,-1.0665735512250871,-0.22309483718877982,-1.9787933943094078,3.1401043825291874,0.819534738958498,0.20735991396423845,-1.6616100099700124,0.117947554150195,0.4464977120529723,0.05145628683435709,-0.24818846860490826,0
-6.496498607644162,1.4902493555469698,1.0755614804639386,-0.6845791616801854,-2.325764857777148,0.7798468553133574,1.7433987129039905,-0.15598086927827737,-0.363924418014851,0.8291293895589166,-0.4879333046446027,0.5329213377892017,1
-4.1620419870981396,2.279100574387135,-1.00154397051072,-0.9866478580643468,-0.3890378286983566,-0.13845145518016563,-0.597815982776301,0.012322034878525881,1.2278093692679177,-0.2233295900199821,0.07208530781823023,-1.4329737490838579,1
0.166438105338841,0.31155137908347247,3.4108961495933077,-0.6964949090605629,-0.8098528494001975,-0.658200025930555,0.10916001260985692,-0.42651297257033705,0.9989612316184209,0.44133178873831813,-0.4967677340526415,-1.0752511874906798,1
1.3197564980820766,1.0603008360805848,-1.814956640909457,-0.7774696784447916,-0.6468935279666717,-0.5551788906509988,0.8400349092430386,1.376757964099863,-2.0565183651880403,0.7126355295413582,1.7922563169716328,-0.18091127313608307,1
3.057108380390418,-0.7453777044254091,-1.1281816944319536,-1.033168817802857,-0.6170632532869105,-1.4140021812259425,0.2354831319920465,1.8965852839944586,0.3963203952744888,1.2601023770296866,0.678383701684389,-0.49571845340257314,1
-2.5015633526175347,2.038888580833422,-0.20926884280408062,0.1692961388357933,0.13971414596306989,0.6250160989074125,-0.31689717705160575,0.14507190128222114,0.40623402263893726,-0.7004920822139575,0.33029023109836914,-1.1102160815605524,1
-2.4268903369406556,-1.6916262039060346,-1.3466460674189378,3.2336757105925313,1.4498562450680816,1.9458299079377097,0.8059482091685628,1.5524096674933847,0.9513048328077398,0.7375033623825987,-2.1228758248501127,-0.018267639097770162,0
-6.362392409973275,2.51010607191895,-0.9119894510103086,-0.36326968545789906,-0.44222689390541087,-0.08909793024190238,0.27805338551966396,-0.8031453065070697,0.06478468923432609,0.3231687718534042,0.8831806282322829,-0.14341890975395444,1
2.1895738661157527,-0.08054584315006548,1.899201018312478,-0.5474771111257744,-1.578515619036742,0.7344645610240513,0.3960775166128686,-0.19231255379523857,0.595197401099257,0.2821661390518625,-0.9336010555242559,-1.0632740685675237,1
-0.9585944252316899,0.8760736711423344,1.9232179472949507,0.257898785846768,-1.5108237113300977,1.5182604417020233,0.8342104512955649,-0.25324773168068654,0.6337752511737348,0.59550781330632,-0.623774835754932,0.1304524661948144,1
-0.6971277727214266,1.3368182692241648,0.7845999306963092,-0.7423481360996297,1.3693836623091016,-1.8343886898692128,-0.3965919576716339,-1.1096182758132327,0.9867343153746128,0.6267341670210271,0.4927124067134898,-0.9678657207444217,1
0.8045299633150313,-2.9694238257462042,1.4027784757646906,0.6464450699626444,-2.333446557592385,-0.9668561077502372,-1.1493644422214337,0.5631708564220269,0.4101400259425267,-1.1562143886862681,-0.9797907501699684,-0.18578464469393924,1
1.4591180604853629,-0.8360168943351768,-0.29064463099994237,2.424206743150693,2.867563139968039,3.6038966362473586,0.4212384966359424,0.2717527876503356,-0.8787090525112115,-0.49535072863113644,-1.1729387742504576,-0.8038111501602611,0
0.9197530314609434,2.1235010517842268,-0.5712781354761818,-0.8165474251265179,-0.660727428713078,1.1160161378714415,0.05120011893597896,-0.06770902133237916,1.2343938704405606,-0.16377422267108285,-0.009588773067975112,-0.5697354348793954,1
0.45192165182434635,-1.9546885701791363,2.8546055573267446,2.5282194082884835,0.5214530007957385,0.7429766120280372,0.4143086382791416,-0.37150572480113314,-0.6850657022303506,0.2595531203140108,-1.0327088391229446,-1.470255478457487,0
-5.420138694737171,1.350920446187629,-1.2069764836799415,-0.11256262593529481,0.3498881842027287,1.0396493701717895,-0.006178609405879808,-0.13913402648534887,0.7314439410093756,0.3098178501626413,-0.3770195015879092,-0.4320962000860219,0
0.14919266394590916,-0.05152193215612028,1.625102303291897,2.9473999551149377,0.9688129978928877,-0.9839558482098941,-2.078158138150134,0.4021413418256913,1.0263180390065385,-0.5901806690523748,-1.2077771122932994,-0.5554853012866273,1
3.2060739454796914,0.7527427726502852,1.125531436807767,-1.2975291860675517,1.4838611541179443,0.38452715085807815,0.6168607677854597,3.2271047011340026,1.2896817960879623,1.0042538170764044,-0.2819360312989553,0.5328234488553516,1
2.5703114494601134,-1.0148443327104766,-1.1726500786049638,0.15669966521577144,0.176246077181987,0.4582291104186748,-0.6334165686272707,0.7478061623841484,-0.41358978955963094,-1.2679359636467908,-0.6443025557262015,0.9282909123317491,1
-3.675031831291655,2.4162989189457913,-0.5445462649769539,-1.1057168132749644,-0.21327289345555664,0.17283912539827834,-0.3757216304640367,0.1453044861713813,0.4676401481001789,-0.7890937740234082,0.5109193002075942,-1.3552097603811988,1
-0.24742089249172103,-2.8427406145431173,-2.3704197557348503,1.5519138555932945,0.743366729864922,0.7993164549360038,2.3956598973228105,-1.4999857646135037,3.2062517854923844,-3.3233497569035144,3.52728728897878,1.1320015865293467,0
2.7670058609707286,2.0765468729258276,-0.5595511169594537,0.5306203441178422,-0.0176349147022779,-0.7880524368706479,0.8782451544552388,-0.10470833216163683,-1.2890918224493557,0.7670895012943774,-0.2488589471702179,-0.9161684542630655,1
-2.6985888354019774,-4.402247215238248,-3.0001087480695667,0.08787234227635805,0.3056982558518573,0.36567294497518243,0.2097868405125059,0.8763995183070805,0.13653201043034763,-0.1641668463489423,-0.3893815188232714,-0.6011522899098456,0
2.9570163606301723,1.479936502154128,-1.327229300638972,-0.8411015944658699,-0.5534905174380249,0.3230351425632516,-0.26086586030504416,1.420410336794982,0.15731421113929003,-1.6595184396677594,-1.6538840497591345,0.16250240863515036,1
2.8140906987223397,-1.0907145210483733,-2.2078802655692478,-0.18408932495884353,2.1585667972188003,2.4235900840751485,0.07833451631980216,-0.37774260813979066,-1.0601032168226232,-0.3539680222855171,-0.687773600981507,-1.1347255237890448,0
3.461505247314182,-0.41331552724259835,-1.3965680146628678,-0.5476606245635826,-0.6976475034014626,-0.30106002798154136,0.9097283333914131,0.39712555095908003,0.2783569212300722,-0.05398460787264874,-0.5035432005093616,-0.7721356263685789,1
-1.084824036864599,1.8461691069889676,1.0957466863114964,0.045118622674187925,1.5764274898429966,-0.5642043138759093,0.9405558143255441,0.30147999574912077,1.1527930800639248,0.6898563332732656,-0.5978036944359078,0.33399979504321853,1
-2.0189409877778863,1.7731122628649352,-0.5472953623697066,0.4215478151329524,0.14371814935145913,0.5541983959833338,3.400505247012722,0.6283877727328802,3.668206284768509,-4.1074748563015575,2.8533206496057377,1.3742525653794635,1
2.741882074391258,0.17125539272375448,-1.040213667640185,-0.6249911696824749,-0.28369496403320826,0.32932392578395686,-0.1044572360144886,-1.3277818571250963,0.7428653769423499,0.548436191805121,0.5491812880460291,-0.4480777313208723,1
2.2773774057014506,3.49137524494586,-0.5335165670885308,0.3664253197715381,0.5195212788911487,1.6973373620265233,-1.2316513234450872,1.812763022935201,0.13426296450454253,-2.081954102626286,-1.1143120101195512,0.24697439902813648,1
-5.113320629881571,-0.4638382469257695,-2.064310521292585,-0.13751611661675128,0.21030705852812617,1.8555847221719863,-0.7630495090108276,-0.01529100229607021,0.23877892086523148,-0.3752914005233398,-0.940887569762743,1.8186110053623388,0
-1.0054108422076078,1.7925356215528545,-1.1231131766086693,-0.39359195543889147,-0.5484124320045837,0.6690804640223741,0.34849767723245806,-0.25816645803530275,0.33111964624347506,0.39496979860912607,-0.1464672344215579,-0.39607733053149685,1
-1.875679538478065,-1.5969532185101951,-2.323616541421923,-0.9994233012810324,0.3700280496765751,0.8576093393081032,-0.3703540276770987,-0.3009437055936947,-0.17208059369153403,-0.37909891727338396,0.14586052159697246,-1.2692711929141332,0
-2.7757009712850356,-4.188196494680768,-3.2427911400717484,0.5113641248734472,-0.014567682654133614,-0.7165366110505009,-0.583414545507483,-0.6148917737448659,0.2546062512020377,0.20056035254274948,0.8495929375589732,-0.8951559705087082,0
1.6300724302447833,0.36959746053095077,-1.3684432071166928,-2.0512955393357717,0.8560364483935452,2.307994037300175,-0.42761366596187045,-0.7139945757002715,0.19712207676407148,-0.8653090559375598,0.08658317213501698,-1.3594183657045038,0
-1.367725236819468,-2.0437635302657142,0.6463774459727973,-0.25442565793909344,1.8660011176215305,-0.5778270921453111,-0.5596361329999937,0.34978373124885004,-1.4565511058814062,-1.2506357423129681,-0.9840620333840764,0.3219111497970193,0
1.7329643803868626,1.6972465310598157,-1.0441285758286811,-1.4310022736656967,-0.839658979662475,0.25807838159686286,-1.066647334582061,-1.4045384031398211,0.9088733843481822,-0.3661098283998227,-0.0888296344555444,1.0205657454393426,1
-1.7777217551263846,-1.1396149354379117,2.6156527902907465,-0.3145176635668708,0.8366290136346686,0.7290403268767437,-0.2927965546601935,3.3757442023981055,0.6531131276456845,0.7411536536027287,0.9499692120453849,0.7300135885873985,1
-3.5635574816975195,2.6228042162029697,-0.2088799666755001,-0.6848618015591941,0.16036978560505616,0.9429156206929069,-0.11293423151174381,0.09934331760992109,-0.5035606171825646,-0.8022565199840176,-0.47275821860314987,1.7932402260272151,1
1.1521899083027207,1.945350936494219,-0.44467457027073004,-1.5060565924446037,-0.13258204190803036,1.6878412671356675,-0.26203377595143856,0.3997169745010995,0.5101633008267004,-1.2924004716976687,0.19131442410908187,-1.3209982329642616,1
1.8746540106657958,1.8769705378345778,1.7423323796229553,-0.4361678664859761,2.7570342622373234,0.3707766587867292,1.2902984548791208,0.5331399112804445,-0.5663539045095721,0.003794063634232768,-0.4711363213549057,0.2550090462801951,1
-0.7671553152702693,1.7926225063503556,-1.1311410847429797,-0.29091495319717064,-0.6821120438387389,0.6399803111118654,0.1679986840719443,0.01740892997987093,0.40827830287325706,-0.42739565398452406,0.18096208222542634,-0.8861249245642403,1
1.293507276181349,0.9014949375188054,0.7416769458752225,-0.5043763749271555,1.213697080995752,-1.6738056402749761,-0.9592009857337038,-0.2780480848295329,0.7025949076583773,-0.31450660285963183,-1.081998460002972,0.4479246441102935,1
2.4144305522669454,1.1575712232376651,-0.8353885055644281,-0.15256328157074878,-0.594139606471257,0.10635710624043522,-1.019288555103085,-1.6015584902109115,0.25497012327739255,0.006370320867980923,-0.22399105073102077,1.0486145641262654,1
0.8128935677881703,-1.000646136012162,-2.019579406122005,-0.47063985015470283,0.2117931578793792,1.1171879802307314,-1.4077940498149712,1.1917913736600145,0.5181792490228825,1.0124748130818062,0.5426565193379282,-1.3037927370759455,0
-1.9917933347761085,-3.835606183558556,-3.186616119862673,-0.4293446151317284,0.10489919089053408,0.02406023916351879,-0.3242049444091505,2.4367554348702214,-0.16137421854080725,0.9999822808343132,1.0680772392391225,-0.0655428415686956,0
1.5156601013880664,1.3940315716111389,-0.09385749732445557,-1.2682729233392975,0.24238148876934162,0.44628336700898286,-0.21765345949343054,-1.271884375714062,-0.06051720511126935,-0.3822332687326949,-0.06029363350285907,1.7798827316540613,1
-1.5262189951263336,2.2477419210700917,0.21597329181048477,-0.9190522331249826,0.7467994122011761,1.650451077966962,1.202342772952009,0.18117703155630932,-0.8919338777513686,-0.5711867477668081,0.43818756634791106,0.34917959007795507,1
-0.1929896626276092,1.4248823347469526,-1.5353546605592783,-0.16501928696127044,-1.1560263778006592,-0.7753485094450945,-0.5579696515073144,-0.30572513549607244,-0.4370439796062832,-0.6367371492326186,-0.6147250199703347,0.4649753216373572,1
-3.287203352995432,-1.4579782498992335,-0.7261385364458394,-1.3923375508209375,1.8506677385604045,-1.1865038315581034,-2.1968200063549808,-1.117816421561542,1.253549250789598,-0.4982839629814976,-0.2104721524997736,0.12835290078382694,0
3.0893210429267475,-0.7360938168414378,-1.8481246955922819,-0.6499746536579711,-1.2071423832634867,-1.8801827340982313,-0.462930748644487,-1.1162476319176493,-0.6469706657945915,-0.6664801088817621,0.3293875399619647,0.5067038196229159,1
0.7952144416924383,-3.437264382418019,-0.847984253643918,-1.0233304252955213,2.293188239252208,-1.039602298590311,-0.518066705533796,0.23021084885546123,-0.6866675069658684,1.3240516862818255,1.8265130941680527,-0.31670837618162445,0
1.7645698688159035,-0.09858159170381031,2.1161124125199553,-1.5975214428452074,-1.6855387266485706,0.8663198399398346,-0.46736491606639763,1.4467799592097197,-0.2006459586743987,0.6174033015838165,1.0816118243348214,-0.873894895126614,1
-5.279137385669401,2.2284125294250026,0.7676093600678244,0.26479483756918976,0.982073169112845,-1.5897303774394473,-1.5846013919781896,0.408046293169156,0.4007679310350599,-1.3318841457624668,-0.29522832544114863,-0.0016822980203220917,1
0.7552244641616284,1.7014213209948221,-0.2957192009265339,-0.5746414528828878,0.24728190058297975,2.1335925059612073,0.8903634818998726,0.33821460588797336,0.050158797261771665,0.19083497518164794,-0.4393114570249681,0.400926667315014,1
-6.990772630756742,-1.3811540001229372,0.8472401997405056,-0.8451162165677677,-1.2538546343285892,1.3923323441427522,0.9159255409508058,-0.023725426022564784,-2.2290609524951153,-1.2602313410777395,0.7047498794602113,-0.8139341717471101,0
3.6257637509991527,0.9267902443223482,-0.511878778220835,3.747677216518085,-0.15670943852858768,0.3845652136878717,-1.6399494625684778,1.8570249888139596,-0.5454720724978773,0.48517737262921157,0.37554994104723005,0.8308179768505185,1
-3.956426833059366,0.9155694091358061,1.4081687567121501,1.3380941813415035,-1.8885647714852125,0.6289959794232515,1.305640544770438,-0.29463010092601566,-0.21178964369231254,1.369032407303302,-0.8117204473712252,0.436965273627484,1
0.597711143382049,1.5944086366376242,1.3505435756770356,3.4574178077775457,1.7302607165960986,-1.2083717372800178,-1.3516470865433328,-1.203764407488278,0.4176035095513472,0.6142237792759064,-0.4342723740162869,0.8864443821367879,1
-4.927559946374195,2.42568417295625,0.7451598007316442,-0.6054545496643547,1.3431445755308409,-0.9881798854139311,-0.0036595063766260904,0.46995878115057804,0.4963170663816252,-0.4228154604585387,0.28714854116987404,-0.9114624354475013,1
-0.07177349371802033,1.717073232301533,1.0506761955510882,-1.8700544650468882,1.6925981777373806,-0.47745534621779523,0.222254498427415,0.0901610119216801,-0.039455472785699115,-1.0026999998584913,0.4538185763115429,-1.2295317219758657,1
-1.3047962933499946,-0.31249658981172146,0.5206296590424083,-2.0510675885964793,3.7444032189306564,2.115791470493289,-0.9427021176672141,-1.6283924758102475,0.0030534492804338634,-0.10326507809230401,-0.5190339232942165,2.118092113924772,0
-0.8449351269714955,2.109558633000358,-0.5294788071668755,0.3623075662026796,-0.09478803840431749,1.5133943058756094,-0.008525177006913104,0.4052301800173122,0.23943954249741753,-0.22548090129578977,-0.2234054151379064,-0.5977866786089637,1
-0.906692929623709,-5.001616526820076,2.1177394382049184,0.1672887014054709,0.633729045720634,0.305181045564251,0.5570256663115309,1.0230792052625535,0.3228001693137261,-0.08830839507197895,-1.2895413431615368,-0.6968537673800783,0
-1.3454095004835525,-3.71530074729224,-3.0427527497322893,0.0798619962944557,-0.02569449531598561,-0.662358959782471,-0.23480147600791867,-0.9520685352833341,-1.1752509034133145,-0.2373175011089726,0.025526289021135743,1.4908119580442352,0
1.4346793600627725,1.316509970401075,1.0996115056097735,0.32217710612599826,1.756459071338463,-0.9460885404499575,0.5356758913884297,0.6075833155563147,0.026344326742406558,-0.21348386427775448,-0.4201781739841523,-0.8911759696984463,1
-1.1434279062822528,-4.862301458848288,1.4274041951597154,0.36098003029664866,-0.5267638507578045,-2.3157927141431873,-1.6813870544644016,-1.3788795970557488,-0.20068901571238562,-0.7079084391193046,-0.1963831164906907,-0.6023388283919126,0
-5.68819291564084,2.653701838327535,1.0201622390810532,-0.22824512848179812,1.370255187373478,-0.8386199715558676,0.11207964606981505,0.5732225304338784,-0.2846884424977257,-0.9017067665740431,0.6441650607067977,-0.9804169450000662,1
1.8587998553846468,1.9157278766129655,-0.38479588450522595,0.05095682086100567,-0.509165768313886,0.7273627437055701,-1.7001202777275701,-1.0844049785108427,0.8990344961422678,-0.8497319718826132,0.27766990026239496,0.8196658352540013,1
3.5353330689849214,1.1319980026869652,-0.07203105686160151,3.975018854744101,0.599867007938157,2.3782303169498986,0.5040937644214366,0.4239002972700087,0.9692213064867913,0.5712872609628968,-0.9986633201811721,0.03716575758289119,1
-5.744344082803364,1.1083004645362466,1.3845860202634563,-0.0047032105192026654,-1.9134831615802554,0.3302463456988085,0.3781927389422468,-0.9119463154357754,-1.5543613427920437,-0.656605014603131,1.4473834727037227,-0.8820155137147216,1
-2.0815528884772037,2.3427000120812487,1.5746436088384212,-0.050360077740244126,1.731413259577179,-0.2562271538515875,0.20106226819717327,0.44937187705652054,0.5090578490774043,-0.46357667419209386,0.2181382280017246,-0.47516194425403796,1
0.005306832099352553,1.65434674832133,1.029043170457726,-1.5388311324989652,1.2518864527500182,-1.2793229958286738,0.9269184846662709,-0.746282563510299,-0.7652568564810164,-0.6043769902590925,1.2666529609676913,-0.4668191201211043,1
1.9673975030743975,-0.06031255989803914,1.7473277854062281,-0.8074339750581616,-1.8300952692861188,-0.1148776565756395,-0.16778344289030445,-0.5739515047265454,0.1099048520590123,-0.33853544533784646,0.023432731604643736,-1.9038376240843404,1
1.8116993739800564,-2.7850555543618727,-2.3004729136250823,0.059946313880569195,-0.06260809711707276,-0.41521314762473593,-1.790936634324944,0.1787078426766926,-1.100387018309972,0.3072837811454422,1.5482657372535615,0.9809525999309716,0
-1.5902317859778277,2.0141442067195254,1.4663790080917247,-0.5119647718641184,2.0674175106453956,0.0951321651791143,-0.07609955790279123,-0.888498636212819,1.0730597917629876,0.45818172134035334,0.4857515283547445,0.0694733418864539,1
-4.63068209082512,-3.967024017545484,1.9772987102482757,-0.02824547486668248,0.7065372600901603,0.03250052966588643,-1.9200347048501296,0.08195737364696036,-0.29782722073423656,-1.2432350490365143,-0.44061118222402923,0.10026467765527323,0
3.098969938318902,1.0122557439148636,-0.05552040181642753,-1.4526561652329002,0.4579288752594903,2.2062481772881197,0.7073290230461319,-0.8377248886130589,0.12138091943144196,-0.21197327854156592,1.1143882153267226,0.8388557539247121,1
-0.614956612002344,-1.4643423094565073,-2.427557210507836,-0.9476165085023996,-0.08512562909021683,0.4272625738810264,-1.0255128226590924,1.5772856936911641,-0.13227742273771192,0.6520619122787911,0.993632995526541,-1.2443805466035585,0
2.3830523354921205,1.5875019057198612,1.2040882554886667,-1.8296113197334016,1.0938351057108526,-0.6046039846499119,0.5711668791010261,0.047299359745381804,0.9451178627516738,-0.34459437135458354,-0.030034035575535068,-0.6794442039428799,1
-1.400360069248582,1.6059194199539044,1.0526587999694659,0.13420649713226496,1.7388421902853997,-1.2195618013347453,-0.4881706801695518,-1.0517371387606724,0.7323734741411688,0.5701861183768506,0.5325291532811716,-0.7646206615299431,1
-2.830366194637311,-3.9798382606820053,0.05466463554079814,0.9183826048591412,-1.3953843154535839,0.33758013847732055,3.9730656692892397,0.08315419977043718,3.2320248755179386,-2.9509119279326885,1.908032099691588,1.6102389321798936,0
1.8185148455363684,-0.9777243068508789,-0.053387284256439044,-0.7735475546164227,1.933792547226909,-0.7995505761631938,-0.7099254265887417,-0.10492350872940176,-0.18433786719616307,-0.7841654249449654,-1.5115082328979956,0.17000806764774606,0
1.9336442450860105,1.667794549981771,-2.085222359897238,0.22574035689813549,-0.5399738284062257,-0.5687819542558986,0.7005667047019823,0.18716774711483605,0.28914692934889147,0.5426870553862188,-0.849386071279317,-0.9881337961302104,1
0.14352016086184757,1.9776137867658226,1.4425784657914928,-1.3475770626693697,1.674754748211506,-0.23741595679029392,-1.2066373398632517,1.6526795106999281,0.6651825110273822,0.5728141923054111,0.5173416719992138,2.1081869220769134,1
0.8080882139381601,-4.838570043647945,-0.7398283621583638,1.349367068136131,-0.5638121019463873,0.9038195467417295,4.894866922996645,0.28025278789002805,0.5919729502043851,-4.778715365976254,3.0292125408774924,1.5285077585785791,0
-3.0855749825103764,2.061997655857349,-0.5668174999318054,-0.4617404781576599,-0.11179944987911365,0.7392293533134097,1.2492221819515728,0.09867543213538314,0.7419811818228067,0.807717260988547,-0.5207807644417441,0.7380738036345982,1
2.10717114405969,-2.2521961857518726,-2.695932695752413,-0.5762716107367915,0.3905608284823915,0.37655383387530333,-1.2896402038146164,-0.3997264976296551,0.3670079267628717,-0.5138976292570248,-1.7422706440893307,-0.11384047901067401,0
-2.8771676666641253,1.4674196475723154,-0.6470886989493981,1.1526302737944234,-0.03166893472432343,-0.335396963593414,0.8045931312808985,0.6939714534339632,-1.0640584224082426,-0.43884028825115506,-0.060903774098524946,-0.8175152815708105,1
3.0536503888941104,-0.0005768892840071109,-0.7860364506440306,1.6550105299329805,-0.25077081140003343,0.6169422094762657,4.153344055260769,0.25643157397301974,2.5921426082486074,-3.928034598147002,2.6663661245017503,1.5866704240977008,1
1.5155266018132767,-1.8376059037710992,1.2855087213668297,-0.9337209770980767,-2.306668995215617,-0.6774789271516668,-0.5081942073399327,-1.7199076082640634,0.6034431347334321,0.5715325583436034,-0.7400763429366977,1.1454540376419013,1
-5.73698805493687,0.7783968334618521,1.3106092528878037,-0.36973196692447585,-2.713496124021652,-0.3512614660111447,-1.3137396727551414,-0.08089622630184501,-0.5190746737647652,-1.6574337340988443,-0.09716903426380549,-0.42659905955482386,0
-4.799111914051144,1.8665220325865806,0.34052735815906426,-0.051382126238474046,1.1907055792933232,-1.6270608487260814,0.2986600039268722,0.11985126660637477,0.58374682656545,0.7183211339611957,-0.36261912288478515,-0.5879337839817269,1
0.12416382534293541,0.18834673311181735,3.66979505429914,2.8707573410732006,-0.5942106856961712,-0.19890398146797694,0.14188936241266928,0.18926808870527492,0.30443757393327575,0.36274600938410234,-0.7255346735754118,-1.4379858216926098,1
2.4297015097345533,0.9439121687772041,-1.969257593383722,-1.0112572378479594,-0.677040338152916,-0.6250675783501892,1.142640759039681,-1.4533952939277652,0.3236237719176568,1.4851611194467784,0.045026982397825675,0.21671616944626296,1
2.1061662705550117,0.1494204601222823,1.8246052656433722,-1.0435179769817113,-2.0468463021220216,-0.08403804382850794,0.37900699344472705,-1.7069620836092234,0.6448040701553913,1.004853574340254,0.15834030026235107,-0.5241954744692621,1
1.6012235819201088,0.9628587735925218,-1.3643423788350326,-0.09165038594109912,-1.4399319652082276,-1.0027465601167513,-0.7309228750088828,0.12726353292350429,-0.5818545005735062,1.344819828540264,1.147969318240762,1.9672630689509982,1
-1.4646243222869981,-2.5781537926928406,-2.854914781263847,-0.01871982965614638,-0.10352942939392246,-0.11545936751966603,-1.572316220280835,0.22062342532458815,0.5335447624279993,-0.6938422822888964,-1.3335825675097908,-0.04183268144789531,0
-0.5421550192291014,1.8068024650221381,0.7022156085551304,-0.9863661765721226,0.8938147602520787,-1.212878148214714,0.783158159619923,0.0585817113899679,0.09903370838415809,-0.046130586361516394,-1.1997935817166958,2.0421408039601663,1
2.572460590344981,0.39564946884836305,0.6420440505132883,-0.8099876952051427,1.3113170578683726,-1.0309322409740318,0.45716266128081245,0.3076019234504941,1.0858089394927792,0.2974030209424394,-0.9062665076183,-0.8886962388749741,1
-0.07277185326191607,0.42821183406903923,1.5601958281386328,-0.2790995931685567,-1.8511402476075147,0.12330578378112564,1.6782704706026463,-0.45321392586673587,-1.2982429022894697,0.3256512550445068,-0.22763999402668852,-0.26504108724513775,1
1.8114592043232651,1.1528203796732188,-0.9178938969652732,-0.6854589436376711,-1.0030611728236878,-0.2031238516771244,0.8769099927384881,0.3552239532708606,-0.5449105760389502,-0.6839065597493321,-0.0063092161179271284,-1.1129463590429207,1
1.7766520635775127,1.305876367921919,-1.3139541418330813,-0.9521716064409261,-1.0530162790348843,0.5263113626551374,-0.09861814729084695,3.0322554074054398,1.2915152587737178,0.6912569786174941,0.020234791267772445,-0.5453164672683544,1
-2.7441937368410088,0.8305017883122445,1.4258422905450117,-0.19980813554535437,-1.8185821166556388,0.010906085969943025,-0.8611250684905651,-1.4132175797139936,0.3549887413444152,0.344354630447032,0.7634487757590674,-1.430129166768798,1
-3.809388279223423,2.1022433537947074,-0.6078770627956819,0.2961840354866001,-0.37536127360340565,-0.5076044989371719,-1.4437686996350154,-0.12125696346288141,0.17324348733239506,-0.6114211409658619,-0.5614373389754443,0.35488521143091006,1
-0.7434367860720614,1.3064335898784911,0.9376561022004785,3.1600093691238085,1.7320401312244125,-1.4414297322780885,-0.3232936922467463,0.526056650799909,1.042172640893665,0.7045630210126033,-0.8561700827376263,-1.5352674675868458,1
1.9836659662970364,0.8021442566774527,-1.4739196168042568,-0.963256075947718,-1.4979558484345485,-0.7019599997250493,-1.7897771935368638,0.21524779449820375,1.1056725106735477,0.985562767448699,1.1105058903503602,1.286421935725389,1
0.2557450903392086,-0.6714876909662453,-1.3269058676954495,1.2255813720289719,-0.9179249844527044,0.3121849575164959,1.9420900184839653,1.8551699013289007,4.842263839177786,-5.038068700955575,1.3011505674170356,2.4069861580487815,1
-0.618809351573445,-3.792153789628348,2.824320980253127,-0.12280974498328229,0.02118493096036031,-0.1672199974033444,1.203584519822849,1.000516335439415,0.3171093100361705,0.2029511581484474,-0.6447028170545337,0.30810467625572696,1
0.5459086434339359,1.3466874409334664,0.6101869602171326,-1.0352279801878144,1.1369313509794874,-1.226465577258186,1.437833638329159,0.3205101406622575,0.7349897920073845,0.9609177634136458,-1.181245588293052,0.0370303854522986,1
2.410245156486841,0.8268789354032478,-1.4905100603818793,0.15219592565191384,-0.9659598560828947,-0.4935847614336239,-0.41891345306066835,1.7733272299686984,-0.7226808780172891,0.7123011069170899,0.08606879162091437,1.6367839017393024,1
3.4108893353840912,0.43242095533291675,-0.8119243132220091,3.7020499135864116,-0.5220466195910733,-0.26114466920055346,-2.619294196500107,1.9340125051835866,0.6310054603626596,0.476390787603173,0.337187543393392,0.0674938428234676,1
1.5880564449597825,1.2985331032283973,-0.5811220114827655,-0.3903419921352013,-0.22467297598913125,-0.7245305146150022,-0.0045853758120656405,0.3437372909039155,0.9464794105934798,-0.030810879020992908,-0.5186740653854045,-1.418634598210997,1
-5.205724377468155,2.6213661758092037,-1.7885304729634488,-0.19489971277254511,-1.052564576048521,0.1468135595007554,-2.023652535632075,0.6139814639934588,0.09433627925335622,0.8389075476854151,1.6213013946330697,1.6977417976562719,1
2.1642529972273206,1.3446433613536748,-0.7102041155778238,-0.4063923963591363,-0.3081959486894221,1.4019538236193154,0.3816031384796074,-0.2687437338651428,1.1562336275898886,0.15020628600401187,-0.39768614083012516,-0.2736023426839399,1
-2.509462570981858,-0.05486451968215161,-0.3450455638908804,-1.190684832570792,1.4533864785610389,-1.2772506955695506,-1.2923694306429019,-0.17350018306392556,0.46552337086242646,-1.0247295394134428,-0.8378941175112806,-0.033754679591429804,0
2.399362960216773,-1.7439160097451554,1.188769073311043,0.37937968127030774,-2.541584828485926,-0.8433604761668001,0.9230441050427903,-0.18807559769384688,-0.21108387206748136,0.3644359859258013,-2.149645470490203,1.2432536892184614,1
-0.7685678854708509,1.634669294002198,0.913227933698396,-1.1276714479693672,1.195382958891325,-0.5272548379308323,-0.5910026115186223,1.651331103892073,1.2815928381634014,1.2570722772395286,1.0906909611953244,-0.053978742979080514,1
2.130327791231704,1.3111041228668738,-1.294495426034888,0.30521066478126013,-0.631785869087978,-0.04662911898164395,0.3756304630730303,-0.3441850870288673,0.5814027544084176,0.4995773386904228,-0.40291834541761223,-0.7450511454217689,1
-0.5208379487165543,-1.133641916091234,-1.3161493645684332,-0.3960468859598845,1.1196240316094381,2.4162920065272453,-1.4974419881321386,1.0892526933248106,-0.6191590393792581,0.35287917584455236,1.691912728970832,-0.647262545601666,0
-2.733263032298873,1.8382993869094302,-0.6766047179896149,-0.7260110497852156,-0.3579841639453962,0.21241984824905208,-0.18572400982243964,1.597328410657435,0.180545497118653,1.0038839930900108,1.395909265034628,0.035675304503143365,1
-2.6993044224935767,0.9024829926761575,1.793648873835653,0.10368098137734334,-2.05584464235055,0.8957436472012346,0.8470924762773402,-0.15328657410087132,0.13313815374876434,0.15956201232819633,-0.27219798563515424,-0.3024529688625768,1
-3.406548420256127,1.7789113921789141,0.42783895990878507,-1.1739363454700094,0.9697647294366303,-1.2775461696315338,1.4913141282335431,0.14560874041654281,0.496833035005408,0.6408656370753509,-0.5341269639713478,0.20494494686020256,1
-5.4769145021443055,2.1418767226996365,0.453291845862388,-0.34275447306919643,1.1443248385658529,-0.9635229813660943,0.376499943526917,0.27572893539796234,1.1609167466796402,0.5329136766420324,-0.4299374923401271,-0.28984459094490506,1
3.082938744410089,-0.6410309497172172,-1.7019691787061566,-0.4728111608171951,-0.9896384459758216,-0.6570115686434267,2.3235602621867173,0.3790907702166897,-0.6364381686490732,0.415483916801239,-0.7714871465291462,0.12661572895832152,1
0.6804489607188258,-0.24723387369596025,1.6183137119125293,-0.17567708568249232,-2.3704670739117444,-0.7816691993537331,0.7325804220064813,0.153088358726657,-1.2120250403930617,-0.9828140220802934,0.009015264303585055,-2.025820051276086,1
-2.356189976097736,-1.509466677136304,-1.7913596482851264,0.23871711050758798,-0.023715496131710326,0.8160640102300386,-0.8918354163792279,0.1659864732898059,-1.1515716412733512,-1.4541414755789692,-0.7934157743318841,0.2993950853944151,0
-5.567091598963021,2.238378298342956,0.3909148634841117,-0.9291105870834689,0.9789209391029096,-1.307864210906389,-0.1865632897995545,0.3146167296607391,1.382591585014172,0.13180792584330903,-0.13440635836861217,-0.9505786208687931,1
-0.8092260989771375,1.7757880756070612,-0.32042742792196643,-0.3960703211102785,0.36239279583937245,1.3877437719633612,1.5760797345160131,1.0715684122100373,0.7254126795152545,0.3934480649315809,-1.3294528799485537,0.6466363353102524,1
-3.1792524894718026,1.0217609547698112,-0.07081911899167306,0.7249320389422221,-2.244148750207529,-0.17766013208601053,-2.0901965911003817,-1.4026220609974729,0.38225351997965956,-0.369728037943169,0.16414922618641428,0.07516452893055003,1
0.09923478436830528,1.102040851591658,0.6111395461427529,-0.6422224975073024,0.4311699223260884,-2.508037256983279,-0.4346312058055794,-0.21269898012495533,0.1893732200299354,-0.43083406090562004,-0.9419942672009077,0.3999361924640182,1
-2.232544726724011,1.7937186876223392,-1.2974934174544719,-0.39981007029838184,-0.19898141363210753,-0.5588634302054307,1.2338871409181231,-0.2052982236948317,0.14299847283755399,1.1694378911133323,-0.6253837692202148,0.12468228827618254,1
-1.087170579482885,1.0848409399522256,0.37348563572263965,0.9259901388561228,1.5263729447623862,-1.5936774364859065,1.8238093223119975,0.5927288448544878,-0.29429065829160017,0.9241961212372888,-1.1287596238858149,0.19139732339049687,1
2.3455265492784756,0.9069965643884816,-1.3465551910871023,-0.6289475812939201,-1.205475921563043,-0.7484088234415524,-0.2768997886372984,0.06655027458637387,-0.14226981268461386,-0.77619519193085,-1.1456344665928733,0.3419175856526151,1
0.0676544978723644,-1.06002648929416,-2.2431424807514655,-0.44165749247978314,0.7060771663862155,1.5336280245646539,0.45266069702725986,-0.8261728102027263,0.1039687046622562,0.8170643816893869,-0.8568585505167268,-0.2980678575214842,0
2.014269361005362,1.1330522058978145,-0.5143321204066903,3.7326442953245884,0.07283014555763163,0.7976351287793402,-0.41681383649897,-1.4006186614283371,0.5609604466614061,1.1608946915380243,0.29814132775103186,-0.6041886256898176,1
0.857356089957399,0.6223243696718945,2.0658422578127262,-1.114050629609117,-0.3095613059363717,-1.199897762530238,-1.6296421842668394,1.0422650188869265,0.5705379466192958,0.7943677087171215,0.29913648752455696,0.9546422260721921,1
0.18749084215810527,1.6152967447525135,-0.9060220433498896,-1.17230598623745,-0.6698204296799383,0.5979600421284943,0.1630423742730454,-0.9684758572734473,0.4517321024717196,-0.13211820022333637,1.0258441465730486,-0.31943073232433167,1
0.9122360414391328,1.7864098992103024,-1.03489777667745,0.8293135392637728,-0.4189984643085368,0.30065141562538095,0.3256091015084492,0.3923308083637747,-0.28814651509377653,-0.392413049704103,-0.20998768226668815,-1.1175065427705115,1
-4.5354460921433155,-1.8570269699882413,0.3161649446838607,-1.3216413908872657,-1.5750095273454803,0.4456460359488545,0.3980036890254529,0.36943097689542276,-1.029581977015837,-1.2400063533170071,0.06248623820351177,-1.7677931611505109,0
-5.841081391582868,1.305081505511381,0.9443394915606802,-0.5610263714929961,-2.1951834823670446,-0.08835886356256199,-0.6332465435867042,-1.104249869250351,0.12783080421312323,-0.14136866761111472,1.034288663299065,-1.4940979927959768,1
1.6231672359094722,0.029663444353448858,1.3933150809941677,-0.9223301291731436,0.2870198397453139,-1.2247066673603546,0.31986699803178276,2.049615819255137,0.26351239156112,1.2040381105422855,0.7583862354303434,-0.05577999072269259,1
0.5198147577153855,0.7201043463695618,1.2835311530594724,1.5498798556555702,-1.4450375749712763,-0.051633096531779714,-0.791842063842098,-1.511508093332547,0.42799401733129483,0.3259785128278092,0.6425385503648882,-2.065741852653167,1
-4.734463827762796,0.4698442713216229,1.107120046376328,0.9687272339303347,-2.147093179730305,0.47828168359282996,3.336542237296724,-0.2690371405864407,3.5393793136134852,-3.473287637470617,2.7973911326212106,1.166765904813284,1
-2.7375767218290368,0.1488787495300618,3.1981746009722083,-0.9013386829548262,-0.4299946301049564,-0.35046608589736533,1.4003361558862655,-0.31581505538316346,-0.26155131931928033,0.7877331835744202,-0.5518520753976414,0.09853907574594477,1
-2.0851934357759325,0.04809096987320046,0.20007387142575855,-1.3388750572667207,2.572658477043532,0.3331647554773171,0.13543460258172277,-0.18907576406130472,1.0632846987957998,0.3350922128515744,-0.6352368154952803,-0.37332914317062627,0
-0.4284005617301686,0.1839406674531715,-2.015748820706607,-0.8503438384469855,-0.3683553287440719,0.26312055697863374,-0.802908074678724,-0.29616451982592645,-0.5472577190004078,-0.866016895461226,-1.2280172225460053,0.04583746219021645,0
3.1224521393079954,0.7141856720063801,-1.336354084356562,-0.14341538709898835,-1.2120700855095288,-0.770838486460526,-0.3515171482587471,0.14336084722313555,0.6096062326790342,-0.28156477305501615,-1.4708494041488391,0.630836226723811,1
0.460022619228308,0.7283660626931112,-1.487851991456389,0.6199260738955793,-0.42080037852837027,-0.41107930329656206,-0.5644440448503876,-1.131606349992373,-0.09073825616154517,-0.06313071782706473,1.0100381728361285,-1.350868633788215,1
1.8036118849239582,1.1778839863814776,1.074832361913957,-0.5724295175151028,1.3880920240120593,-1.140745377951993,0.013061354598723176,-0.18133643873052027,0.37190866006513895,0.14659730309599156,-1.2530486275169839,1.6208414380154672,1
-1.876226392180692,1.748602681197168,1.0699164873705662,-0.5952830466162651,1.5533134810836962,-0.9662521824310685,0.49194608090392816,-0.8646918347925229,-0.1709902677641266,-0.12412181504627441,0.8483893480467379,-0.41214273087548176,1
1.7319304582454258,1.0833139185908458,-1.0162314482824373,0.7477166053405235,-0.5903110570496906,0.23135646740732208,-0.6611380847542755,0.15156653276281096,0.238275897080329,-0.47554609346075666,-1.3532105812036472,0.7531025106794387,1
2.53424148475328,1.0157222656226432,-0.8622072075381031,0.1984419105165999,-1.1595239126182388,-0.29388030984814917,0.4256028867611304,0.22063939854166065,-0.328738262608296,-0.37171414252966467,-1.329837490129984,1.3099475527028634,1
2.011203763023987,0.9200776284336429,2.186634164301509,2.719928699589096,-1.4400162299063226,0.3973512793331859,-2.227528608798264,-1.533190746379564,0.9236086579890879,-0.24116622604090554,-0.1661134090562517,-0.27179038643235154,1
1.9817896572052562,1.163176368266874,0.9030390292197231,-1.1816060178297785,0.8121248173470025,-1.5272973850113232,0.6648520352322816,-0.14431199911219614,0.4339209320247225,0.08476939333996762,-0.16369687790296963,-0.8738573499047639,1
0.947587672150246,-2.784128772679785,-2.6339167417905283,-0.28195917930264713,-0.24823658707868965,-0.5539582350366417,-0.052837848322882436,0.32078825767167,-0.23539969013695153,-0.8117923883078675,-0.2278450281688373,-2.0287549349062166,0
-1.41161453996428,-3.860505665081695,-2.5406841145150136,-0.0487347438042584,0.6222998112638399,0.47639947407486133,0.04469398654076407,-0.8511916019540763,-0.7889362457884405,-0.1341475566318047,1.0143295496720495,-0.37681801382004604,0
-1.8602163392156426,1.7627189483455254,-0.6904572751179517,-0.045532741044983595,0.0013141624995211905,-0.2945205730758679,0.4622350612994795,-0.0821838212442023,-0.33566529011195223,0.0493405733424061,0.07229924264075403,-0.7472794166121081,1
3.0738072660543354,-0.8837907486326042,-0.3332829756282834,3.9480833435814366,0.45148509177492374,-0.5530236609151493,-0.05383683978827736,0.6353813753042815,0.5414381017502743,0.18949903969204118,-0.5803097054370433,-1.466004313756836,1
2.9266063986749553,-0.7988809565975605,-1.2626043180263493,3.023678641457206,2.004028243646202,2.6612392577272654,-1.1507127711220655,-0.28242531550617045,0.2271271992545353,0.0006375651173609972,-0.7382009382274678,-1.770656370682339,0
-0.2611841498008526,1.8110124628304223,1.533936385326131,-1.1725044265493751,2.229074542620399,0.3576505664329013,0.8953141495966794,0.19331397564354047,0.30680983759710007,-0.1424214108109884,-0.0656824253492512,0.19788309116528663,1
-0.04249626736173651,1.3769380025772833,-1.0440956091687659,0.7132599632706059,-0.5752090807953499,0.26600045841434483,-0.06366210446207148,-0.22210769164033695,-0.8192191505291133,-0.39683216667665755,-0.7470613305974921,1.4003377730375377,1
-1.4726944755378797,-1.9202238445329032,-0.42464435311773824,-0.2726455858174082,2.9308434972801503,0.21896183322054086,1.017241450619251,0.19785537284850982,-0.42704982165684324,0.4895031901972021,-1.1340140167882056,-0.1114927892689119,0
3.3807226540210915,1.7124671989246136,-0.8947171269510092,0.34179538164627055,-0.17133526195467805,0.33724284663972653,-0.8816008175928026,0.2172733109811453,0.04838005780781026,-0.7998085592576015,-1.051766448211883,0.5027299916704914,1
2.294261063291403,-2.134982869845349,-1.2455314608164745,3.3619906588400235,1.750105094967904,2.0921331724658883,-0.25535115926864266,-0.6542968940512602,-0.4437655894304528,0.41195041627801654,0.2593359249277854,-0.3741582655497501,0
-4.160974198335063,2.4947235864291404,-0.6306655446283014,0.1726538826403503,-0.3586052636869913,-0.14065517188425564,-0.9112635929761662,0.1337725515502572,-0.11872438783040323,-1.0474057935803185,-0.4033787407933705,0.6735965894386611,1
-1.3910057627226038,-1.350450114758481,1.3807030530613822,-1.4870461685991356,0.08563722537557832,3.318474489334083,-0.36496446375072494,-0.8678184998619938,0.5140493369967241,-0.08579419670352541,-0.5274801059592051,-0.7013423339472814,0
1.2321580202998474,1.8695733364390175,-0.4623522304889213,0.6223095882613083,-0.727588050564723,0.21429743780749758,-2.232565793017563,0.32610525599096046,0.008405160104819748,0.6963469139610637,1.6407765579841913,1.433723326052535,1
1.9686632724335587,0.20973172620897543,1.9691124621377645,-0.23676273780605434,-1.4594749389800719,0.9420721166675062,0.69895349886497,1.6590226154569079,-0.7534283827272557,1.3613965581872842,0.7000542642138432,0.39101311966214414,1
-2.011788900840533,1.8042873421200598,-0.5116878185752562,0.8584989381080644,0.3376779217707001,0.06416565707280555,0.0906714054473429,0.6186832559468979,-0.39142894073201984,-0.4546750415696477,-0.07060749051636338,-1.1282282899158003,1
-2.091387221748583,-3.5424693999561043,-2.478171717243959,-0.0889467878571424,0.46431557380584826,1.1563039627779963,-0.25485807480814526,0.4723432185806261,0.804645628482377,0.07187353213306924,-0.695827006661157,-0.7041960922302729,0
3.070378977167514,-1.7465566104961983,1.6744291589684652,-0.008725935256733748,-1.7958022044654318,-0.3191120847746945,-0.2944072744281291,-1.0584933833819719,0.4282111897448843,-0.024766119469510045,0.13251519594774164,-1.725924478801547,1
-3.02303343762559,-1.9089115631250995,-0.6359830506124091,-1.5072704448509227,1.6855030252990775,-0.5211744475481218,0.21490765657683156,0.26632758626372766,0.8482717707939337,-0.12052133145300727,-0.20632546981994015,-0.6174820926968304,0
2.9473235867147207,0.3934994946825292,-1.2889987963177643,-0.994282094845753,-0.4774546737440236,0.04328814979288141,1.6975301484321834,-1.278345409058127,-0.3626676697912631,1.1175117016570628,0.32878609929269154,0.8406364707088229,1
-0.3244742869232647,1.5618710079628695,-1.3722429089596109,1.0498072906198836,-1.013381257601374,-0.262280564597715,-0.05038729212019589,0.35722811940598675,0.024098006859535233,-0.005694917508309647,-1.4657803634013604,1.306871336788479,1
1.3039629799406862,0.5939939139599624,1.1197726411737723,-1.0145888605819138,-1.8394157799332178,-0.17130511030188764,1.8245248439232513,0.03275771071064051,-0.618444494728036,0.6222419710900058,-0.87264696222842,-0.29835959071424983,1
-6.10526020267483,-1.8410872502146975,0.8333340815934159,-0.16085634402450838,-1.8197187065287255,0.17557150223473245,1.4728261941401466,0.36465771778553885,-3.212781697147433,-1.3521335159067696,0.43040350317926923,-1.2728926090465422,0
-0.010578174105740237,1.9642032069019972,-0.7060183914535569,-1.0694846994718212,-0.20948372703372137,1.7913239573271893,0.42372926833844615,-0.14399226988138977,0.87096933150189,0.04941916996978767,-0.13482124782226698,-0.001809463398300967,1
1.2424019681415612,-1.723067964697825,3.1600221365058205,-0.5731134536410311,-0.5353697856001329,-0.7832548750499321,-0.7686708260757684,0.3399774106942923,0.860757117667765,-0.5056662763252012,-1.454570165997173,0.6063341710322517,1
2.8721853492457856,1.5073904028567378,-0.21657411855167125,-0.5596333838731662,-0.18602318016034677,0.8407021206072767,-0.25303911978607524,-1.3100303431959812,-0.7834515366429964,-0.40078301281749407,0.2599556740996551,1.8895867885509365,1
0.6507457172197498,2.325146696234749,-0.0692400685386865,-0.7604998416479523,-0.5129133173636536,1.9945790563863668,-0.9289454682002125,2.6934774477788954,0.38773773748061635,-0.03940643636872247,0.1459459303848677,2.270917096334858,1
-1.868224786930289,1.745372123795058,1.0104722585168227,0.11225286958889678,1.2939733834037186,-1.7356220125529114,0.7410275092279293,0.23030656649508346,-0.6743330275220446,-0.23447260007748752,0.2379380741540275,-0.8424435027950714,1
-4.562916452149473,2.5093373192119697,-0.47581468796258214,-0.37029891509969726,-0.14578762846031085,0.5178383571155437,-0.5593245353674702,0.18858942959704403,1.0724296321026567,-0.3149357704735919,0.20616377718894224,-1.0060808256178255,1
3.6629459223784275,-0.10556460474272106,0.005996066714397917,0.17390168453416358,1.8390255553287067,-1.555355416071504,0.8537135811928904,0.5741768388053239,0.027903753760395906,0.07651714366631843,-0.7083898098657988,-0.9426513536403552,1
-0.09535518780658687,-0.8129325620710313,-1.761709211813715,0.4360543054003941,0.9451415196527632,0.5244189415909792,-0.49888382362321193,-0.2713380230443275,-0.6072925514590573,-0.4705812793821925,1.6565979524634198,-0.38690126186625357,1
-4.113413245439532,2.4460631634381285,0.6010719974444545,-1.2410886069477711,1.5595664233790394,-0.38022303062586726,-0.1343094759400754,1.7834275689060068,0.6836917177780293,1.5726627725673248,1.0974674062899237,0.5623358241225358,1
3.7337059588829566,0.2842644919278958,-1.0699872983934169,-0.7377561017470752,0.11497411543888172,0.47799070042048436,2.541526668144897,0.5327157689506163,-2.6940438646633127,-0.8856303254623218,0.2244951833434401,0.10066959499952305,1
-1.4774318644586235,-2.8444867285931297,-1.4133006632267118,0.47101895474620026,1.244136540820355,0.40877050829214145,0.27919005413175085,0.9405241142905869,-0.7633187725909162,-0.83348669717752,0.05337984657048005,-0.7731929763989882,0
0.7740856533429334,-2.2000123501556614,2.8217968708295715,-1.196979529700331,-0.5517361942436523,-1.4717616889741674,0.7910631767281777,-1.188373630165113,-0.9911511598101233,-0.19031583373309827,0.9059517630275472,-0.9369906032028317,1
4.562960895171562,1.8467834650803738,0.09107261417836465,-0.3784064464788957,0.3286216964925312,1.6201734699595334,-0.22569590716300864,2.2096809500531394,-0.6119540635765456,0.2104068317532017,1.7087297898994194,0.16270862008797324,1
-3.747225451780675,1.3620872882489532,1.6234092561482951,0.28174305164864705,-2.0905186912174605,0.5945001760741864,-0.5422176417806456,-0.24099846084310664,-0.36655207625032243,-0.7258848082487788,-0.7512101610161586,0.8248794458717771,1
0.8290741411318551,1.035266967593631,3.404657725767343,-0.4105303174291153,1.7223988227215752,1.255790470495513,-0.18772035759111402,-0.6873053529289657,0.383551564712838,0.09805541747695404,0.3386892829903581,-0.1246504071483133,1
3.7656494419496664,-0.22270174603539072,-1.1627945239649558,-1.1471770374649095,-0.6032849933099953,-0.14513283134289917,-0.4670764256488103,2.1868239117896233,0.16614144893732896,0.4050959751972584,1.4620496266563716,-0.66263582053881,1
2.608183907941674,1.4627990608580117,-0.2518848629864556,0.42703004655801186,-0.09737765401966336,-1.037243630609493,-0.5650134074104428,-1.2495715636045823,-0.47471208333334497,-0.23798761561366763,0.023981835482168267,1.032058556742719,1
1.8848044321571777,1.312533175154094,-0.9443204421962964,-0.3798588971564419,-0.7567514678662419,0.2808223606989993,1.8463424690944066,-0.1814981344633567,-0.35772302854565713,0.7213003158488187,-0.34036690143967874,0.5739051647621108,1
-2.951782741968467,2.0860911243603333,-0.6876768045492099,-0.9510889835805834,0.10688382177421607,0.9348948596976362,1.4460424005721075,0.041708280260167145,0.5753522357582874,0.8817104765545823,-0.5459764232342598,0.9310578668623909,1
-0.6573868147833838,-0.8155743625011391,-1.5533993344366481,0.6188510375990184,-0.08529323303620961,0.9941940795632437,-1.0106451290186977,-0.17797749826703405,-1.0457976371884403,1.4093974555162327,0.8693380778592072,2.3897015411557145,0
1.6947424677906666,0.27654223256109794,1.892956451453537,-0.3734441906807772,-1.7195458787482456,0.2440696203301404,-0.7886769881635444,-0.6156276715899728,0.11713386049395329,-0.3319570937073665,-1.0054097842828242,0.5873166625919171,1
3.7768448443310083,0.23891355052921912,-1.6684304718498082,0.6552875359681075,-0.2670407612895665,-1.2702120148825062,0.09433707324115276,0.8184027381986956,-2.602394373326791,0.12901628960925735,3.173730812245961,-0.6622605190839194,1
0.038013208079208466,-1.2641047930789686,0.05665006697856248,-1.6130126637973048,3.2771175982757246,0.7811176019563894,0.2858911917074463,-0.08935476687238071,-0.3484167547617025,-0.16655336863726483,-0.7713096675966492,-0.8781055336046116,0
-0.33000077436328074,1.3533879778885614,1.1551279841133413,0.09528671910306072,1.6535910378644743,-1.3427478012805958,0.3468092566670225,-0.4267624027433935,0.05311493714355661,0.24897131056207683,0.29214620894335486,-0.5673281893890427,1
-3.8124701610517824,1.4360644386312886,1.6607694299289872,-1.1372386234159406,-1.7452479740207276,1.298995551916388,-0.3453388618911606,-0.2890415194032108,0.8148279242984614,-0.16049109342700094,-0.03252382580822525,-1.0949066573953865,1
-6.113330955853036,2.621743298819165,-0.8874369078481761,-0.4913090091352414,-0.4671305588014404,0.07128499676508769,0.5532238778563838,0.2743831954543638,0.11008995983556345,-0.06149767661457335,0.1758182266884017,-0.3658831903914761,1
4.309368623652856,0.04103401355986996,-0.8198924584850633,-0.716298537105235,-0.6869654006129883,-0.24600056883107016,-0.5477905355789732,0.47502800617758273,0.006388018640656719,-1.297567313370996,-0.7084041787558274,0.5277264972698329,1
-2.1653485713814726,-3.1154939072482137,2.214101903944606,-1.198591056991276,0.18685165873438514,0.16370222322254166,0.11092919306339494,0.07417996048647194,-0.3599288990279998,2.1964462921296457,1.4109426024192917,0.8448955109595151,0
-0.2122907715253131,1.7769213450267114,-1.403696217486115,-0.8085907694218518,-0.6858979829957932,0.08239055019562173,-1.109725131427591,1.3578372227557016,0.34019575314641953,1.0457701644845816,1.5915082442773683,-0.7976843300178258,1
1.8420102606095512,-0.10565715643471232,-1.0293416175169205,0.40279902483964763,-0.17373961788206388,0.6037452517146721,0.07387081207032738,0.6797741083154153,0.7699426742588638,-0.1719855737274129,-0.3308454078091108,-0.6650860620635989,1
2.2525586553276287,1.4055404186819807,-0.9686302404760471,0.17028194487550916,-0.7567999856416107,0.30721924449977905,1.176333545443175,0.2698883035996972,0.525834836418278,0.6595982591868342,-0.8967328335457296,-0.05253639727315841,1
2.9311646353110237,1.700268539449873,-0.9217251994002749,-0.6606302904534571,-0.4224226260670313,-0.0683915544676423,0.31943252738312083,-1.2355538650408522,-0.25499514220732256,0.1720213490651227,0.960059416827847,-0.5509900488693893,1
-5.576994695942588,-3.606605210357069,2.5726876661146023,4.16851222170379,0.7038083729415008,0.24142154710445177,0.19536830559167345,1.3822862068650963,-2.0311987328434427,-1.160545154708321,-0.15400993196567975,-1.7557910032268862,0
-0.0016463084605994722,0.8826267582955255,0.8980598008042484,-1.1450827387454534,1.5383429559062196,-1.0316405064338119,0.786399108269784,0.14534410880104837,0.058831449582342196,0.11431663637898826,0.0010105669241067226,-0.33006335508624896,1
-2.372589761226166,1.8858305101438255,-0.187642806842769,1.1071367862918262,0.15368733057395842,0.04723093849434692,0.18754455991776292,0.2731280150045782,-0.3694655680226839,-0.20795563995398622,0.3520566359219352,-0.6137331221092892,1
0.23099148158971494,1.5893731672393745,0.6616160072648627,-0.7144132937640103,1.4654682222629412,-1.242808096154279,1.0141825509794788,-1.183983838816386,0.4299654765903389,1.4573025868927338,0.0337892822481171,0.4690930476579242,1
-3.6303659657589313,0.9350331641317117,1.8514844558697625,3.725493550366519,-1.3538722655516577,1.0326978475390178,0.5924316071991153,-1.4465173225930477,-0.1906175806677102,2.029794732980559,-0.087269230570764,0.3746136166305582,1
1.434634781756897,1.6419507417529133,-0.7228522469022016,0.748865778738214,-0.2064649871507117,0.7968159450617642,1.188204581416135,0.32512137596483176,-1.1999565543006638,-0.4272351076487957,-0.19421856227286283,-0.4765215933518044,1
-0.8018509998944726,1.5929251148358092,1.0055403749494114,-0.011822836862156322,1.1220893356708412,-0.8211247295437814,2.2220726297145323,1.4323664398309273,-0.918391423400164,-0.627356058602523,-0.6873426409624729,-0.04614751847618043,1
0.30594992693975515,1.5489391258826042,-0.41237821772195143,-0.6050260179024942,-0.1800454400001373,-0.3147636900073384,0.7443255374317831,-0.24075109137702466,-0.7868881144644645,0.011795704667018044,-0.9765724978700769,2.029038574896889,1
0.15190474993643455,1.7520710568493552,-1.0832376938335224,-0.3539912811129805,-0.6619565680089958,0.16762914065310963,0.6801520312477652,-0.0607143823604223,-0.30322705015376283,-0.032740967046247474,0.19942264752508457,-0.5001851815661179,1
-0.5208800215818422,-1.3691420201552487,-2.1558134832470577,-0.37897837521547223,0.6129194682526117,1.0271290416257073,-0.8421274809606696,-1.6227808781449893,0.4179536405052908,0.48268727566089686,0.40299862208383314,-0.9859252023735139,0
-0.3790829012741228,0.15541915725562502,-0.8282538741538922,-1.2787801607662173,1.7634749461059296,3.3718805678807118,-2.5390284492941873,-1.575972917119313,-0.5510706757005384,-1.9026269357801273,0.7433444895135982,0.39437728134330013,0
1.242736960162599,0.9792004661266276,3.7249810494332385,-1.0173693665945491,2.0230720529389634,1.6069161388313362,1.4276538135503671,0.07354517688806139,-2.0792558532812424,-0.9982281820847351,0.7459238071911011,0.4142650508322216,1
-3.5045315917963142,-4.8241425875545785,0.6133190795810892,-0.421271361089508,1.3109448163855861,-0.1662466582611591,0.4796824408541994,0.9040362886083613,-0.3893347057511251,-0.5392386871928785,-0.28319872119612005,-0.5959140172244856,0
-3.50641412082929,-3.7335169651353417,-0.18692535479338462,0.18625584323768551,-1.2393628078018857,0.5230328514118032,-0.3714851680178335,1.6590470609452692,0.05765027360894098,-1.1604674069888925,-2.1056672380745303,0.4889845640176649,0
-1.6259593595524406,1.750145798127502,0.8906622706023918,-0.8169770157426298,1.3081490054883487,-1.270796147906292,-0.5615108223101604,1.5470447328609274,0.5972778693910311,1.5472870456255177,1.1544063934968427,-0.18587689620737585,1
-1.392139895684151,0.13486348134616455,1.2370429147508366,-0.08457037484770498,-2.031375901665532,0.2528112535881609,1.0745783303828278,-0.038399105646669325,0.3018551448505588,0.9333146055743987,-1.1860612453257682,-0.4289796456126775,1
3.2759542905081367,0.10967025814824558,-1.3982576231857322,0.37718374893315476,-0.7133944716901142,-0.087655883998027,-0.7845392051896906,1.7164642777843813,0.113459764167805,1.02701706245709,-0.22857640255245834,1.7486641070667386,1
-4.89023915200624,-5.914662602220378,1.2522340297144212,0.040389779821825865,0.002376435083188665,-1.1466830755264206,1.5865798787976817,1.1487444893541283,-1.8586373707071138,-0.7139509089851498,-0.04783964117527286,-0.4352694159980413,0
0.618285369317667,-0.47138578954989685,2.7406947029412985,3.1321101568348855,0.8867770107314301,0.4732168648850778,-0.2808819104719343,1.4598924862588758,0.5741681456490264,-0.16542781406886423,-2.4151348261836882,1.1436440840702653,1
-0.9206429706069513,1.162929533469037,0.4192020923081868,0.3461832239742589,1.4817013552906009,-1.9410548011605757,0.5448386312840642,0.03522471581138766,0.03611048437176456,0.31823440296547156,-0.29308147884859315,-0.9246739897359946,1
2.648764301160931,-0.18669812603541058,-1.7160252887128689,0.26355491153842014,-1.197780717768911,-1.3388877521840534,-1.588602114485471,0.1129741921049585,-0.27439957301454987,0.9319212962839286,1.2469126109725635,1.0073470132266047,1
1.6001279230129994,-0.27654914227955674,-1.181291576349586,0.3430778510107542,1.019892541109324,2.0848749609589023,0.23613866137960193,-1.6099070436221385,-0.06591417573991588,0.8930696859787031,0.18318901925786246,0.4021729534317014,0
1.760870136880046,1.8551632055533498,1.4236679620623867,-0.15217858764634717,1.5787510068276376,-0.7170906184964392,-0.965578415438827,-0.9079735871644031,0.9526889679912376,-0.26934302019949496,-0.17815294357391442,1.444858914563225,1
-2.3769682073652376,0.31452999477793536,1.8488921200129285,-0.2947469547272766,-2.0447218581375752,0.6129501655658443,2.049918144254978,-0.31798323470006123,-1.3429346724916829,0.5397283802307964,-0.2501210418472068,0.46267921652824656,1
2.911833855598003,1.3939910241460007,-2.939765882590394,0.1264320076273497,-0.5293158966410675,-1.607582343632105,0.2114512866716553,1.9719203699070609,-0.7566973403580596,1.2799972748035608,0.909102330204362,-0.8945392623219847,1
0.890911004338516,-0.9077010467047318,3.6264572486813154,2.7660813897840213,-0.6586648654044475,-0.4116571720253227,-2.890583808903768,1.7119759406728845,0.9268560944614201,0.4771966777382097,0.13610984753551147,-0.19396809189146827,1
1.6701005663254425,-1.2661499774091822,-0.10840152591966006,-0.28601757262729444,1.8885798149672821,-0.8892435444081482,0.014637504048230382,0.101542872515685,0.37074730370523745,-0.19397458367139025,-0.8225205042244078,-1.6401799685803082,0
-0.16963726036144636,1.7726673961917123,0.6710790439662934,-1.1570298720958023,1.608541633303627,-1.0178038874153315,-0.3439128980618523,-1.043165632775142,0.6275111442183737,-0.1369383103091588,0.7869010538361317,-1.1492649216997497,1
-1.7295573858034528,1.5480605907554472,-1.5102852330040584,-0.40235410013092393,-1.2214607749189585,-0.5976107874093564,-0.2961780545524992,-0.2119897740314406,0.13608919506285075,-0.3687652710977696,0.3014863664675546,-1.7578849375535257,1
-2.795646579809731,1.973308969696479,1.0010029920807728,0.24240379856911604,1.5714343284943668,-0.6585493554667913,1.2193866463456335,-0.7582670778687719,0.16389326603792514,0.9225094303287507,0.2644718731562279,0.8220841080615875,1
-2.414612123573323,-3.8433562247072217,-0.2767582608441684,-0.8420742630686454,1.1888723577807632,-1.0142316777763132,-1.0515979729066856,0.4786441707727495,0.8951895490044305,-0.3825248196015719,-1.5972432918735258,0.6477805926584748,0
0.6558242597779141,-0.11477621280026362,1.4730506834851382,-0.623962432588286,-2.406853597568745,-0.7459223976640458,0.47759705467210883,-1.6465187705244757,0.03715863238673882,0.7366599290547823,0.3371450021965472,-0.9249303175312488,1
2.5569454916912946,1.6102339098148368,-3.3289214489626198,1.3109313562713243,1.6442250783698076,-1.7366545172905752,1.911353706364254,0.7534881015714956,-1.7673808414584067,0.8072729157846249,-0.7757828719964849,-0.3552867901224553,1
-0.3671494253084011,-0.04994128431710948,-1.8150051384806887,0.47998200902637705,0.43859558281991223,1.2200107009133407,0.2809043463604881,0.01693986875985257,-0.5415182598391896,-0.15039022928748416,-0.5799176894347511,-0.9850905789241002,0
0.6349671196078267,1.4413090227713135,-1.0369183697106639,-0.4646024697828673,-0.7663260925144729,0.028401168053445697,-0.2512373613075558,-1.382107106852249,0.6740369171534423,0.5560583117798096,0.618352648372105,-0.7193395117012111,1
-5.200786838777724,2.35251649480556,-1.544143606307781,-0.5891325818673613,-1.1491542382264495,0.4376854099833749,0.3463717006110857,0.1919764925014001,0.21182517852177601,-0.2495403229291334,0.2859652997509693,-0.5947667259912125,1
2.1215792334118238,1.3696178115502193,-1.155599089416196,-0.8466277295610816,-1.2015070020688587,-0.9791084717131497,-1.8091497316555876,-1.5049961372985057,0.7061758905591078,-0.5077978590341325,0.15597338684279255,-0.06416655009159387,1
1.221024326881045,-2.356529532173067,-0.27036382552484234,-1.1923442556793353,2.41128865864495,-0.5387837048808708,-0.620463018615182,-1.6140948894406026,0.31074957138770726,0.16224467479117308,0.3377899800042807,-1.3522068611618818,0
1.4339953488679174,-1.7899170027247207,2.7175986465086575,-1.1160422116284876,-0.9857676892191424,-1.5358496759141946,-0.7261597871415196,-1.3659459106108645,0.12788078352387694,-0.19988414700076032,-0.20466961475304105,0.7264582585435732,1
-1.2981815878388336,-0.36103440600949915,-0.47632821714607615,-1.0370236087619464,2.2834000287994476,-1.4232463243574165,0.2788457618552291,-1.5311351589863549,-0.22702003717680258,0.831644985448173,0.13404538420016898,-0.7509289894336498,0
2.7615974022214163,-0.2029008497621593,-0.7532305195210922,-0.7256142691673484,-0.5549357778464201,-1.2343121514882973,0.5001602003348893,0.36221811970406775,0.05484590259407933,2.123675260738723,1.6676179315960327,0.6886239274372117,1
-1.0181388732050916,-3.0569129001312425,2.2362772517222917,-2.0871231604839924,0.735408364328928,0.5759182873509011,-1.564746438729579,-0.514130891386492,-0.11678725608157592,1.2296310040621836,1.710747291509315,-1.056546393008496,0
-2.0255553016275107,2.029249337263874,-1.2437758728599864,0.13097576784575907,-0.8833798474707428,0.8558158206920501,0.417692944635831,0.491714688072239,1.041193634108913,0.10295648627016356,-0.6624813685623568,-0.4950337618780859,1
1.8126141318033706,1.4745884609345525,-0.6652946626443236,0.24749964699507712,-0.6249260642755176,0.2150149228613279,-0.6041846125081625,0.00982883804758792,-1.2186544568973938,-2.1422801345540337,0.12122807839163731,0.16396161304505955,1
-2.2157329988642642,1.7723162072119545,-0.776594869316499,0.4172750483910614,-0.27809124864292273,-0.6618658160778729,0.1932259328320509,-0.05495874042239456,-0.8636358406401232,-0.16051775662665296,-0.8038453710811324,1.5379105695079838,1
-0.3482876311957995,-0.8906691941383357,0.0004617206360356488,-1.822941584450043,2.6239128834773444,0.5390091474938924,-1.2931034942198392,-1.6086270933677027,-0.0060105179178057775,-0.6793111540244786,-0.25949392235303403,0.8649735261804925,0
-0.9053664781121574,1.2925262046920276,0.4520769254675258,-0.9838300602480691,1.0331342394455663,-2.229615815612682,-0.6402568939347133,-0.140496511037811,0.5963012731063897,-0.07499026998990652,-1.0732853226876664,0.6840156393734341,1
-1.0419413582354597,-1.2939682690277756,-2.0485995037954945,-1.08508793230217,0.5923998135157891,1.5508531972204664,-0.3020852163449215,-1.297455820853156,0.2466475670489206,-0.05773873462934809,0.6741230733254594,-0.5305168501174897,0
0.052199667030851014,1.419579718057421,-1.3758021107743557,-0.8178252094257165,-0.7507718532732726,0.037212562184051556,0.6696404806034487,-0.3265769193154976,-0.21608647435171432,0.11001081246457942,-0.011641686715544415,-0.7286970087193115,1
0.4024002101556228,-0.11794678030699597,1.844371729570023,-1.1709235117530021,-0.052826928731630474,-1.2443122417595687,-0.7477592984877857,-0.2901718336772618,0.7371184133636638,-0.25743343784568445,-1.0604920185097109,0.7023616944369188,1
-1.6355003487512896,1.9308319343525047,-0.24562628612074464,3.673482180595129,0.029211335882898006,-0.8427052831505143,-1.5691563745472632,-1.1095524761643836,-0.48641515713359784,-0.05350452970049017,0.2227403958019748,0.31683827956718924,1
-0.6898266900587775,1.406306301233,-1.8384987422778876,0.04822284523175004,-0.6521474321659425,-0.28371923681277156,0.5135865834513866,-1.324315042418688,0.20397821518139095,1.2071595496097762,0.2734123131485554,-0.08403821154697896,1
1.3973848630716748,-1.2499358862024093,2.2580411024756004,-0.29949884452532194,-0.8606306256686738,-2.139044656788463,1.4067713666935906,-1.4230750272968045,-0.5805390749035686,0.9638571020831997,0.08415572278770884,-0.49397545785345043,1
0.318118864855053,-3.590305757782413,2.144677147121195,-1.8534561500497935,0.08280625975135426,-0.25672360981007686,-0.8652367035207702,-0.10748935001370562,0.8683333407620748,2.0903615631451573,1.300416904799257,-0.07630432667751327,0
-2.940130295046859,2.1457737528955425,-0.38773582140406954,0.5012949894781279,-0.1833680860655934,0.06131140285493956,-0.7475329148703518,-0.8755903214114131,1.1774064073469486,0.16837357722732066,0.7588272552484089,-0.818266405532693,1
1.4632574818654882,0.7143107680517174,-0.7409953470586779,3.1889596805505556,-0.6765101082698739,-0.11233950457935386,-1.976193978862636,2.0206823706819486,-0.2653826237359246,0.30747477692738473,0.6029780724192753,0.500542741657409,1
0.6354063679110024,0.27661138664252616,0.696791733535799,-0.9793713919868492,-1.702857841809223,-0.5475024420215157,0.3796886115381449,-1.7586587894110377,0.1745995464065049,1.2078215619653885,0.06683273616184314,-0.801072974506592,1
-3.3602308064706983,0.4027819629860868,-2.1613153268844987,-0.07213190845723129,-0.2398144125232891,1.4613434947896646,1.1512711698526634,-0.31861431070400587,0.5777926018512856,1.0580656757115516,-0.9239529546554407,0.6038546338995354,0
0.5750772955132086,1.4540126362100911,-1.1163915086982095,-0.41729883601360473,-1.1849322939679985,-0.3583738226225169,-1.8806034026862413,2.299898714742568,-0.3174927062286303,-0.4884139321064551,0.41275305052007527,0.03431860365912087,1
-2.7833355895706107,-0.17634010643159226,-1.9594373851183144,-0.1091505708511065,0.08876936171647481,1.2230640607592727,-0.8962314455649977,-0.19144401746060488,0.43778906961109343,-0.8140778045289626,0.1915314062185631,-1.7064474449085942,0
0.4433278677272155,-0.6757061536638236,-2.0672374351057594,-0.4567844066312091,0.40922858732748446,1.1545084869022437,0.4302919043900859,-0.9171118070187415,-0.4331022893632134,0.2979985319656471,-0.5729900534191925,-0.8593162867906561,0
1.196419509366463,-0.7594626862702422,1.887556546443338,3.2448989307921186,-2.038897937197058,-0.695382902779948,-1.437389160344928,-1.6907205263254903,-0.042941452518646256,0.22531176398686004,-0.34746524644695054,-0.08311402136680919,1
-0.11955850538518684,1.2361122465997483,-2.024517716303223,0.19468158191841187,0.4829279114912974,-1.1110149608498687,1.7062133512640507,0.7000200612445273,-0.8934361141453262,0.5805584869576663,-0.6317992358298178,-0.11068552015053706,1
-4.714284863780636,-3.29601942149846,-0.1756082302490238,0.0185283276036137,-1.2214348631152023,-0.15779610504564215,0.024549412701489588,-1.0862660257157415,-0.4041665036595096,0.6660914423762613,0.5325032851922772,-0.5891398494615107,0
0.39116231705434495,1.5544741549739556,-1.220629336871032,-0.43176581554886145,-1.0147021978583317,0.008521793358673146,0.8464033197425535,0.1797830815593007,-0.7637028202364218,-0.14704416020878905,-1.3628174715983359,1.8025034760638476,1
-4.1991318655935626,1.7441356838967226,-0.15920527329087963,-0.6948903310771056,-2.4159772100015227,0.7133944996031157,-1.0464828336312957,-0.31178863222613457,0.7852005483035889,-0.54516397817307,-0.8072334023154727,0.7270187999564833,1
2.1332138229936564,1.0172159616024228,0.8703128380054186,0.3407932078316982,2.0499267179051506,-0.8969059131370729,1.2972932804327664,0.1591327006736374,-0.32328535361137195,0.4656178184208543,-0.31285552168114417,0.15651157465065688,1
-2.536715649992048,2.0544717565281294,-1.1188523787354518,-0.10154039914051928,-0.703337532435277,1.0010980122147393,0.27747454043916486,0.5708847759924732,0.29641086097625313,-0.596005168997036,-0.16254222982377184,-0.8535361000403773,1
0.9505357322458909,0.9913365958735358,-1.4174727817171802,0.5187385647191914,-1.0724390439872231,-0.43932483934403166,1.1253628445988162,0.35571346765628425,-0.031102073712882698,0.2674270063966968,-0.6536718611309196,-0.6106886110689407,1
0.5849555131272209,1.497067852431983,-1.0388685774457669,0.6887845247392286,-0.5861703902894199,0.21695499408674251,-0.003112075236919227,0.27530731473055964,-0.0646587491992853,-0.5067715436255076,-0.2198220968099224,-1.5068781187808833,1
-0.4349618740394594,-0.43391815087875507,-1.765704455220397,-0.6893538399150289,0.23543454143568954,0.7764851286613426,0.27909993557188956,-1.5767193808518603,-1.137893420806521,-0.004157148651872757,0.8364440630700569,-0.6539621778775938,0
0.8567741759469398,1.5752042885616278,0.9181429092705713,-0.9695394927149819,1.5672266527836671,-1.4620773422431896,-0.80328345955858,-1.2766394484303325,-0.43381642709702994,-0.3864797125230072,0.08175144960774555,0.8822064119563567,1
0.328933108767079,1.2075339385329833,-0.7804935965426889,-0.5574300315434181,-0.3746225580846699,-0.7976808741420934,1.654467119765943,-1.3618029705049377,-0.3120262718355937,1.3553346819397214,0.11235304755768982,0.5977685738269647,1
-5.495431170067627,2.2371173915895675,0.4430623814515027,-0.2696154545691874,1.1263017702780347,-1.4540726047587347,-0.2943619400099496,0.4497071089965134,0.6403781641642333,-0.4572257598987457,0.2535309513284833,-1.3552216783594726,1
-0.19778692550701021,1.0236014529258501,1.0172452386764506,0.41317791436034323,0.9000354646989506,-1.3462212902874693,-0.011275614729337443,0.3854103599800035,0.578159302091117,0.10433188689767568,-1.7600018629577054,1.3790088137826828,1
1.873155123883152,1.2852305340387402,-1.430414357112693,-0.7997446387657285,-1.3955483389027283,-1.0384134497512927,-1.3907817669328757,0.05823091137058844,0.8212595107459659,-0.9378279283481068,-1.0526979647857853,-0.5135736822927189,1
0.04083733525991495,1.1153820309420621,-1.3018761836749637,-0.09290397279336685,-0.6122027496893757,0.06087127402181973,-0.028891714535602023,-0.21040832667530993,-0.7648508774349926,-0.43072107171355206,-0.6881394174168132,1.351106657487671,1
1.0644693736994704,1.6943644748906692,-1.251216033950518,-0.723714058207185,-1.0430130191780775,-0.16648164992854425,-1.5440923141389085,1.6553054802391893,0.11481209083187006,0.46131646749646626,0.2909250366916555,0.9245457065726259,1
1.946458240046593,1.1837635413274457,-0.9712790885793777,-0.23173647906827752,-0.6894286600416885,0.17937501431570926,0.5435993728226284,-1.440947293206176,0.546529060335873,1.05080957121217,0.25302202968247006,0.0495448701575782,1
-2.2160166187864947,-1.361815228100065,-2.467066205395981,-0.2171078027938843,0.6067738607478943,1.5920913134330859,0.5031225582683403,-1.0963933886141033,0.5598515626848639,1.0265420913086802,0.07567130531874226,0.757071339306005,0
-6.091928416119479,2.5619411693929948,-0.802535676043134,-0.8273962584388233,-0.47644648508850285,0.15534556977297292,0.3397638001584017,0.2192005010571694,0.2115493022430742,-0.21984161924809506,0.2537413348661526,-0.5691681184927234,1
-7.280872362020629,-0.18690586489844066,0.7406975557876807,-0.8750031143371851,-1.4733975371221404,1.590629833840892,-1.0603707146041126,1.2120993277587468,-0.2861226289055676,0.773252228917585,1.4364072929512546,-0.6570761913717788,0
0.9325041245088255,-3.4656617892174166,0.9434365433945191,-0.5838113158129393,-1.1637230593028394,0.8429602532983979,-0.571733137018911,1.4564852755925926,-0.03750845158910549,0.968428305307656,0.6024511859761672,-0.8124257250387686,0
-0.37181000917879625,-0.07299811053191266,3.759789207224509,0.23881304107581783,0.01859150756767301,0.17031016180162856,0.15000529461650272,-1.3458116895309091,-0.17125282923449303,0.41855227163641995,0.520028564166085,-0.3965858601336266,1
1.0655055130454614,-2.0519028386237372,3.1545822497937515,0.09364679803506301,-0.5425862452780893,-0.8272857639638624,-0.08135722811405345,0.6016513999346531,1.4034106784788856,0.05641027203017373,-0.731914950319441,-1.1893393777104042,1
-3.0450953699318144,0.649838905600817,4.2684753490232135,3.9728493293215554,0.36687005081648977,0.9242948771929043,0.19474400724647337,2.5923702658150733,-1.2999603469609382,1.1424899151175896,0.5957839153557495,0.01538957452361312,1
4.0031213471821,0.7088760373073011,-0.3344564339822625,3.1388909733050085,-0.07524807006509869,0.037902120771339434,-1.372155139888221,-1.1255337705436304,-0.2634826271153194,-0.2994022305008634,0.30893486351732735,0.6316226338495419,1
-4.366343877094565,-1.1203866159950515,-0.5348034621252599,-0.5454943362556928,2.2196605413819968,-0.15682604720872034,1.1319272256387063,0.1782109321691307,-0.4965998983849727,0.043454045493680135,-0.3164001814877422,0.04086636898765375,0
-0.42727639970668685,2.177609628234308,1.8113321020423854,-0.7724336240309406,2.483743699557603,0.3531812819750668,-0.22046645422706304,0.5861958404940556,0.4953613122615651,-0.4089268411918461,-0.1722408349880301,-0.7745963754318812,1
-3.224659571554714,1.884874008647581,-0.4478210141408308,0.9903133070283828,0.19656372685849904,0.6326493641293385,0.9956201589416119,-0.8262380345429425,-0.1472874515538445,0.7313147370057649,0.4627296539605714,0.7807481490239704,1
-1.2280581584436168,1.9192877509384378,-0.9311236025805836,0.9410598672599435,-0.41061575546420503,0.9543097494746324,0.36549508309703777,0.34454692634227563,0.24011425445896906,0.2540017584598119,-0.5750018085843173,-0.47659393999190663,1
2.582407266505863,-0.9115866159800867,1.7480562768918178,3.389935986563732,1.6781110246089557,-0.8906062330093432,-1.246413763285476,-0.9930195173547415,0.5897337048096846,0.17252869806876464,0.7786818885374905,-1.793947815909551,1
-1.6631924918155145,0.18250957141442706,-1.6307898569321588,-0.9280474065638641,0.6513158707369896,2.286987930089329,-0.55729752650757,-0.3478540807324091,0.7907212951093406,-0.2783606224209409,-0.12518858699032687,-0.8163007066147739,0
-2.2044731782831084,-2.660454129507778,-2.5864976986265766,-0.9134603348201258,0.17295364993342946,0.996050935508703,0.8673438378287281,0.7837338754271914,-0.2353139783785433,-0.6226008598290353,-0.2587536538972665,-0.3545786769944215,0
1.685330897441519,-1.981474258755651,-1.8063358154518552,-1.370296264109549,1.5377406783538197,2.1615609259461266,-1.3918130721540583,-1.9683861442698596,0.4078134637557802,-0.02094231156482667,0.5233021308287142,-1.365195786692827,0
1.5560090289384232,0.9222290024785349,3.2905199443275954,3.2054407071879414,0.7282769454258174,-0.6223114632822693,-0.731131917741427,-1.0846169235621421,-1.6816357828507906,-0.8819626328842712,0.5886643776623672,0.6550779461257534,1
2.2783014586268218,-1.161099121532836,1.5924455258227033,-0.5711983489378915,0.8346573128363929,-1.0539102968878062,-2.2381884088615194,2.1202131230152266,0.24280825119026408,-0.5361503978074914,0.6950824648452487,0.27752575175600885,1
-1.4112422720253681,1.3518488309711587,0.7259968153306647,-1.5449286483007156,1.2365795879563861,-0.8649556136117085,-0.47178270031795744,1.5703818779142498,1.3476551216562314,1.4329987424467712,0.9435851916710434,-0.069572252378899,1
-0.4266430105982725,1.631364840721494,1.2042454419821533,-0.6773041217642802,1.5930175802941586,-1.0888063499511322,0.3493090793458178,0.14770325340162546,0.7873246305032131,0.3851029617069561,-0.18183683411639495,-0.4033517272157926,1
-3.1647594340582934,-0.9741952529944559,-2.721161677225302,-0.1496419201502965,0.41367577460308047,0.9392861272130459,-0.3171528912738935,0.2361073880002616,-0.46511984310998183,-0.07324774103884824,-1.4881549947595483,1.5051812828163569,0
2.823817072253379,1.9234344546819069,-0.8819284884331501,3.4541222678987675,0.5058770716992926,0.7796758184526307,0.286428956667564,-1.2908458806710332,-0.028094830852252176,1.4388298083429916,0.28603056031512086,0.0102173166451597,1
1.6471127475913174,1.5855726378626964,-0.1026765957575368,0.8306761634097868,-0.06743333595862987,-0.3042505220379745,0.46554408169234435,0.3030469574945513,-1.668039876851451,-0.1705234507738509,-0.2714557950330619,-1.7174972254770604,1
3.386923504149854,1.3138172619573936,6.49949454969798,1.9833859504059559,2.0931158903085887,3.7459640842918165,-0.40647830882395913,0.03304210479180948,-0.5376992666106197,-0.8132047316173122,0.7958768236060402,-0.05580313600139067,1
-2.9263637506211695,2.1094061697538806,-0.48582890934787537,-0.7992397453972259,-0.028557572029853717,0.17942671521481623,1.4520081620138932,0.42625433628673703,-1.372796670817828,-0.8258938517320226,0.7001822586411633,-0.09888062278057239,1
-5.156240735514465,2.2378411235682605,0.9359204199482047,0.4270025039799732,1.5210810738649805,-0.40231350357234574,1.016205778752255,0.49525737449692103,0.1552862499150255,0.26721625883895933,-0.1737599118728573,0.35338755808457606,1
-1.5998495041147154,1.8200411837737134,-1.1759935765227314,-0.5437134179402889,-0.8400620788530572,-0.2970753624874281,-1.518330318349121,-1.3084905099204571,-0.5477054392391975,-0.8534470314929262,0.5787608446136064,0.32030535458968035,1
1.4723572461082761,-2.185864934685522,1.959723318546145,0.5925951300999948,-1.3196273389269897,0.8294113869975782,-0.28405608929281684,1.4920666323482759,-0.29793877446396355,-1.3294580793455224,-1.7946160539399922,0.614002943457433,1
0.6369604538375391,0.34812435415475745,2.548061305006383,0.03722927947107902,-1.123497827330714,1.873127738701211,1.0423409261430268,-1.0646081016282942,-0.018249751921353776,1.0529839446117597,-0.2817320486744967,0.7008987801389198,1
-3.2937409762798353,-3.554981434999995,-3.054064066639466,0.9632892725387212,-0.22139931435116436,-0.22794527959491082,0.34939447440808097,0.9184805332650819,-0.5667501930033005,-0.08421535656871769,-1.3913764547681877,1.9822906588626479,0
-2.73159993805913,0.9486122163807648,0.12300743776970272,0.2504988308360586,-1.8533989271513684,1.1282631739589877,-0.5446348794871282,1.2504592789180888,0.20395807682070816,1.6028745759401486,1.189740063127864,0.10867458651956424,1
2.840561974341661,-1.1252202446884485,1.49302289817328,0.2827073608196039,-1.818233876230624,-0.406993080368139,0.8999329906928347,0.15279775575154395,-0.6233817859386416,-0.3617373751889476,-0.48689242424553464,-1.4294644050612884,1
0.712610595604525,1.7495657121168535,-0.9521466487214434,-0.22112493372835826,-0.7100638267526812,0.45189958749340425,-0.013829533167548782,0.198999626629443,-0.016349627635532184,-0.22063504775551887,-1.3310173910237073,1.4705702444363413,1
0.274545314760064,1.2387320527116241,0.998918266778639,-0.3389067970201558,1.286286140639053,-0.8201924318266804,1.2327627314345146,0.4340612711407198,0.7458529099297246,0.8288406861684899,-1.0869286176736863,0.1024009663353474,1
2.748480159412975,1.5011876582715338,-0.39456858906379894,-1.3122021452692507,-0.22044462827670883,1.6903811588341573,-0.6010655414736041,0.7559950208985595,1.5530934606953144,-1.1424734533959884,-0.5644639002834511,-1.7022157511708516,1
1.323471771716843,-2.4371557759196687,0.9775677532306493,-0.5648187071540772,-0.222206819939282,1.5332114224751792,1.2381938101090917,-1.734762420710143,-0.9095252177020193,1.1363972357455017,-0.02447457672926823,0.6134159390006007,0
2.081542967609818,1.047770739883882,-1.0666409697381682,1.0174318667391555,-0.9897553251653853,-0.46379731936868485,1.7297107484921437,0.9696066088689385,-1.4598794217595814,-0.7101812705273901,-0.5143615875870575,-0.9390958896937089,1
-2.9237401333779904,1.7535006676322522,-0.8007315978797216,0.6781514783353028,-0.10705361073402621,-1.1126128399013935,-1.0738410311601079,-1.0027239064657507,-1.4603925194362688,-0.9352598213364826,0.6715603868120522,0.4363683942828876,1
-2.1259184447391237,1.2591265304388464,1.9512522347440715,-0.7454481889673858,-1.7750584473338498,1.2188866883768168,-0.1044340422832194,-0.16906415724307505,0.9188489527496793,-0.08155587498723872,-0.07737240991382043,-0.8324631775587006,1
-0.8530347699693491,2.1386510042914635,1.5747607594730564,-1.03441988925196,2.177381547113213,-0.1743314703319414,1.5610662137135374,-0.9042519531545795,-0.6895365894845142,0.9550803023482305,0.5868542965092006,1.2899592062447254,1
0.2056503395132905,1.8659960663765152,-1.0737077457378978,-0.6237025834913565,-0.7792832909446264,-0.2033389658963893,-1.0633869159468736,-1.249764088532084,0.08000234241976834,-0.16299599355142483,0.17941810414781065,1.1099803797244294,1
0.7517908517051908,1.8447512966745359,0.8714592747252422,-0.8307337344113903,1.4685857258301434,-0.6927342427250637,-1.2068773848392127,2.028649233809205,-0.006153142572955381,-0.0087346938815913,0.2851282703512888,1.1622388656793712,1
-4.9552016525033515,2.3081710129040425,1.248672370358015,3.2240943416141596,1.574316149345628,-0.8377828255941611,-2.4690152150299935,0.3218968470864622,1.191366533642685,-0.7202870311462513,-0.5532811927582851,-0.29840763321076386,1
-0.26880639110849175,0.28348584522763093,-1.8493794107515298,-1.1700435807218703,-0.2939618750412422,0.6347054821695288,-2.2008633210889235,1.2992172109155735,0.029319806189139392,0.25767471198716624,0.21302402683711197,0.4289084820913707,0
-6.209579707095666,1.5360806459165994,1.5446442932394258,0.47130303457255196,-2.093780554386029,1.367087411263191,1.1877992935966315,1.5645463858306352,-0.1479913929787255,-0.3126916324768057,-1.2799748939440423,-0.4840742367615418,1
-3.5949367142311672,-3.805324165710645,-1.263041418977929,-0.3232528749051273,1.5309792057884415,-1.5004847455400847,0.7100817279455449,2.740882099109947,-0.7030561093528902,1.2539308265715021,0.8987347365340824,0.6189011449668191,0
-3.0701676726702716,-2.5625698587896113,-2.304446191466916,-0.15423777087338872,0.25207534225821493,1.2365354150410393,-2.7328403574151103,0.5433095158001083,0.6713098324685312,0.5513335346067368,1.368265449261012,1.5655198529640282,0
2.2626204095013174,1.034405217372323,0.8661330339786696,-0.49560184635964327,1.342828954758078,-0.7933874342840935,0.39810831152687204,0.20292569984179473,0.9608203617859004,0.30614984873961676,-0.9291824381676115,-0.9267886575856346,1
-3.872879001903938,-2.8256182484652705,-1.204154503937164,-1.161663963111532,1.8061409098905272,-1.0014934039913277,-0.4867681529209767,1.1535989900524295,1.0572253349794047,-0.7942071616328861,-0.19148996899964732,-1.4875250823661508,0
-2.046956483948971,-3.3122259170790103,2.1158656089087757,-1.1332627047711643,0.3114496959669616,0.021393247797151117,0.2055663472046983,-0.36725841279719657,0.1268269260830108,0.1841406870508101,-0.43954186274594864,-0.873707830168958,0
-1.9543848938228559,1.671923970509698,-0.23445247653899057,-1.2096039433102002,-0.20423416386525103,0.48397967219284194,-0.23107404390565545,1.6356081319357014,-0.4064393378486737,0.29818073149103197,1.8654011029480615,-0.2177491581145525,1
2.1406321748051025,-1.0035247416738475,-2.2641215476045162,3.277837790425996,1.3287221734494137,1.551478630433543,0.3592654006639403,-0.3594812651202401,0.031714237729716294,1.2447721637410647,-1.5286556368082895,-0.7785533446239018,0
1.4316400390113622,1.4142318779214238,1.7460423135932004,-0.32317712404803767,2.091045214526327,-0.4440232530644127,-1.7533098889145546,0.9502155830275839,0.5208480547419362,-1.6191114742679402,-0.38078266204405636,0.2938800117365084,1
-0.3399671339141557,1.5240956550158204,0.6275563584568498,-0.8646892220919932,1.5660125781813257,-1.2934254559044536,-0.4887348875886661,1.4060851509180912,-0.18179968312849415,1.4871983969694198,0.11977349168036719,2.3705931338312602,1
-1.602796248263349,0.9374088488940377,2.3705682726158277,0.21060347154406403,-1.4859878533112787,1.7624807722629612,0.21907150812815918,-0.2752150480653885,0.12884191199800846,-0.3378523070045459,-0.06000105693892145,-0.6737346803543748,1
-1.8578982020480674,1.858212028424435,1.1732648832265102,-0.7727299494583533,1.665513075741433,-0.4792132032913384,0.16820992930547332,0.17254544973402827,0.6372171390962147,-0.3606435265749865,0.021010711162157285,-0.7761794523229745,1
2.2049198374411474,-0.0943513358312734,-1.1101895424988526,-0.17979200229485867,-0.5835635620658594,-0.04811197913894596,0.5280633609159846,0.7072586011993668,0.2043324623480928,-0.39450788840626616,-0.11499026908996536,-0.8153387863412862,1
0.27032275540431216,2.0118907565576927,-0.9491498486999198,-0.0040949889192636955,-0.6102221593114682,0.29926551124158224,-0.8977297913429254,0.00032853821369531607,-0.7001417043287205,-1.7715128997148175,-0.033755644633490754,0.22668881892495998,1
3.287851162935301,-0.07388487478002458,5.034609886401154,-0.5815077162602733,1.2441579421041675,2.6121323737671003,0.3280077925018075,0.827492776048001,0.4360051861828344,-0.5888676100981645,-0.7778548990228008,-0.1013232908250618,1
3.819190332728085,1.2785039679233237,-1.143274975527041,0.06037282933557868,0.031264509909570616,0.421245738347201,0.6973896713156784,0.548268685988182,0.29879140051717856,0.1349473287880506,-0.4439610535545215,-0.39711784281605733,1
3.173927760729648,0.6176177943689687,0.8614741577280451,-1.5405405015468672,0.8448834233498629,-1.4962112885439192,0.14181146157058938,1.4807316898337597,0.2779694575597001,1.2509175585299785,1.2373292764633645,-0.1043293606570004,1
-3.1969132648216814,2.1379447122412203,-1.1905896080833922,0.6166284360051534,-0.8125497668034211,0.8459958659916617,0.09441480884556687,0.1818976625357096,0.9353161838795193,0.136121459166932,-0.09248153774270654,-0.3696626596064398,1
-4.52720152821005,-5.559021075511472,0.15195921997911577,0.9830665218524994,-1.551944707601554,-0.3267282469573577,-0.6966412620535118,0.9279213075168979,-0.773871127467233,-1.181975658491826,-0.8340098003018849,0.6027089977537022,0
1.3293190358235725,1.2025293795328593,0.7003603763997566,-0.8553907867320353,1.1336073153652837,-1.534589669628167,0.746332489676871,0.46456290773356335,0.9882016606329387,0.48669111198473897,-0.8664880889675257,-0.668681265641248,1
3.1991255853331,1.369739985107601,-0.02593012740510404,3.2071802804163876,0.37662272551816384,1.7186779079052168,-0.0952621836903289,0.13341241637361798,0.5774093242785786,0.4025648683070931,-0.6699075505873358,-0.8413744769234786,1
-0.4402535167383731,2.3743218820954106,-1.1680021715193183,0.15472008237739146,0.8148520670056415,0.16511446086449996,0.12298179128809857,0.706233078061081,-0.1315783920042723,-0.7091113286091272,-0.09597729105205459,-1.3028722349902064,1
0.32655226539518223,-2.00926838453198,3.5422830450537095,-0.24597254876915572,1.8028644686288486,2.261816652065626,0.6750232122812327,-1.4382749131826689,-0.8536219905886356,0.5591300000415622,0.34003063152782864,0.8614062201508589,0
-3.9023258689437887,-1.019978550484786,1.1987187649516906,3.3253110661398324,-0.6700057312210338,1.887135504305302,-1.052030673134592,-1.689415776525127,0.8114594369095793,1.0617068310602689,-0.060811843393057806,-1.1006991181927468,0
2.5413457933396963,1.6642170987508431,0.6658726089488798,0.13907779840963072,2.410983831921637,-0.743997587307326,0.8827414552369428,-1.2024394352334102,0.03220648413566082,1.3024823808263923,0.04782721863487237,0.4174490377678687,1
2.3220260606843377,0.22032022388586034,-0.13863685483914645,-0.9209325984328323,0.5316270325803913,-2.6676415738688717,1.31223450194219,0.39815422746966506,-0.783752704438362,2.265633553862904,1.5505780684629007,0.7825388702626616,1
0.054611185579555424,1.3456746489830138,0.6566436643271025,-0.06807011278176425,0.7708585724971145,-1.440436914464678,0.3986340844859804,2.510686819708209,0.7463959345812051,1.7453610685721235,-0.07401905535949636,0.042760417748567696,1
1.8451921092261103,-2.677381601361356,0.7124311036625788,0.2870730515808279,-0.758356313823959,0.7933350066285818,1.1899880666660863,-0.3629235575524445,-1.1161943534938565,0.1141125054183972,-1.076418585907986,-0.9777048553922079,0
1.52246492538065,-1.4983317072670999,-2.5086978849791404,-0.9798644559853015,-0.4224788342884064,-0.9084868722657801,-1.586126386068903,-1.7202888482382104,-0.10534106340902591,-0.5448695595396014,-0.05750344696344985,-0.2168181563884693,0
-5.268808000930878,2.2498997008869703,0.4697534982141918,-0.6171324857638362,0.900233471717316,-1.482264922399788,-0.0489565278301763,0.3109926731388975,0.02831946327466315,-0.4210845692706729,-0.7967695483030339,1.4266418557126654,1
1.9314920799673518,1.0299703319470388,-1.4260665466204747,0.22868157306418646,-0.521505048694231,-0.07849774027348617,1.414848611391545,-1.4577981654830878,-0.5088434867408314,1.2055514681366875,0.15702547441340073,0.41595415617671194,1
0.8290540891841394,0.7655151281476732,-1.0924641983419014,-0.37917654394626565,0.09761899340471579,0.45728364290558177,1.3602178790281392,-0.9287136917766713,-2.1197197294412726,-0.28209161976551284,1.3965331865196904,0.25640225876744116,1
2.5899087752870145,1.4058776747330763,-1.1510473343710266,-1.1987261197716648,-0.31892624068723313,0.14483477398385658,-0.5026391858392675,-1.5338010833204307,0.6223153147854559,0.2727041756605952,0.7258687900914923,-1.1045313629600546,1
2.015473550771268,1.3714571506424058,-0.30285362320201625,3.1991234061942495,0.26022492954140125,-0.5153007534146442,-0.23912882251637682,-0.19899267952512223,0.8379461027700302,0.8346112235137355,-0.41615761959238373,-1.3213570145932467,1
-3.687116169898271,2.0015843765313335,-0.9414331572710393,-0.5782017488219356,-0.6072056579325874,-0.7578265258609822,-1.6095864715135542,-0.9882345940295701,0.8811057010712456,-0.43149377956157714,0.12928428523035407,0.6057281986242312,1
-3.188334221155231,0.550920417926487,1.4210005047932426,-1.0661310416757324,-2.742799949039923,0.31206927100928095,-0.7117692007753745,2.876713288984509,0.6525223282169319,0.06088526084035661,0.38486831723746967,-1.648194281333218,1
-0.9074814907113739,1.2902553927961387,0.9463754541081443,0.4067072179527733,1.3468926561124845,-1.8859944010418346,-1.1571766088266304,-1.064551240329206,0.48322253908813945,0.12105426047893283,-0.2593074375315005,0.9922206942449722,1
-5.624158803665007,1.4451673017416875,0.8975769042587627,0.6710736897985831,-2.019624746736957,0.21236148804263402,-1.1384271072172953,-0.07845521894989743,0.18386052199762287,-0.4562575808234663,-0.8349194630306167,0.5380259204511043,1
2.7279606369149967,0.8896451745044247,-0.023169328600876348,2.8828158977828595,0.41887054657462985,1.083928144478956,-1.6680893140863053,-1.314986742045083,-0.4944999115194948,-0.4768235490496289,0.3934452345810279,0.6383027362050747,1
3.779376527933837,-0.25742744084715247,1.9451719784827413,0.06213301185181053,1.2318062542995227,-0.3108861250360061,-0.64344669803901,0.2948907789055908,0.6728732342504016,-0.6058077329001862,-1.4799896312031393,0.943605168767955,1
3.4557799859145,0.07162273794591881,-1.1266337948545309,-0.38574778781644464,-0.9270192718770414,-0.5216771783948733,-0.5532571087123006,0.2500485912142131,0.02762826581449361,-1.0624422527133093,-0.9834000905944746,0.29976283278512206,1
1.0783359532635282,-1.1974739128762297,1.1088890565283016,-0.5631538730513443,2.356817293250995,0.9602749294728198,-0.8900862202813867,-0.39213230675835864,-0.5011216797118165,1.5122084437042944,1.5347866259258485,-0.10620816233063668,0
-5.327259697873468,1.3105672460068534,1.2672423783706561,1.145765263685119,-2.0649444800189958,0.1451084941394155,-0.9659208505344216,-1.1328931937804727,-0.5376433545830306,-0.34616856907383164,0.029834724669712674,0.9316348259053083,1
2.7730618970594447,-1.4347906621166053,3.561365775618033,-0.021919643061744175,-0.3760532437248309,-0.4998193686098616,-0.8176499981467015,0.22743735093673972,0.8527996898690319,-0.5674819292020444,-1.5288068454182182,0.5749286556222846,1
-0.8014879662571746,1.4163436541398784,-1.6190110967368607,0.4459143721785121,-0.7454414911585807,-0.5920422045044328,0.6689076454386057,-0.09134378130236184,-2.406780175103951,-0.9514754603730449,-0.2735478341547494,1.172715286264576,1
2.4178020154908237,-0.4516650182969922,0.28327701850736464,-1.0125773260187445,1.2435147217297768,-1.540279854902727,1.0590168068550274,1.6334714461849789,-0.17751061285495734,-0.907975594538874,-1.0220687966177118,-1.5158473974554878,1
-3.6890112949006473,-0.20992946361431594,0.2297461956334949,-1.0277825000660634,2.8062096519412716,0.9161024106247804,1.1779154782124486,-0.15149682147202706,-0.05041700471241618,0.5103633652198212,-0.685114144307827,0.5916766957476587,0
1.8388969915378508,0.12464973313260608,1.6380475574934446,-1.1007414807104297,-1.5357333837714802,0.7478142145976535,0.9923478891086094,-0.20915490081374846,0.33072178840241623,0.6226267484369666,-1.0640915354435554,-0.5309309261834576,1
-3.4412250695362823,-0.8816805437223884,-2.155630636501694,0.557032501105665,0.6850604625381744,2.088479378431172,0.5274705199221104,-0.12112272203787994,-0.20356033366810092,0.11885720333677444,-0.36317994264422465,0.06322924484056372,0
-1.1994250202760055,0.9463292178383884,-1.0050892986179756,-0.38826720768357514,-0.3576323393690683,-0.9114016682611259,-0.1686145290692854,-0.09270082926328416,0.8644153565668096,0.25543696284019285,-0.14584317815237463,-1.234995491098801,1
-1.3332012890602434,1.4923670193304701,0.8232286806214758,-0.9352623392394003,1.2427017177268533,-0.7646724501194312,0.10023082160281632,1.6768734255985493,1.1622914995933569,1.7752576892940128,0.7689724814098128,0.5950217758503414,1
1.2086736429893603,1.6632386023443548,-0.9815931782182005,-0.40763989912068027,-0.8021199785709181,0.5909898790653857,0.0885840679352584,-0.09121022727030778,1.3358678639782162,-0.007824618043928642,-0.19542264903694062,-0.7365183882817569,1
-1.2250523748636244,0.2787023921264622,1.4689612430331904,-0.28005382803281753,-2.480376136326031,-0.35725606455501613,-1.033805748375691,-1.5271882790849742,0.22442202399390354,-0.42621507714935564,-0.19611196352922947,0.3916514248970054,1
1.1933014576324918,1.363522111740674,-0.7311023788821239,0.6707582912704928,-0.1030195877975714,-0.6649034561390096,1.4699992921819502,0.45254947983104166,-0.2841823202651253,0.45024923791001253,-0.7607104493013501,-0.23594760105826823,1
2.5897072004151847,1.308451267800093,-0.7431922129658107,3.7161462779540386,0.2076442569534542,1.1602332138366893,0.6474012760577372,0.7053056874631252,0.37715091393864164,0.7904347100037675,-1.3766090909760924,-0.5979834611870128,1
-2.6028829657904278,2.030637574389554,-0.9461638993227525,3.4097751591787184,-0.3747955969669639,1.19695633365069,0.02778086409157033,1.1275032952542399,0.36734544636064603,-0.254392573892647,-0.7016585007699813,-1.270853193483351,1
0.39658153701901994,0.015100584043522354,3.5002034491754936,-1.160090106483156,-0.490476201077986,0.14845563383740487,-0.13797621581756286,0.9808039382941292,0.5523809427579248,1.7946305023916145,0.7236755923725824,0.13929453716625528,1
0.2779712439305289,2.161310335264548,-0.8090738535252753,-0.05074429709332093,-0.7877456051814006,0.6459839043239203,-0.05972244111368819,-0.027393508484868566,-0.14872287267617781,-0.772041275586775,-0.6433086346198226,1.5013302242612485,1
2.5305101569043775,1.2095299287155137,-1.1183870214281488,-0.9570630897488669,-0.7453447044988313,0.3217435249005451,0.7672127837486318,1.7439801889789208,-0.42625904049137053,1.3656529868788525,0.8047594492023732,0.38751162563397584,1
-0.17069964528031162,0.7874924603545328,1.2549803601489065,0.0485683830506048,0.3814347695676032,-2.0472231516469472,-1.0592612155301964,-1.365667103047063,0.6596241495765615,0.28928489474764935,-0.5035185249312971,0.7366295186969565,1
-5.910985874444283,-0.46633873181083624,-2.2040152867238323,0.3601396157336059,-0.2315185509703816,1.3789701435839044,-0.06346875168322064,0.7986353956702472,0.953068025600761,-0.021691509392271616,-0.5277817588026531,-0.38574123605489546,0
2.5278932345060263,-0.1255103101852716,-1.5454142139276947,-0.34842966835117245,-1.1099295729260192,-0.5273504257877625,-0.041968967568574156,1.3173044555970757,1.402944790359664,-0.4869784876506806,-1.321867835523652,-2.034846159635079,1
-6.141003361549768,2.5019638958648316,-0.8137972066278369,0.08254586468830674,-0.547209877986992,-0.39014817541128105,-1.1048680408935379,-0.8775819124099653,-0.20102754643784354,-0.5840237109155493,0.3389224604517177,1.0209032589624836,1
-0.7139390946574,-1.036707556322904,-0.2710986301024352,-0.9522129609685123,2.0685369954967765,-1.1051264278303177,-0.19323648231322654,-1.4938368780694944,-0.5910986878508852,0.33847526094567504,-0.5870196775407551,1.590711441807432,0
-3.798159098895108,-0.12775800698567108,0.02129371471073474,-0.5544118520482411,2.5809155310002585,0.5209556599745924,0.08581339974545495,0.30850097661513126,1.0189651931411512,0.2447402255317482,-1.1201024029889441,-0.5810681631955276,0
-2.9667518909048765,1.9579356559621806,-0.6390457295938695,0.57122206347581,-0.29402387103100197,-0.16790823169046004,-0.28685130650933055,0.15227055318283605,0.5414290647706558,-0.5013914155532174,0.17599385596605338,-1.3591508762613833,1
-3.5153791545535653,1.8902626624316858,-1.0940144422441755,0.2845549900750699,-0.4991862615380096,-0.3133240395363977,0.6801762756004334,0.632894001913135,-0.32166535078024766,-0.21014031804533886,-1.4326265592237426,1.8416423985451396,1
0.06813757473329947,0.16815900787232657,2.099043754030216,3.748439246595756,-1.3104769610662508,1.108460354150569,0.5824390139762464,-0.02608707313173394,0.3430188323847942,1.214613476581794,-1.2675040765257313,-0.5686041542488279,1
-3.7715978542219126,-4.972333611520163,0.07833214797060449,0.062110540489334225,-1.4149790483629128,-0.18645366400285338,-1.474746229656698,-1.0781390258255938,0.5039818784994774,0.16151812343879016,-0.3461726933971621,1.0499090188039424,0
-0.7853389434607838,0.2212859264784752,2.0659969180262165,3.096777438420451,-1.492239254582024,0.002771301676559364,-2.26955321569566,-1.5698887693640644,-0.3918580316055249,-0.4389139174267201,0.23863564413712493,-0.5757372143599798,1
1.2672031914923416,1.1765409956031294,0.8601219962131234,0.5723732821749343,1.6363555162566472,-1.2179842312358289,1.6585538797865051,0.6377403333046996,-0.9090622905710858,0.0397980832428849,-0.5435072497693183,-0.2243499299909878,1
-5.835516290676443,1.0970399112167497,-0.21826816214163186,-1.1242523740751365,1.8923391468491186,-0.4575001399348128,0.49560190214733024,-0.03670635707652546,0.16792078052652568,0.1974527457637472,-0.33893284492385056,-0.5200150955813657,0
2.1586689594968043,1.1106544567231953,-1.0380472601191557,-0.056248353005746383,-1.0781930050545772,-0.8492121544663779,-1.3198861089828904,-1.5074608549970803,-0.12504605368864852,-0.6299125408616751,0.18545730324715656,0.14506345819328142,1
-1.1971548477123246,0.7889056657370463,2.123977431945122,0.1468666274879938,-1.972642005776478,0.4843371506889321,0.41284712858583456,-0.3458011043639206,-0.28632356585676566,0.022317414061726232,-0.021271309599811265,-0.8807139000182461,1
1.1177981329658928,0.8243601669748462,-0.840147260668943,3.894419671955562,-0.6308261780407195,0.22162233039090617,0.7934713357741423,0.2661827241462856,0.06004273388030057,0.7747562665248138,-0.8778027384070209,-0.7048321957188598,1
3.7164278603483645,1.4612897865139802,1.9798378951535864,-1.3871062971004668,1.99185236319098,1.1717605293032118,-0.3315632036268732,2.19878582140997,1.1780528310290603,0.6678865601247871,0.9363077598677696,0.4647425039835974,1
-1.2732448871673778,-3.2630143525645336,2.1266218779087542,-0.41793701858418153,0.9540812909139172,0.9848009105257621,-0.08649740664261424,-0.2990054377976084,0.6072056779873358,0.4562991756282371,-1.3836056464540567,-1.0599505018989914,0
1.8519591886800602,1.1632595618874,-1.428425961974409,-0.05389094720753137,-0.7961865751564399,-0.33619875973941055,0.6514088037297557,0.2315662156432114,-0.0234271663454977,-0.09810512538499155,-0.46250506910333655,-1.1664169358686265,1
1.859053075190971,1.4005926703133094,-0.7759751821991381,-0.7629417713085237,-0.42310811655324365,0.8488467140110229,-1.2566424054566585,0.30932198265004124,0.38574366503507973,0.6435664680443893,2.4198994783833507,-0.5548085557406316,1
2.109392184659468,0.4044368026375227,-1.1686622265691027,-0.7338349488486658,-1.2106105726694825,-0.8362787929853989,-1.8972564631352804,0.16228168159629486,-0.2036620783992294,0.48653450651130536,1.6452955022070646,0.9457816687034019,1
-5.235213550661858,2.190015692838444,-0.5498598575367064,0.9629197593117488,-0.2739078844131914,0.4151295871846275,-0.35607749425481816,1.9904338145046754,-0.07230847041114452,0.9552755314543102,1.5808514276065606,0.27317532237332987,1
-3.959110395119255,0.8706409819588156,0.978270204249069,-0.23082871407683064,-2.0068103398030486,0.04138372052081604,1.7371265094217452,-1.4621008608515034,-1.0401805910742432,1.551310060801265,0.11042688621764402,0.7288061637205393,1
-2.5902676195359944,1.4837983274978175,-0.9099639845011465,-0.4204631519761848,-0.6537630564551539,-1.00411907954775,-0.9504499876742056,1.4864237746388569,-0.06521011236731107,0.8308691214990614,1.6760608231131726,-1.07594482043079,1
1.9192613942202854,0.629224480162355,1.880811155412622,-0.8817477939025731,-1.2472665841939383,1.4717083231598218,0.5109561556968447,-0.5829932750107586,0.8138178268128329,0.3371924952867203,-0.617953911274052,-0.5124064555118898,1
-3.2028750306074674,1.862326495938013,-1.0342697682467403,0.19399554200334573,-0.3598309986878858,-1.168223198387646,-0.12724338611333902,-1.0069372158970045,-0.2510929425758944,0.3000917032799559,0.9491152451482147,-0.9869683439165655,1
-5.635990025789457,2.0598765447852068,0.4041014402732785,-0.43415384812773355,0.9156441231227394,-1.670582017045873,-1.0044949160029286,0.2997195192745924,0.27295521418252106,-0.9430605657036251,-0.5312735504473359,0.446503986661787,1
1.0406281276872023,0.9103324736898757,0.6586448214455396,-0.06708321232554726,1.268033196551247,-1.6226848214737981,0.6895841254161522,0.5079334846567788,0.26557764865930006,0.017866363361216553,-0.6262418103764847,-1.0316723165821906,1
-4.763374194752862,2.2200572909289495,0.9570186809619821,3.184157117469988,1.5195563409034367,-1.1805050452535446,-1.734121576366132,0.2737291392184042,0.3345260997822288,-0.7178012471430231,-0.5569712734059195,-0.10479506609769333,1
0.02484224647765094,1.6932314727053357,-1.1275051420584845,0.011955697412696718,-1.2775935083599448,-0.035606431407386424,-0.5387925613198798,0.39841273861532694,0.32936409171035325,-1.1302317388746888,-1.0305270056683014,0.4862273185001687,1
-5.3124772938335365,1.5144529994724087,1.1302364961490283,-0.3881716678982853,-1.8484934280258394,0.8706985401674411,1.2805222657952782,0.02676867960699878,-0.44838334312095124,0.4077208899045971,-0.16923056245720053,0.17800990186006882,1
3.588627865959872,0.13653442135637056,-1.0298264119246312,-0.662576632514427,-0.3427223420371688,0.6733173191870043,0.6170889207440337,1.8215053994035912,-0.3308100663989666,1.2355790648854545,0.808588540586091,0.4481886876232517,1
-2.7300765785272674,1.6462540327258324,-1.3915469295247433,0.2523674623754837,-0.6942073769343351,0.1140272293440489,-0.012286015199028354,-0.007415386261938682,-0.3044361807095202,-0.26409593149631383,0.35249754512143006,-1.0785953563792177,1
4.507011036797843,0.18195302695370769,5.28231560450091,-1.398952967037555,1.6547797789578935,2.912744300595594,0.4483786070649079,0.8273486656164624,-0.4214705293072097,-1.2377116902726553,-0.29234282935952677,-0.28544712439243386,1
-3.625454574194906,-5.348449671608998,1.6084829104585021,0.019199040056676133,-0.12364162718947916,-0.6296248536901079,-1.0273235840858834,0.7255179841607862,-1.1484760078474725,0.9080763739023484,1.3116009363778867,2.2983632096072917,0
1.7447789535287828,1.1157042477254213,-1.132594954948854,-0.4190784957292931,-0.9789581803341108,-0.7815581645081409,-1.2783308731138268,-1.436530084007226,-0.21345760391885402,-0.6630575527601192,0.2849244791302036,0.2443143188749888,1
1.887801646624174,1.651241038937834,1.3610357654568537,-1.855629282906339,2.26202175940866,-0.08600533826856414,-0.717610811924467,-0.9753935119292786,0.6477896069566917,-0.7477686363096444,1.1877333169146564,-1.1546983507597557,1
2.7158232742890247,1.8809729554431756,-2.3542534629207736,0.5594581160472585,0.9053568716909937,-1.4636969100293415,1.7620918407525312,0.5199706456544161,-1.187660531317403,0.6409291270705877,-0.7633396022074461,-0.47171426471842065,1
1.4767315023538834,0.9570010528456018,0.4944897945798618,-1.1298739817422268,1.1018065016162588,-1.8872695136193733,1.2498450556269005,0.9737160783811792,-0.3878911514660572,-0.49889123415644193,-0.7480006043840054,-1.27322130622445,1
2.9500950160730692,2.2478256921080026,2.2612102743962135,-1.0850319463985785,2.0950977692974493,0.5636613426504753,0.21446880273345814,0.31291061256311054,-0.06706742549899472,-0.9941725604541466,-0.4886817101999472,2.235724471408391,1
2.2321534446262814,1.3637099172198694,-0.3820061182871608,3.8523153458184,-0.15805669723104743,0.6816465430559299,0.6289633677715828,-0.10337334233947419,-0.1866212630238373,0.6668284192217424,-0.21405267707247866,-0.37324333092866185,1
-6.04239667319467,2.5982557379300957,0.5963865352164939,-0.8042366369491575,0.9795563414735187,-1.1611627211261746,0.14921412701376371,0.3511843012961053,-0.15407904769298622,-0.35290361717637003,-0.7507736234246812,1.762737665986281,1
0.6641257055096585,0.6230125089213467,2.970783858493315,2.9099546467580923,-0.7418683567776077,1.6339589087742978,-0.6542178774079112,0.2950767956730764,-1.5107800168585852,1.2626415151631774,2.541851083377297,0.015161954369109526,1
-2.9694610007471627,2.14488991453623,-1.0546981854801314,0.05627702132793782,-0.8217414109171066,0.8826865483470101,0.5562425687850682,0.20440343516806142,0.19597021073402648,-0.21867767506361246,0.18245265334503422,-0.23433519691564048,1
2.9226332080201685,0.17327128784934906,-1.3046915465059996,-0.08067198893210543,-0.6705894089303105,-0.3409686715623659,1.076395769329807,-1.2817628218711923,-0.09754232286110893,0.9005692847857346,0.3569828857668701,0.1272124227728367,1
0.37520280409856194,1.619238237702565,0.9167515864754041,-0.8515420294488824,0.9588961158197967,-1.5670713107968477,0.4894460147002143,0.4535408225962295,-0.3284133157194474,-0.34271296832438125,-1.3097399305140125,1.4015149576534571,1
3.181737246300052,1.4565921129008903,-0.31108037917203657,0.25249581292622714,0.08164297125436479,0.8782964785759726,-1.5947178665526565,0.24689131498384326,-0.43152627656707593,-1.9071121896299146,-0.3985251650490778,-0.2353579143624239,1
-0.4168309271255947,1.1192462413494624,1.572595711065283,-0.5423023677945304,0.449952450874485,-1.69260527180728,-0.5455272907973736,-0.07634462194242492,-0.10612414093158624,-0.6496302821157377,-0.6783462290872926,0.6109494225412149,1
-1.5278418323305247,-3.1554405582146767,-2.550311411209377,-0.9198655066941378,0.6052121105199676,0.46886854420169866,-1.7729399681137825,-1.2049047995323512,-0.44452570197663677,-0.8278382081111572,0.3406991965185622,0.5703906409117587,0
2.261625937435591,1.3808258797695157,-0.8688101700241203,-1.0162098102888737,-0.6886635222134027,-0.054687190834590546,-1.113883473214071,-1.4902484163168468,0.3013284252593799,-0.2002188048230113,0.03439641625482026,0.9418943508419663,1
1.0954298622421583,-2.5959902896438383,-1.9091496297883133,-0.39554745782820794,1.6342530200360144,2.1107654159240337,0.501253658618106,-1.5818443573893193,-1.4586911322734901,0.09124303942480193,0.6186611604977614,0.0718615113537466,0
-0.31703849658877337,1.3970750107142202,1.0724852712287305,0.0008768053834738866,1.3761844843572228,-1.6258184691339663,1.1201869266251687,0.7379410476106727,-0.594655313481744,-0.318512679081231,-0.2447350130762531,-0.7451883860283275,1
-1.7030715159929348,-2.484001136816239,-2.899000045968311,-0.11807558104514612,-0.22514879212054448,-0.02613003989496462,0.9447557383566616,-1.241886893703918,0.4409731205164813,1.6990216068787753,-0.20729383683122637,0.6775424923255883,0
2.502095915191357,1.324665771839333,-0.6861551707942537,0.18671524398180697,-0.7619816699861559,0.0928200747045107,0.8659343897263085,0.9463217554952114,-0.6202552768782396,-0.9358755173466828,-0.35052309502192036,-1.2635448899616466,1
2.6006460299085545,1.3419350318329288,0.5368126954986042,2.89452401207798,0.8026961897880531,0.34720516643879257,-0.4897496964961187,-1.217610255311607,0.008226609264157485,0.4136278528257341,0.8499090552363433,-0.9870660421334665,1
-5.351353951448712,2.219433825032249,0.6413780196154132,-0.5556685949346823,1.4963549633781907,-0.40425144808937685,0.7227545662408899,0.3370258535224359,0.9065689688710042,0.623306050492837,-0.40671271424080147,0.27049053995350586,1
-4.006625170316883,2.1369601452759728,-0.4188320971108664,0.43198276590410234,-0.4159011456610109,0.44191163691343793,-1.2343380253427145,2.245806330241653,1.082577838112397,0.7214205471376665,1.07464513232455,-0.6958741934612079,1
2.060641608976626,1.295365345614003,-0.03920538469255122,0.49131434599833734,0.23557380092481078,-0.15000812138805145,-0.4640884518163567,-1.2963497630169272,0.03734386215019539,0.3235167448231115,-0.3396389212431359,1.7938837379670007,1
-2.51656038714777,1.6593690731517956,-0.8891796527388929,-0.8285099246792116,-0.5460150928642434,-0.641848759498641,0.012017094022789691,2.1089427334548163,-0.34002092606120937,1.0491995601329227,1.1842134695545898,-0.25701871001066456,1
3.1388358829202563,-0.09415366128444817,1.2200373104094209,4.756101457195226,1.4679795363955463,-1.726381708420755,2.724786256702167,-1.034204983392497,3.2899921672587693,-3.18694510765931,3.736966328783967,0.6629387045784748,1
2.7642174827762096,-0.009869507692092648,-0.6838891912846515,-0.3149416842637198,-0.25622327930548,-0.8575350416328453,0.6502901570286869,0.19286896585771204,0.42361709794448293,0.0021299090553392407,-0.7069810835927479,-1.2386330679546627,1
-2.881506200934548,1.448417197254222,0.5292927964723269,1.027820222336916,-1.7054885237526138,1.0901395118040709,-0.1318817574031828,-1.379123174785719,-1.084828041463393,0.13924399069994825,-0.056167501833710595,2.1123980888073204,1
4.7735368969984195,-0.3439001644938796,3.479436849585702,-1.336848812393286,1.278514946162545,0.8899052107111621,-1.0529511772300884,0.7919174442302808,0.07311579054077125,-2.053847936765875,-0.9983181459935357,0.292162627612189,1
-1.747595388339505,1.9556679782981823,1.255781502635918,-0.22537115389501233,1.5862991138311857,-0.8676451745822854,-1.842904409910673,-0.9863541233982671,1.0627395767626349,-0.6070556748214421,0.007435919404103468,0.6153343338674775,1
-0.28706279968818393,0.8004241030763608,2.168871419983544,-1.2216298368598557,-2.121250497396649,0.481395394734922,-1.4251157776032675,-0.3006287649296618,0.3191066762311785,-1.5626251404446134,-0.29942029446227825,-0.15919136114502455,1
3.848452891467829,0.5155196132596805,-0.1554361038418933,3.0616120271683473,0.3138488468592543,1.1116021586264546,-0.23338701362277425,0.4842871088487862,0.1578023830952127,-0.33579991703666817,-0.11168131285015702,-1.2943629425810745,1
-1.0903975459679567,1.4678026561238167,1.0076428771432584,-0.43400771153226364,1.7181308135807178,-0.8617153781515916,0.4698296449142708,0.24913098791728217,-0.06956646801673988,-0.6592551038641619,0.19991199999208567,-0.930400438182006,1
1.7477443689067236,-0.4860896261974934,-1.1793988446628214,0.12451376688112176,0.16939426617887288,0.5124601095579296,0.8377246074448855,-0.6956855175500886,-0.40128001876404795,0.4357788915651425,0.9064461809212615,0.640711536584359,1
-6.283380681923581,2.5222934919892164,0.5638738041236343,-0.3755355935650189,0.9449840751371644,-1.3823854980627621,-0.5390482439246022,0.3851855495426303,0.02772609950374921,-0.7194127474423619,-0.5656547112778665,1.0575745576820168,1
-1.3912731215735357,2.241809807470843,1.4480070474611215,-0.606447311598956,1.5874323373904193,-0.3664099758776877,0.5967894975398553,0.8765255487268332,0.5962610052091196,-0.4738652537264639,-0.285616587867546,-0.4978085254027661,1
1.1195102807453576,0.4464590228646656,2.316860410602782,-1.0931174638168817,-2.094302056936405,0.5309159515612004,-0.17161355191588296,1.0753574992998873,-0.2519422494107225,1.0746810279620358,1.3889551891396548,-0.31793821425834645,1
0.9315749128304819,0.9161487090926911,2.3687685386556,3.701944908648014,1.5708088421519903,-0.3043331305058039,-0.9409049979816416,0.35585308149780487,-0.2316681339485622,-0.48355488409500563,-1.2567895344678441,0.42257324368491245,1
-0.6231724335777514,1.8300564688389227,0.07679096064761806,0.9158452371320298,0.22355584105249957,0.42656136705143743,0.6227212108434524,0.5406394373985068,-0.31221941614347176,-0.1924030993247655,-0.2874228421858291,-0.5179857440918517,1
1.6168194242747842,-2.042225596823195,-1.966126962752336,0.3085031622129282,1.2021005242288145,1.6071021807280932,1.2960534268207897,0.07214546513419583,-2.073152808357533,-0.6437435908612301,-0.36044144638133147,-0.48531002399559925,0
2.4688661113181416,1.444666083373188,-0.44952971098858535,-0.48908122124558956,-0.08663354501602101,0.757919019287098,0.07282082955782529,-1.2102834821345858,-0.27108714242535903,-0.06185752471666275,1.0903776837075285,-0.41043804521778704,1
-2.47398889721576,2.09169207146341,1.1873081754451331,-0.685572312677802,1.5949834614376617,-0.27026622923141963,1.2591345525311375,0.2783942404497021,0.30518444866360994,0.2651639392843558,-0.257275616967945,0.43088627829429327,1
-3.3103173446218497,2.2203494944212805,-0.527971266990192,-0.16187236341064817,0.10372090616108424,-0.3086276924696106,-0.6846021939931767,-1.0561192796316172,-0.34090093591582843,-0.19887889703448605,1.2794941849981598,-1.2426746640956174,1
0.7999665085649011,1.5187360357114275,1.7662010427123185,0.3517547342278765,2.3790835953376597,-0.5677618907615971,-0.10102708316658772,-0.9484393644235526,-1.5381369523784274,-0.6094528082074959,0.3208554990636318,1.8424926725993396,1
-6.044546345394007,2.593124371178908,-0.4676819211851829,0.8533832294548267,-0.27550679928651156,0.44326652664513444,0.27429774757433983,0.3830214455038352,0.10564758396438471,-0.20581436051230037,0.21415725713145778,-0.37993542030974686,1
2.2162926157562857,-0.5240470766579536,-3.4475201090652092,-0.10390934583056548,0.3537763947939455,-1.076091514987103,-0.8250851833439259,-1.7808461110708802,-1.062947851714911,0.021057051077632165,-0.381377395794229,0.23987082001882656,0
-0.19197009055501682,-3.014946207210476,3.6993565955730987,-1.223912115230732,2.0661377521113335,2.9530629451726753,-1.3898130520701069,0.17609798231302842,0.013223995530390826,1.2335570451206441,2.0205401173240336,0.8032782947818413,0
-0.9668327817908029,1.8137303376008198,0.7135510740183709,-0.8184868232465146,0.8489690875862325,-1.399339023967353,-0.8601450959840028,0.05903767995478155,1.1992305047899379,-0.47077075336515933,-0.989106306471634,0.7339181298009968,1
0.7980742744555508,2.2439723619014553,-0.03775726548787216,-0.3865206709083518,0.3030188436626965,0.01688274951098097,0.7122918292980681,-0.7964889116686347,-1.2453950364637438,-0.8255388139117211,1.4974824694283955,-0.5233944522387357,1
3.747541633027862,1.0892890324362305,1.2522448593380693,-0.23987670671784977,1.2146387293366583,-1.037350964587196,-0.4081626785107089,2.0972626573190656,-0.48167264795458253,0.5005452304817986,0.2096534710554337,1.945416275619779,1
-3.008233047227848,-0.40089797151838913,0.09459319129893234,-0.9822733495987651,2.827320255078848,0.7885729955700128,0.613915685140457,-0.17256816910159378,0.8194070889700737,0.6879364905497262,-0.8630834012512774,0.3093295576775419,0
-5.465440672425522,2.557524050674552,-0.47215190074940894,-0.8816441230699144,-0.6737028200662439,-0.06686586369067953,-2.4275964472963323,1.7151971046033896,-0.02014840298719406,-0.5138579218559751,1.4488837392901495,0.5407618677879014,1
-6.055272761796342,2.858035755275893,-0.7931392325538682,0.41728794229095073,-0.19702227797163765,0.03912739867472968,0.44843981388888404,0.4274841758081011,-0.7548256656763837,-0.6580950462624421,0.5833213177448914,-0.7268357600630876,1
-2.8632319908313675,2.0639462921338287,-0.22932811431158595,3.262548267445812,0.6214986771312376,0.811920935089695,-0.3040068425480143,0.22972812929203543,0.23232208653483385,-0.00152109334647579,0.14418020046064917,-0.9962357442586449,1
0.8928384175001065,-0.90597453544819,-1.6663176964396464,0.5445163600625852,1.026841910762474,2.3204565503595997,0.8364884616221588,-0.2661772725068627,-0.058038165446813096,0.7711475292981894,-1.340972116109118,0.11651033229032573,0
-4.8849224476919835,2.450345675918327,-0.6176092690082583,0.30275172846012843,-0.06349061959728204,0.5777995025400282,0.06478367198150718,0.25579844612876707,0.8103907665227942,0.1539869024051751,-0.061158368947767675,-0.3354191142932336,1
1.3464827109013562,-1.6812565208509211,3.227329407995835,-1.0147489908651952,-0.3154820784025665,-0.15698813843417417,0.1292112086703621,-1.17469834597152,0.964494421047777,0.7552514951212885,0.3346077532981108,-0.1204007409570629,1
-4.1304950990666836,0.43121949279989064,-1.9665998339168336,0.9656537402695458,-0.15792216358515745,0.6741838576339897,-0.7127123095836992,0.6377095799618919,-1.720080844347447,-2.1030916613472095,-0.32646168240267937,0.17852982159026046,0
-3.2683130822809168,2.636596423312554,-1.0257121282068913,0.44953779599725135,-0.6420574493389252,0.927559354776754,0.0789894006053307,0.24136391141958963,0.09720708433488867,-0.5134600231391948,0.38839820360338856,-0.6748412458549776,1
-4.689628628153598,-3.6151481530928584,2.1729668005206566,0.8335335815858489,0.215424370203589,-0.6181693816428718,0.9321785339975927,0.7111072464274617,-4.190091056118866,-2.27288068405917,-0.18635140540033265,0.7521786061451394,0
0.8850213375061113,0.06162410581799985,3.696611660112492,-1.496184413160523,-0.4548223769067287,-0.11141363756170626,-0.7568806126409848,-0.10756222884642515,-0.7277864911002379,1.1968349420097941,1.0761204649512783,2.2662587673738748,1
-1.990950405724125,-3.3440574808930545,-1.8094980233548372,0.49923466768981195,1.5304320798718474,0.412588843757198,0.47552571243510944,-0.8609600717951674,-1.1072204192712976,0.21739212016296094,0.7459800460265263,0.10920241818742654,0
2.9732700136808177,0.9648531932967116,-0.9441274026639939,-1.0255791207451226,-0.44115691866375156,0.6669218192996745,0.12082654788710392,-1.374949233957079,-0.08440118101483628,-0.1584042848451405,-0.23809677323823547,1.9903220842080929,1
-0.5677647423966669,-2.2220290631331645,-2.2659616644205376,-0.6879458867450089,0.9724200192696048,2.475177654024649,0.99067629372798,1.3224695037366725,0.14163139619430554,-0.512135965016668,-1.5651159476496017,-0.28975649718667934,0
-1.8589477214159846,1.723723478515385,0.8014023928613533,-0.45722066209100215,1.5752838528135544,-0.9087287149241485,1.3165799257268975,-0.06566390786481321,0.38284174585038905,1.1864700059314088,-0.7373857528691579,0.4807228579298697,1
-2.226773522453007,0.6434445763712809,3.7354541759007773,-0.946134242966248,-0.4050090248368096,-0.29029780600378796,-0.4229565027110106,-0.14991949480475614,0.887046117250703,-0.012701675177893858,-0.012733520817113304,-1.2037900658715488,1
-2.6400528223261466,0.4635768282356812,1.927368800898791,-0.38957981770303307,-1.9409032835112052,1.076800221208261,1.0232111263776007,0.16626408576642632,0.2541554849950465,0.6587015598797749,-0.8557157703309569,0.019291751903420827,1
-2.9707704449520485,1.5217344065006084,-1.274483003173517,-0.411064191428996,-0.3377821892338018,-0.8969751116466996,1.366587449086492,-1.1562846673308593,-0.5803634181499611,1.2437864059618886,0.3553194886681819,0.44774022525627516,1
1.354713248877274,1.1619070501820588,-1.3418877466875663,-0.5438622483664618,-1.004028446353316,-0.6755166924766262,0.3871025444087316,-1.3015862223560182,0.0056174234752834375,0.44266338563815816,0.7173834847772008,-0.6703207892671849,1
-1.1284352246582086,1.055069831014603,0.3123055566831505,-0.6145820625283972,1.3341148934006521,-1.9262081015932548,1.654850519420727,-1.1348481358560636,-0.2530712479347597,1.498751129081038,0.0018194299929892449,0.6173303252164474,1
-2.9962269682144718,1.6804161269131666,-0.7827095150052432,-0.68054342030769,-0.43394160666854126,0.04620762898354395,0.61172523637346,1.6632859961121327,-0.6675546591470057,0.9993791793188833,1.4559492724897771,0.4564182101566587,1
3.5835654591413397,0.7218054454373868,-0.9641664668580473,-0.550737724249512,-0.9870221911789174,-0.1824185096694139,-1.048066079194859,1.814657989843416,1.0152787989069108,0.7716800163870414,1.0366308337874592,-1.1434365151842334,1
-2.766921093032833,1.667664802346661,-1.7914624631909712,-0.3997462504766373,-1.287512084343572,-0.5772162798325364,0.8114382987445156,-0.11541233324275402,-0.24664090498685018,0.33935035289417337,-0.014717803603321328,-0.6227664261721252,1
1.8788357769309885,1.245042147440278,-1.6460237500395245,0.6389057136591114,-0.8703459704699197,-0.8179619845863348,-0.2833645579572789,-1.4935295881650816,0.009354196273687944,0.6638929353890152,-0.5917391067520281,1.456528377601515,1
2.437342197607568,-0.2401519105865356,-1.5787868386262063,-0.6098759510496534,-0.5178142938272094,-0.01124799760463033,1.2239622989119021,-1.3391677544963525,0.5061195399463437,1.4991091641807084,-0.03123964469321823,0.7127537378940195,1
-2.7961476957843288,2.0276206189229935,0.31090760111734367,-0.9693772355516618,0.9519307258873468,-1.6171012179582323,-0.14503134434299983,0.004737543023075071,0.8695096234841144,0.10528295769125988,-1.3132434521898753,1.35020834476819,1
2.2382890243519395,0.2502436527182312,-0.019738627831816843,-0.47763148977731923,0.7345160266982731,-2.0268356222999993,2.108489120997817,0.3199069476537878,0.1763081719608301,1.0263166078743742,-1.3226586438735315,-0.002134566592310743,1
2.611015147132434,1.0377101747656434,-0.8406418124197375,0.8244236269306406,-0.1924065675927588,0.8136053474864821,1.7356763964226507,0.41823693593088335,-0.514354329768913,0.40992571205430794,-0.7147000727206848,0.44519423116387197,1
-2.000183586220022,-1.1490734077595093,1.2111479757769754,-1.4751799688723306,-0.7073551782592016,1.8921815116696357,0.6221458761912844,-1.1737865793844804,-1.4076247696056634,-0.13316451716923142,-0.3029661183667155,-0.981792900071924,0
-4.62493253662459,2.36205528587816,-0.6722402312528927,0.5983900426697951,-0.19095354863210678,0.457937216035379,1.2771575512046422,0.23712061822826355,-0.10100332742864629,0.4262487619397234,-0.239019884363897,0.45305800343071106,1
-0.5427905244650391,-2.1169454481370344,-2.8630722979266143,1.3055655678013054,0.2854127806403849,0.04087680265724838,0.5484551301421225,-1.1440094935531042,0.20629440587179315,1.4773254341252653,-0.10860445541295495,0.3284300919157564,0
2.30374573976719,1.0837506820111287,-1.0718212407611234,-0.20737143864507368,-0.7613258027482074,0.12239790271731012,0.7819251025138989,0.15916470297392096,-0.5845410409694285,2.236322278777558,1.6703723985427945,1.1838556534878022,1
-2.9167136678647623,0.20902102168997663,1.27071576669122,-0.5372063533265664,-2.4110589112643677,-0.7767339995738999,0.041763287718212125,-1.438879286193074,-0.8113815524839458,-0.022234369526319676,0.9798006110162849,-1.4920261696718464,1
-3.2466715933792702,2.006271959917384,-1.3765988723403388,0.20990259240619288,-0.8478435309433088,0.5420629869008027,0.18983428519321816,0.15336178791695024,0.26390302810654465,-0.32344333937443537,0.1988791132031001,-0.7534355944245638,1
4.092732250916798,0.7679674147069472,-0.722095542885796,0.23039731487398224,-0.09674691454735601,0.5897900191664893,2.090830369552754,0.6586263722178918,-1.1738869468802953,-0.11861028171100199,-0.24796306717443062,0.4714554746441957,1
1.9768425789634703,0.9115069689170975,-1.0775448795317706,-0.8454602010859233,-0.6440575704660579,0.2342102557464809,0.10426802508988142,0.09988232391296467,-0.4277379237402076,1.7800109579268824,1.941703329564347,0.5361370688543069,1
1.4246184925843923,0.7681658104759901,1.0971673419521142,2.9748528156873477,1.5266066319655969,-1.4371240963342133,-2.0319042338039695,0.23837343317763213,0.451166957027585,1.8207577696740578,0.8218642985081936,1.3260148218694598,1
-0.056426924310820054,1.60116668412278,-1.1518317925063224,0.6362874703116848,-1.0825603289436116,-0.3919306086367,-1.0154080680340924,-0.23486703904592673,0.32217806466322385,-0.41816511685534186,-0.7802566608881065,0.5747568425260448,1
0.9778999292260053,1.9704875553012973,-0.5553766848759326,-0.08368704219333217,-0.618089920581554,1.020577094229707,-1.0241117906291,-0.19057604002306172,0.8106526057349979,-0.8293902748229047,-0.7439755945557323,0.9468603050935276,1
-1.7982068162732252,-2.8110332671322835,-2.673815319470441,1.3261053609156288,0.11234035809646041,-0.16529410833513308,0.06429008644621793,-0.8030199434413058,-0.15512036750856661,0.5826287057031192,0.5677472104855817,-0.24037654042008288,0
2.063451355534031,1.0984419757434563,-1.1693021470756935,-0.48303562890813534,-0.9039946961356768,-0.5508472189776582,-1.6436030287473546,-1.637193040287866,0.5437150987193781,-0.3182560430053732,-0.05672569094845639,0.1836873285217117,1
-0.3579365020472279,1.9264918366785297,-0.8282357553249169,0.6260813448733042,-0.35379883226412,0.7112824890583508,-0.7103612828264139,-0.9564903102991953,0.36409022396793156,-0.4827089397755337,1.1469796510186774,-1.101251436077886,1
1.3569061179012378,-0.6801332613626732,2.493076760344546,-1.1138040563647609,0.8111681172631924,0.06854202006674698,0.07150311698385414,0.4870776261239193,0.39765481067501385,-0.7205294516043275,-0.18714678149586408,-1.0846626270792454,1
1.646192671522961,1.063355460411726,0.6841850735982389,-0.8319195412570921,1.072351646124125,-2.449937529527618,-1.5004551373938426,-1.2592227308565895,0.1216763255324997,-0.7085044152631579,0.18586839751158754,-0.1308752442543001,1
-0.3540802857195521,1.1480136721713998,-1.3316226626770107,0.3067013844440266,-0.8964577830682953,0.4827485234962138,0.44736110052233297,0.43393148489373223,-0.08637481590881652,-0.48851656552824113,-1.4169244742114566,1.6720786412472128,1
1.3653710259296683,1.1931145565730619,-1.4121944635510084,-0.6991253738594915,-0.723887216835767,-0.0242353519981903,0.5454946847892261,-0.3132220299764997,0.5890011929049344,0.5240816586454291,-0.3199381847600481,-0.5506694175356024,1
0.8982051630104309,-2.221607722555612,-2.2288790905233324,-0.9521882178976312,0.9128673186116713,1.6641987811650578,0.6209043137527992,-0.18431938598741338,-0.3760641191809931,0.03141559065186222,-0.8601745842649032,-0.5963855293718353,0
-4.556828153563907,1.2080920448395318,-1.3702299367348298,4.227672158734783,0.2943420509931673,2.006967134813791,-0.14373171431517032,1.0032182190403134,0.02217218250858483,-0.14061765822731934,-0.8782820898572022,-1.1273880283483189,0
-5.80428803374382,2.235040028076991,-0.9580870508134617,0.31099530952732,-0.36331479962741337,0.3960529114068017,1.2709485831957816,0.28480364446094497,0.6000828392954852,0.9865872812540418,-0.5307775856440505,0.8084054938377977,1
-1.05154534138432,-1.265074479365867,-2.4764709849980564,-0.6471801728148054,0.1397937344297122,0.7454179222333357,1.1158263554653955,-1.5293448293452117,0.0754068829697023,1.681706540755535,-0.21323031422778577,0.867733004681739,0
2.7068206413014333,0.38752023997650153,-1.5824397531886947,0.10585048026493253,-0.9273769214390049,-0.6519491365812128,1.6598182148239673,-1.4094179287465125,-0.21006190283657852,1.3894405370078444,0.006123821113712045,0.48241575688569693,1
0.22741686199338634,0.7346205106963678,1.7679064633864905,-1.1441943756947175,-2.1814030375679683,0.4269994906787516,1.4171391722752074,-0.37744189233717707,-0.3945733327636154,-0.11674457606356786,-0.18072945285575817,-0.49251789583850886,1
-3.0649790357132094,2.0586112563678043,-0.9978229430090138,0.8563423572062177,-0.016097160071904607,-0.3726299283589307,-0.5008863256107404,0.7557543368844427,-0.8823785075776436,0.9235890567755256,2.456511211178606,-0.16384140551094017,1
-4.33410787474981,2.034952513275929,0.4931968659418843,-0.23886507450913136,1.2232955105068044,-1.5270997938750677,0.31812439489262123,0.1200927395736418,0.5819513421903535,0.653360680435904,-0.30784831628996867,-0.5461944190848672,1
0.9704059636638529,0.75907648488961,2.8402127864020246,-0.22755662310391697,-0.8858854296099457,2.190983346740089,-0.7454112823290561,0.46377131284066475,-0.3417024695125892,-1.6369032775726489,-0.6416976112894457,0.9737672870521253,1
2.294725318047739,-0.4312745415318058,-1.3273727400626378,-0.6810206759373302,-0.5064219545474958,0.22654989780044124,-0.3751377548113129,2.0181551810720664,-0.6762041185431926,0.5061360648872312,0.3183842340207404,2.151911766671341,1
0.3138208601484703,1.1920674905852586,-1.2778504115305298,-0.4248824591141154,-1.1166828864845655,-0.028665188484091355,1.7136434655000503,-0.345911291931252,-0.22568573077181525,0.8212926519680962,-0.4952966657905928,0.286965141941712,1
2.0655177304284393,-0.11243682731919764,-0.1509341711659361,-0.9557178593530709,0.48489426418397485,-3.2142188009746175,-1.0773814181002215,-1.2808413927608677,0.3502024756820375,-0.26899418724491436,-0.15606825030410304,-0.037648823567129515,1
-1.299114934364728,1.0799375905372908,0.5995847804905868,0.4066866775178504,1.214101339909662,-2.362747898795549,-1.7710420222788947,-1.1446900281509542,0.6834846635725355,-0.11405242751511716,-0.18072852347841475,0.17323543391407017,1
2.4400082872227196,-1.3745214894560125,-1.5832968724119785,-1.4357289532165298,1.176704376846017,2.455162245273648,-0.9667439128163645,0.8680708168342636,-0.5222594622421765,0.6083979908088631,0.6912724637908682,-0.9745134841014947,0
-0.9692010647668754,1.1738930521869544,-1.7126674107421234,-0.060410452444933364,-1.1063827494780691,-0.22073270267667358,0.5554239254041181,0.245571472009174,0.04356439740866415,2.812712853603518,1.3991443967438502,1.285773302008027,1
1.5306759430572872,1.382760069688774,0.14069447517292347,0.0900408161061357,1.3003199534776078,-2.796395613239033,-1.2332857536578308,-1.1980312243970608,-0.26699533683267784,-0.40758182403472365,0.021146989576660488,-0.02133071633637356,1
2.175750348556724,0.9885492669833886,0.4831329378103304,-1.5079310244200277,1.156971783781994,-1.4532569049714925,0.3815600564130274,0.2146925778363886,0.3658150054963513,-0.26644399674494823,-0.5029457603332674,-1.5551519773668219,1
-4.488961689501938,2.136893359614468,-0.9956312195899735,-1.118608587547264,-0.3321216487369082,-0.3065986224233184,-0.20885590195813988,-0.9435062441567227,0.3292245193034852,-0.045370045258593845,1.0118797178193264,-0.8342090513624898,1
2.0721636262236327,0.35866274061287884,1.8957674724672602,0.19994874540883964,-1.7905357091759655,-0.1593062846888239,0.312494251567094,-1.5435108974676623,-0.23985758316438308,0.48624787026044164,0.5048015221238903,-0.8513821987262381,1
1.6172866853853882,-1.6449990273405983,-2.1572624030375076,-0.2148757398939713,0.6366250122543685,0.4114499360205463,-2.23526945941645,-1.8695415331480278,-0.44992488179808665,-0.9395275729009441,0.06342873710145448,-0.46842683756929265,0
-2.394411994862204,0.41890039470183027,1.2945304888946052,-0.3408678632095924,-2.4525298250397842,-0.05913515357955516,1.7886794140703115,0.08335750889727048,-0.43002560279353613,0.8160053045663165,-0.9852025645137361,-0.08307186556551158,1
-1.0555883613279036,-1.5241549723793464,-2.4053062378134014,-0.7274086323151878,-0.3598242353291235,-0.09245293679872456,-1.8257337953107182,0.10751858685338275,0.6397890411505615,-0.9798468696570334,-1.1122061856839491,-0.3931292079654771,0
-3.0871756263410033,1.7512914995703222,-0.3047008575341842,3.3775005351572918,0.07236266646981641,-0.1769233401493639,-0.7561645150466869,0.22283440069828594,-1.3723480345471641,-1.3320826451202112,-0.06958260602471265,0.20923891664098584,1
-0.8881909621497294,1.5577812727066411,-1.5271588172852923,-0.2541736462701565,-0.9100983896069603,-0.8652428835321796,-0.6026467675733101,-1.1843092842234941,-1.4043015746414165,-0.7801897270346939,0.579684431625986,0.7066217620089118,1
-3.1959062677125405,1.9575668063635776,0.7238004402287992,-0.669734438378046,1.197453818921072,-1.2429734592264177,0.8482670251310427,-0.7731578964686354,0.4371824247522486,0.6739383345204454,0.44941815441330657,0.23386989264758234,1
2.1130519540558192,1.1424435802970307,-1.5361218285747114,-0.5379499374407222,-0.9309273415044803,-0.2957177055114108,1.601472603553709,0.1284917331924797,-0.18208797061623824,0.48468199326077405,-0.8230629638990474,-0.31470899197268926,1
-5.870271370370751,2.0374193000226666,0.38337192123856934,-0.11578408704233337,1.118574618452791,-1.0365439414651725,1.3814318203828424,0.4151806046917278,0.2119586760938417,0.6323125722119155,-0.39393816040380375,0.4148208480602666,1
-2.2009694050683763,-3.0292925709273697,-2.7359442818506197,0.5601325065826985,-0.0730062339163928,0.2244327362698606,1.0037443284355605,0.7221128447144248,-0.09923374680949085,0.37013587713283985,-0.7254308973205288,-0.031766436254295545,0
-1.2168406481809857,-1.064373377192235,0.35680634331496747,0.40961432600318765,1.5641431901502763,-0.16400263947581306,3.572211424885136,0.4786771910209075,4.885803988692114,-3.146202263681693,2.591980815463698,2.457318519567584,1
-3.534561651352953,2.3261396935858905,-0.9464344959818011,1.422411655702651,0.03972227204064734,0.09896572790848049,1.4260374660667763,1.1220888801548738,-0.12615104666691979,0.8075010488572404,-1.2892023875760483,0.22756253994127204,1
-1.9264475151070033,2.037428789605536,-1.0635887998179576,-0.3184622275752858,-0.6939328670510405,0.7705631581719133,0.4424657691465203,-1.0160777827631673,0.1436353238216714,0.22738168393620453,0.8029935513277816,0.022010426897755134,1
-2.04516184643482,1.7263968437258708,0.7191301427676554,0.77977216842689,1.4224960925867849,-1.1393052787590843,1.5269765517597287,0.5721398995477736,0.3913689238325793,1.2034677637131124,-1.2564688292702606,0.418298506428858,1
-5.559084603228836,1.265522542148241,0.9484668618215552,-0.2724178347263319,-2.4592365085569123,0.08436184268120082,0.2914610066697745,-0.17655500760365803,-0.5504410515435196,-0.11704017245257227,-1.0049819588905406,1.4886153960568795,1
-0.7648509811430492,1.3957102578313347,-1.6213647288727275,-0.30086610555757837,-1.3575931497446587,-1.4145051597069438,-1.6058728835950857,-1.2850226157404205,-0.19648439160344974,-0.7429807532383365,0.4512059671875834,-0.17657055693287305,1
-3.4698520695418984,1.6635377260530457,0.20381166716732224,0.7435831335882651,1.4210914279046467,-2.240087456819404,2.1538528846021876,-0.6515215432266019,-2.109494058974943,0.748295819318643,0.7282833369990018,0.6507873184414951,1
-2.602579990373493,1.612261580183325,-1.4458357583611172,0.07317035307273428,-0.9367329264598269,-0.03550388092814432,1.224472457630799,0.5527639596833753,-1.1135743382856078,-0.2796367269606445,-0.06249179405313388,-0.530777024529212,1
1.453555207311063,-2.7230178877778863,2.742115736444163,1.268235571421724,-0.7196730757537849,-1.8011726673508968,2.5767579218013497,-0.8354575745063583,3.570727035964845,-3.939280806234638,3.314221001587344,-0.07256671801491699,1
-2.2832643670959722,1.690287049112133,-1.1855952566645154,1.112683361499148,-0.5806249770973396,0.4152767488745373,0.5130684200842519,-0.008979948968737198,-0.486986451820232,0.0962374104537216,0.08048312187577025,-0.4463476061726381,1
-2.9112125051328936,0.334295517188428,0.1902219554366534,-0.5710057318406982,2.3460676782656518,-0.14804888305651268,-1.3821790336341482,0.1501798444072813,0.13539157000671986,-1.2777169215645774,-1.2716872071232754,-0.07562273213318717,0
-0.9587610243198309,1.688641137293174,0.9215519711114164,0.4929315952043909,1.45354557611041,-0.4751883675127879,0.9628601039667121,-0.9149717864219689,1.0061069150175908,1.2942148480811724,-0.11665986937670667,0.8235996189892922,1
-1.9442644897844168,-2.110589035774903,-0.4330033492779905,-0.30870821838913226,1.8651972353222188,-1.2655306590298805,-0.7824466511489928,-0.9147974011083287,0.35672126562906475,0.025788650966979406,0.7754598777047998,-1.2427167640111065,0
-2.930059428930314,2.076687091112616,-0.791510765861313,0.5071097295776861,-0.47736139075132555,-0.7018156989440065,-0.7629635776932353,-0.9522497034622542,-0.08096406320621481,-0.3791564860640231,0.06388714726882397,1.1302808989151854,1
0.18714151461485753,1.4388430508312624,1.0182827678877377,3.447887069609568,2.0297270334170943,-1.4389183672047305,-0.7740290256759185,-1.2413382520597072,0.16764232065279744,1.1029978040405986,-0.7363688780148825,1.3398721821744408,1
-2.978707745375114,-3.7230946193994283,-0.43144101322537437,0.20523371133694285,1.2676712307905906,-1.1922331348902804,0.5307126169436566,-0.7905428345338624,0.8548387705745686,1.5085079923030997,-0.15187038468952002,0.49103261823508615,0
0.6741501676883213,1.38080297782883,0.8120633291572585,-0.6498336270432398,1.0454140520637962,-1.357760818467067,-0.25255179835740005,3.043814705463039,0.2089330977948964,0.45754244753047646,0.26858569614480643,-1.2030585309372064,1
2.854965812647495,0.65756451641676,-1.525465762549941,-0.13585281751157047,-1.0202921988098381,-0.8828489060797741,0.2795330395823655,-1.387358981396001,0.846641017588655,1.012593982245103,0.23168037928496676,-0.602353046079991,1
3.7446971490920973,2.0001791212845936,0.769691254716679,2.7261876160878082,0.5077814145789383,1.8912011139976035,-0.8131074545262961,-1.1353626991110604,0.5737852268785536,0.33240646164708454,1.03579696812197,-0.4572728353926662,1
0.6117975393181625,0.23250505067732882,0.5989575127577114,-0.4352600939901322,1.4171785641318213,-0.945419541719043,1.6718309812484458,0.6474223695410024,-0.7438199279451043,-0.020029886809816974,-0.4768232112147589,-0.08432753877488981,1
2.9943897070028016,0.09543022058688572,-0.29420496365401505,0.1026276715228871,-0.11085275579261789,1.2673828614123286,-0.3409480698661245,2.7622293614336972,-0.10808830708076837,0.21127255876562862,1.1027041188357862,-0.21537826881531863,1
2.590514555400909,1.8134351292539899,-0.23523682849395494,-1.581145695038015,0.5745388921470285,1.3499047584913826,1.5254362459367703,0.7785808542272878,0.8559763462599758,0.20828305763402874,-1.3432926037348716,0.2816827816989959,1
-1.5303338246555016,0.053061619006183204,-1.7391033026536047,-0.04803812256565879,0.7999781770662051,2.1200418236452045,0.179759940054881,-1.4158352374922452,-0.27467869147819507,0.25785500611258133,0.46148081978801286,0.05095780512626861,0
-4.062757893334914,-3.8144167246518905,-0.3368641334855853,-0.3536151416656921,-1.2859984054032787,0.9027048861822127,0.911638836847046,1.6596851328857625,1.1075928362305996,0.2600379608792476,-1.9227168235010486,-0.4314429911465515,0
-0.24514918883998177,1.0076830404288883,1.4495679176837033,-1.3509683784776267,-1.258352561761458,0.8944890531837851,0.2853285788123775,-1.4377926508003769,-0.1468874561620139,0.146223040329835,0.6751073571428278,-0.610102501201507,1
-2.734042450829352,-2.709688888417382,2.8874583103724123,3.0691349514755855,1.3928310642985258,1.7806448669021273,-0.7788016775317796,-1.3950769277760329,0.3069377175936736,1.1863048593897427,0.10263108789677004,-0.2857163912347602,0
3.059357017072304,1.009783293207952,-2.4004006842526953,-0.11561676959256836,-0.5617928672473739,-1.5428834574701387,-0.47892359879264157,0.4435704607077902,-0.6216946311224194,-0.9355603906300135,-0.8629242915333583,-0.05627703845718596,1
2.7249694319367785,-0.17071028386171816,-1.479610304853746,-0.49914508570930427,4.173951200581772,2.9285646851489138,-1.052827883454115,-0.33964935032182786,-3.5876981248466397,0.4513378687944244,1.5200473572197082,2.3426173946942885,0
-4.347617236981937,-2.501576883230571,-2.853210958729048,0.2370826058795587,-0.2112727676769948,0.39206199162506067,0.8087959041711857,0.7987929487692914,0.4742502395381581,0.7607785505761804,-0.8371236902417802,0.2476559440372598,0
-4.264595072469302,1.9432577342069381,0.6044138784562806,0.5629926719559065,1.2095000874010067,-1.6917520434127196,0.1619084274927884,0.7523634191616702,0.01486672326755748,-0.1771790875869705,-0.30104096326325436,-1.275274573617766,1
0.6230332638913642,0.5727622570223646,4.594792383296843,2.993600874563875,0.2924076213974216,1.0939601951854165,0.22493551961344183,0.37661949586166266,0.6737620165330361,0.6477163753045815,-0.7920926262748853,-0.40067896138168596,1
-5.395673599461772,2.3267570309932326,0.44982761740142096,-0.6337842260855533,1.1623804648405764,-0.9431536394021642,0.6820590229368568,0.35043055219056324,1.0459269347435178,0.6387124659033567,-0.4106585980241767,0.0363348662288503,1
-0.24774002190117242,-2.567775274647913,-0.48070854992875695,-0.6251400313478646,2.708492822212913,-0.33928639419899853,0.06252651491757591,-1.430006275136066,-0.7952829142257405,0.10255078338922796,0.484046504659132,-0.8107915916960096,0
2.2638175835540846,1.5578374002341442,0.876790095382552,-0.9331652662900546,1.298196848127929,-1.615185335192312,0.03246426670723795,2.1352447377942623,-1.4156426927018637,0.26667490757594325,0.4778880150941567,1.8522625691845762,1
1.0665301369436169,-0.7565034044187174,0.04058176695830825,-0.8636491368301731,1.9870894707590243,-1.2946764933227524,-0.34126085005582324,-0.732150646307307,0.8176328849833983,0.4850222179362046,0.6871998738376454,-0.5711753990604795,1
2.8994984584382197,2.1363435117334313,0.030608361162594765,-1.574475033418786,-0.15924215785282692,1.8110555077822073,-0.3316634809265072,1.6941483932861015,0.14506265606808944,0.28735612698593926,1.9909467403089438,0.2867614020967908,1
-0.13918791311575043,2.354316155368009,-2.0239435066292852,1.382089372846822,1.0154857575527123,-1.0761633429671464,1.1762569036385382,-1.019567927735986,-1.4753131779107933,1.1507152469158841,0.43165114621601736,0.046398578751637345,1
1.8714470013384747,1.1071958446387784,1.2589406985773262,-1.0362378106632555,1.7401219407598714,-0.7719051874229571,-0.9582711897640146,-0.21527895934346877,0.5039650149494505,-0.5632493599407489,-0.8342539327590358,0.7939439496970238,1
1.0800686885889663,1.8292946347403014,1.785520974295563,-0.33447659607056,2.928751246148823,0.9033698934676606,1.4944071387477884,0.6171795432397917,-0.06259070884017351,0.6146926900478447,-0.7891189814172149,1.059039550117795,1
2.5612938456919814,2.339793538572964,2.270209245936628,-1.2611461465748655,2.781034553617197,0.6371730451842542,0.0994867875114476,-0.9014151024504131,-0.48018719733887943,-0.32453712067737484,1.3244939555779538,0.06657218478490419,1
-4.817483126774964,2.5824858490146814,-1.1506234527669057,-0.3101647493665082,-0.8266203131638724,1.1612812853354506,0.1532188820991038,0.21717088743124735,0.7914699813131721,0.04661009857710775,0.10339244337788257,-0.1630235607895894,1
-2.536237934129618,0.26862074018850707,-1.7177016522716948,-0.6061153741435347,0.49415187397307697,1.6834215771912158,0.555538125860371,-0.3786686987473436,-0.8225724969276028,0.09991286933980399,-0.027501226209619534,-0.16473127672308505,0
0.6692257575320335,1.637583684229734,-1.6210591373298326,-0.5763601942699242,-0.7039781618825117,-0.18665235629801488,0.4083013110382988,0.1293532199347373,-0.8782908175306159,-0.37611229942053065,-1.2266931062919346,1.2071733114012666,1
1.006842625036282,-0.8936006278374077,-1.8194800689576556,-0.9705525305934837,1.408284493688806,2.7679548879180533,1.045799756822215,-0.3663491087904401,-0.2764169028474308,0.7132901685758792,-1.238711529145067,0.3662959511052833,0
0.3117214102200455,-3.007721916058529,3.380483927468444,-1.2470363743286395,1.3182242295435656,1.4479619584486905,0.2448888201365443,1.789378662008954,-3.2718713071163332,-0.9825678948322223,1.991252026418273,-0.6833912896626982,0
-2.3733796106843785,-4.028241114089272,-0.3761728923459052,-0.7414743029169348,1.3644395130439744,-0.952703421999518,-1.0666388632773096,2.1997007195516174,0.3879265886665558,0.7497121611002812,0.894978349367522,-0.9880218209091545,0
-1.98978009423155,-1.68087816994818,-2.106603448552241,0.36720729102487487,0.22218715069114037,0.8794032014233437,-0.2703139699306701,-0.005717420861575373,0.5442946476774178,0.22666895605615844,-0.18288693583096366,-0.5857634973150111,0
2.2929898033766416,-1.5046299142774693,3.842813272939959,-1.6530248225433828,0.6020265876468122,0.967095363092194,0.7350321046805538,-1.272305710154803,0.5489221492532508,0.9397615796103111,0.24643051823840956,0.8020820049694846,1
-5.601661730159806,2.6120410914755365,-1.2580035537518357,0.2834262337845014,-1.2242807402560651,0.7081358845046348,-1.8842112421172303,1.6626866501751103,0.3055371756105079,0.43120095914564005,0.8599173015071008,1.5611196802725726,1
-0.8820281243136506,1.6400294525070012,0.7942596084257042,-1.7290579109163684,1.3417329233193405,-0.5129317947609969,0.9052859483959245,1.6151628796141313,0.9149312947736857,2.1742923070039337,0.5840708921369061,1.3815780785413376,1
0.7599012088246035,1.9590007981143067,-0.1564657277439712,3.490865360298987,-0.07285768982046335,0.9825965889788933,-0.9274984614195636,-0.6204220025671927,-0.050517282417956055,0.2657943176454005,-0.40560539227807013,1.5069351700369449,1
-2.985970616091358,2.0226093326337797,-0.4572260308010514,-0.2322271587368721,0.10358623259109588,0.9388765941152628,0.7954216806861198,0.08599410474759804,0.7671933796339612,0.525848983476837,-0.382042827702394,0.36789289385517704,1
2.1621965855390846,1.9917185854204646,0.09888586755562503,3.1318063077713543,0.19725679947587327,1.7265818039197518,-0.5441676096673815,-1.0099527947563423,1.1057001853347408,0.568155286293924,0.6529296986489479,-0.29964245521192984,1
-3.4736664579406424,-4.085692369334441,2.386085448092319,-0.6349496914839835,0.7682312223883552,0.5369223913951957,0.7260699906756459,0.7297738738654025,-1.4590315146215638,-0.9973827093186404,0.06392828156811875,-0.6814027845540299,0
2.9327006044801696,1.6158528674596182,-0.7643629673213062,-0.9720999351506135,-0.5137081498178621,0.3951892860149314,1.5225123267495073,0.9499821823881366,-0.9318936289412321,-0.7304337825080086,-0.35059302533027786,-0.5843368200258486,1
-1.070934009764315,-0.9090427068119148,-0.07034829955394162,-1.4434935306027847,3.355184400352385,0.9681568736139811,0.722011574119144,-0.7162874190740559,-0.7118601381675046,0.43391755204770255,-0.6566366424100947,-0.16796937852224875,0
-3.800037594136293,2.1915698101317336,-1.6190513632620644,0.8877489022557173,-0.4479702468480543,-0.14262464216356455,0.2818866508345437,-0.9123477128880638,-1.5286249609496616,-0.06629994344029044,1.3254878998488138,-0.606724682336494,1
-1.6660327804315942,1.989514116727719,1.0123858633802754,0.14234574031754713,1.474246895746351,-1.1996749942408402,0.5717340262728244,0.11847028661589461,0.5950352456233221,0.6840465350567851,-0.39012272059289665,-0.22214459944321122,1
-5.384157966989852,-1.1742504044799158,-2.2981042665694584,0.6283963823346973,-0.10976200129125321,1.0783653973776737,-0.7782050784832915,0.3867792408688955,1.1658560470291943,-0.20360365255120216,0.027821005505126048,-0.8180933534025436,0
2.6343147598259007,1.8746574869699313,1.8678926860328324,-2.1717339293223326,2.6878129727031137,0.9903949470456387,-0.4036055962068852,-1.051986089485288,1.0936483629566902,-0.1802510878675861,0.8545791373566062,-0.1918455075442756,1
-5.332442087806326,1.3352276860922159,1.034976496244113,-0.6138363331964446,-2.2740397734233455,0.5008538837508782,-0.46024092629338037,0.2376008247660762,0.305773612929156,-0.3607523096228618,-1.4047107317127399,0.8963729526535135,1
-5.3110968160709735,2.2021133088092624,0.5257223510912635,-0.3377961923915038,1.479101437524931,-0.48722998690010993,1.616636297518277,0.9357205764989902,0.037454667285058196,0.4002767042016663,-0.7095784425037982,0.5338569205215259,1
-1.8207415254279684,1.7723424592790815,-0.3324762668398945,0.7018175012834927,0.09080746978415609,-0.3597761447506789,-1.4873967115670392,-0.03867235020194503,-0.5477352776860989,-1.2507230155252949,-0.1864996262227897,0.04137401251371838,1
-2.923379389806835,1.7675661063313817,-0.7168588279169292,-0.026313283498532795,-0.26975236244704903,-0.3743647970542328,0.20491654585145536,0.05181759131292692,0.49277460493090436,0.41249119646732274,-0.08427393605303149,-0.5659610938177765,1
1.8057880807816031,1.0735193000144931,1.2215527377521798,-0.44801235638240583,1.9648796401527,-1.0212411533823476,-0.6395252448971424,-1.094655767207843,0.1916750648810216,-0.267731208576748,0.9979230732293876,-1.3047228450172146,1
3.0492704178939523,1.5981203965527233,-2.599970288731324,0.9569011338279961,-0.15442755418458176,-1.0362463780201263,1.7330239584281746,0.4933065758565322,-0.9229334067376278,0.6353849723026794,-0.7556212762890369,-0.4104721364908089,1
1.9317269416987093,1.261607681158398,-0.5185750596435593,-0.39115994018572414,-0.5966612571340218,1.0256900541188154,3.2480813721571833,-0.06538855623691352,4.070570138823277,-4.1856944360106825,3.3293226352600693,1.4170274128050047,1
1.0109569422094857,-0.3458272769004716,3.412249375646571,-0.08693312328501901,-0.7080882467372116,-0.19758619796837526,-0.11157227453780849,-0.4501274567303696,0.35969246024029394,0.1810395130736512,-1.4105169378094833,1.4942567967941653,1
-3.6056275012882,2.2949703841004445,-0.9611347667386754,1.1521683292808698,0.2754655020562898,-0.2850759586504169,0.0455624466634739,0.6957567318072848,-0.6127032420217497,-0.3908813429992699,-0.027469732625788005,-1.2620199507594627,1
2.431294512626782,-2.7703695310867085,2.838316392379629,-1.4048971060599589,1.460911304152468,1.4875604288006348,-0.39645545967175017,-2.3025122563332743,0.5060043685326078,0.820451836489093,-0.3138480498848611,-0.7369429797225818,0
0.5852076599095898,1.5635037618142045,-0.37881083443184527,-0.9597526956286455,0.3035494729531683,-0.14762404162675127,0.20557916753003877,-1.3027346502594113,-0.28404207249077046,0.23544861377476653,0.8564201518437732,-0.5619852760912372,1
-2.076510916531652,-0.968386349514379,-2.2140588732646593,-1.2972685762284288,-0.1500274061453245,1.3542886467157642,-0.0971238455174652,1.4582893293974437,1.391764309727548,-0.6681835998063714,-1.299297884049517,-1.3347650292548252,0
-2.015626079896812,2.3514033039500823,1.1011228555919392,0.4205550611858781,2.223532656151957,-0.9773727354519658,-1.2199215929081986,-0.7914668030913737,-0.24102436138403588,-0.14961259360754917,0.19528246638626537,1.3598843995403678,1
2.6541183706801315,0.9745129946416862,5.695354739672292,3.126725512109015,1.4871771342915194,2.4811676659483064,-0.7614766290218381,-1.2332010231911954,0.3100742675173523,0.5159557094651808,0.7489491053064049,-0.09967470313160003,1
3.330020896144626,1.5447194778416942,2.6052688847269625,-0.12954817454403297,1.3069318112910369,-0.20498586136314917,-1.1506484581475895,-1.1144280269173847,0.3166620824456807,-0.41958661953883836,0.10678346005284657,1.3647166587683213,1
-3.075807150376266,1.875190563653956,0.1528101674574212,-0.056145696556188535,1.7554778097369004,-1.6223938420003936,0.9274905273173865,0.20500617949066882,-0.5067508315834554,0.4688051297431189,-0.1442682998331349,-0.3612846590121682,1
-1.9207352992674236,2.790131597821315,0.5695365001480547,3.9281365383350266,1.1479147068835127,1.5257812250713536,0.05117684824123991,0.5646285487388861,-0.8293060086945985,-0.6272362314553451,0.713658352190444,-0.5383346796246739,1
1.709598607140173,1.5184181935792256,1.3399547158474772,3.1992287101637875,1.7836398956013688,-1.5063810883941793,-0.8023392715504158,-1.034315613242082,-0.3607473333722474,0.3147723152593314,-0.13405739834368585,1.0262593352253089,1
0.02896156905971097,1.473312220600176,-1.0828786983128753,0.43526714602047223,-0.5616409696783035,0.43250165549364195,-0.2602049912802596,-0.3134928937472707,-0.10777731550221396,0.0038817677410284243,-1.024111760971117,1.5368020044319104,1
0.4054151864333059,2.109835961159688,1.2690171861248265,3.792077548120727,2.1441455846389954,-1.2800993981753925,-1.0494866551583877,0.08973242596131184,0.17874452993235582,0.23095923926246315,-1.0276852683189273,0.7323925792473441,1
1.99777384822712,-0.9783388923983078,0.9978627502538852,-0.6150101064309785,0.90890242535584,-0.8250666501701828,1.2556875992584886,0.4306215140575005,0.9719372269389087,0.8419088936858246,-1.2263105194853008,0.04770679404409753,1
-0.6590812575149042,-0.22648190755764225,3.242608962314174,-0.8705519278237249,-0.9685850281032555,-1.1076025396202696,-0.3798843129259282,-0.2664192172087612,-0.12197580830294194,-0.5122129136103859,-0.8335672327717734,0.7364424069092009,1
2.7212658789332957,-1.2993039236763002,-1.5617436525643051,0.5480999281890369,0.841582541635457,0.9243080572913925,-0.059508194600462985,-1.4726189923853987,-1.053913241228669,-0.2402598950020897,0.8374324927104736,-0.8930112952626666,0
4.077952033772241,0.8436629810047037,-0.5762330832403522,-1.3866099564029901,0.24528159892555618,0.8093645042442936,-0.3850613866885977,-1.3589219368231085,-0.1095872010177768,-0.40456277302074506,1.2179815127915314,-0.9858541966553809,1
1.5285896409398572,0.5824485127097532,4.7856709575305185,-1.0737750475202623,1.0022045064136795,2.3610508642338885,0.7449300231766351,-0.3259376615725395,0.10241935588430129,0.26560796149390953,-0.2394991133447429,0.6776458263009836,1
3.6978154551089406,0.7075440885524986,-1.1136720093647539,-1.233977801626189,-0.05573903993212052,0.3628973020270192,0.40365481368495953,-1.2655002008900333,0.43485672750069565,0.711786780605288,0.5851867189520604,-0.0004988383281724737,1
3.9963785366003237,1.7497785372065866,0.09781691638459683,-1.15361400071158,-0.07006100113391768,1.797812615564717,-0.1218290728281749,0.03973074242768505,1.315616296104782,-0.6049249150835958,0.26364094202884436,-0.46815794221908374,1
-2.210766385420473,2.253960560666511,-0.22251825391080324,-0.6744208629913186,0.035329906137224504,0.610344559697979,-0.11552244980497986,0.6905112492444502,0.4633143116125371,-0.9631363654042083,0.07984907174431487,-1.2138245864160007,1
-4.774259033548571,2.5697522976507856,-0.6663566562740454,-0.5243559761480219,-0.2539204443885668,0.2140434894065289,-0.6341732664087165,0.2401713518302293,1.101489165344178,-0.3574824859955958,0.27439302130329046,-1.1709215879781434,1
1.3228185019792724,1.9373466750543937,-0.8697297734064646,-0.13141827075372603,-0.5268624440130787,0.060385667921283304,-1.3198226294803999,-1.4126622593230491,0.07101486636138406,-0.2807860520418456,0.11429855396870042,0.8403065575344894,1
-4.998551120997283,1.565582823546844,1.1273068615112418,-0.20466655325023375,-1.8078236527190816,0.9122545766070529,0.375803517495409,-0.11995840145821096,0.4484047454711559,0.43288464518484937,-0.31479698207068196,-0.43750053945270684,1
-6.370470958308521,2.5033373523080282,0.5723900963160483,-0.4416238389367504,1.1539087090297917,-0.7122015809009123,1.6606145953803872,0.4385845413918877,0.040650696814995786,0.7045454767255738,-0.3541303622384137,0.8158656995137675,1
2.4259534415803734,2.030773286816041,-0.4938300983371895,-1.4208460784458055,-0.5529920793212025,1.414706083586457,0.8948929727670538,0.39532054026651975,1.14130384972841,-0.025351664640535603,-0.5817573425910754,-0.004569798084410532,1
3.484130187127239,0.12890490897011211,-0.40244320527750205,-1.4623939129468844,1.6435468510643338,2.343414827414782,-0.025584065414098602,2.7035617495511692,-2.4780491466209527,-1.0225179908729858,2.7508607040808735,0.2682487094926671,1
-1.6681854292531817,1.8515503724856184,-0.6513538414357475,-0.8251113073932422,-0.3426980593607061,-0.529675338553509,0.2235589362705788,0.46380647190662583,-0.6223893392958353,1.8853166662482213,2.113892850387575,0.745491905859142,1
-2.006789351493736,-4.865972415877826,-0.8651365021750187,-0.2745980377953903,0.20440609111019986,2.0719824171486447,-0.1264697093922464,1.54473920405479,-1.3206878010138374,-2.0907244757677796,-0.338311736216734,-1.8587217809706909,0
0.04804884936101028,1.9332982045643354,1.5969410736705985,-0.3511384105134143,2.0923554971495366,-0.09800658972189386,-1.5010155266502838,0.09229511516118634,0.959922908238456,-1.0931137272011926,-0.6537085652658126,0.6431961648058077,1
3.2692565367030753,0.7713504383166441,0.9750251945179143,-1.0721698491936942,1.082861804977066,-0.945750692277121,0.5134381175924241,1.4838452427064432,0.7091052846287009,1.993459120046172,0.7764361434600295,0.7943049974337018,1
-1.231150109786586,-1.6326406788075234,0.7087937816121959,-0.7159036744799315,-1.2051753788888893,0.3973091883981204,-1.942916053163362,-2.1815094819744987,0.10771551415379038,-0.06002338559653744,-0.5208868811257756,-0.12326259086339023,0
-3.883309184730485,-0.8566336149927386,-2.420306210804774,-0.34756728916298013,0.2365071265270706,1.2757526932236296,-1.1102244894071727,-1.2791560791546452,0.30778629070739166,0.03394919750463695,-0.3666741187283895,1.6415362313519677,0
1.3472346235529729,-2.7506995901730757,0.5675202095676615,-0.863372058353947,-1.4418197487246731,0.3394384260998503,0.07031217371484708,-0.4393904692643972,0.21296613030531378,0.32071946856949357,-2.2090547891788983,1.0702039444794975,0
-4.752700092062457,1.126923278088801,1.3689926249928825,0.3921571421001627,-2.064265020215122,0.6752742637331516,0.49786006423399193,-0.10714378950912733,-0.004493634648110328,0.08240703826587575,-0.1700787793673996,-0.6778009611721268,1
-2.6346680648661667,-2.80905781477821,-3.2611361208311584,0.0029068449086814075,-0.256973108663048,-0.4174585367394892,0.15067219174607085,0.7633194502391895,0.770283850645903,0.37981051437213176,-0.6804727316567557,-0.7761492928056848,0
0.9222944823733339,0.6915683381478728,0.6871778851902409,0.17990410723311068,1.276485222471215,-1.3252194274032467,0.8477541856848022,1.4928452399299077,0.3581685262239256,-0.3140235131204466,-1.4544125626356186,-1.3408383998185307,1
-6.119272406363943,2.675153653616911,-0.9158319679021248,-0.7246626810260305,-0.49813894028374917,0.28441279457761665,0.6165561543422021,0.17987707131119676,0.7833185694235352,0.5049060647221564,-0.20626500736774514,0.047399359329025906,1
-1.0731874645119048,-3.4828830360537184,1.4427601734577322,-0.15048689019238404,1.353244833771774,-0.3727726254253961,-1.1715888216158026,0.30121032992537405,-3.337431004831622,-0.8899844343320369,2.2364988773084917,0.9950800119503348,0
1.895799883878692,0.8307616415179334,-1.185556364069436,0.41616833512220675,-0.9829889202352209,-0.096508617823044,-0.1641175731171672,1.1155793600563517,-0.8151871076624143,1.1848788147210398,0.2164098197371773,2.264545350267953,1
-1.494059952445661,-2.6211323468482757,-2.6503487161920285,0.26360151063794957,0.4474471227446911,-1.4290537468887772,1.0875601730017024,0.6608861628792648,-1.450890054870499,-0.48633743081214204,-0.2590735764162559,-1.2632811473503383,0
0.07186761780170023,1.6860743409889711,-1.3298290087249685,0.8805442169822244,-1.0459152242368233,-0.46121089402097704,-1.1505787797903593,0.8493323828963432,0.3959869706782711,-0.9810292277405486,-1.4104503365002834,-0.1315884225807684,1
1.6905993490097764,1.4409305550820102,-1.1446655412947104,0.044563875641236726,-0.6890785550221167,-0.001681682049399592,0.26193702085495846,0.2417629929140568,-0.7026522185503862,-0.5501065770232163,-1.1551260554948186,1.2383575408584344,1
-5.500361935919597,2.3864808121286467,-0.8858939064580468,0.7214262452851302,-0.18931738404389953,0.22918816341172468,0.07677679616484548,0.34818476973927426,0.7995256831166273,0.23752905864990817,-0.09349398777729814,-0.3805247289895025,1
-3.25446864379821,0.9622590293249456,1.8744705853931352,3.045017127225029,-1.373255046682487,1.1005154408020081,-0.8012344916708406,-0.1597621396921785,0.2893704465431205,-0.16705655752558635,0.0918174638397876,-1.8400562207478344,1
-2.8420579852629837,2.273425808030729,-0.057912957437350344,-1.1267388902806523,1.6233069034579044,-1.2064405007811456,0.1662653921758199,2.3299456967198693,-0.06284636108172185,1.0665710773818693,0.9141484963923077,-0.13844191080582696,1
2.3316530652001903,1.074659942842265,1.7906875526649226,-1.3385783553537827,1.1293600263260208,-0.15955476512149283,0.36333040083557483,0.8590077738356219,0.8892079463270826,-0.26481468655355833,-0.9131796001305849,-1.0004851276314024,1
-0.9221975591581913,-3.9274933737084488,1.9429191827052597,0.2639855271181429,0.2426918344284769,-0.15171131209258554,0.013824098478757351,0.07177252132352557,1.0559078826255157,0.5682540030330768,-1.3876109956537979,-1.0933871689424968,0
1.352867278878833,0.9240457434986317,1.3403214830299066,3.493890047676447,1.6772746773124203,-1.649598979369972,0.847469452541036,-0.8588374442801766,-1.2979358570870547,0.4376807645970156,0.8533447323543588,-0.582215563681034,1
-5.287194123468596,0.5417386765650332,-2.0192797343426694,-1.1575217562963473,-0.417906304418638,1.211715883057007,-1.44467098867055,1.4492340119032598,0.15092488146481825,0.33484995889284735,1.7918018081196359,-0.9114224408578321,0
-2.229297695911213,-3.1595993219097935,-1.1249972405825297,-0.294827719996782,1.9412687365085946,-1.2132767657679084,1.387937977193514,-0.8572884961510691,-0.16678360318004634,1.4855481960728614,-0.08186895542066834,0.9172398926535626,0
-2.950944291452472,-0.966559560225238,-2.457220870914712,-0.7741883924995374,-0.11146025083118175,0.2845405727820661,0.2058429850007175,-1.332200549432416,-0.3904208369567315,0.5844186462346244,0.5995281595194161,-0.3539556266949792,0
0.9496194630490344,1.3952575361984276,3.6053436924173843,2.773395402072054,2.12816299260743,0.9960680290941305,-0.6310702384269905,0.5827906428433252,0.5727874956085948,-0.06585716334326508,-0.27792414049778047,-1.0513562493029545,1
-4.177439107534605,1.0730490220644842,1.5669826260708495,-0.05897933393885561,-2.192163508496978,0.5124212250232969,0.01872125439110136,-0.2391499726505015,-1.0949360409985014,-0.8981322187186934,-0.6161084243443561,1.0246131293145913,1
-3.8321371750396103,0.13869743274436813,0.29827555436409003,0.13693132212812045,2.423057997510777,-0.09647753960750552,-1.0273665678150743,-1.035808440186504,1.1918400301140333,0.28234001411028836,0.3739501171231882,-0.8921977119828709,0
0.7555626080573768,1.5311196341158795,-1.3686494375988376,-0.779539677954471,-1.3989511859588952,-1.27647677016531,-1.6486374778672055,0.1978205475513388,-1.181295241093939,0.14433072035491923,2.001569996256139,0.6636832929544466,1
1.8142077620879213,2.0239810972667764,-0.2772315827535443,0.41295828030270865,-0.21513171892561228,0.8421489123943442,-0.9927500104774625,0.3593977883997807,-0.621136149574937,-1.5429016808504552,-0.5043301234160028,0.4304393361033772,1
-3.4053518960769096,-2.8220013356076423,-2.4828219831163603,0.8481974920229913,-0.3271796542476742,-0.08365344336441091,-1.178932250686651,0.719276581257824,-0.16421779791550378,-1.0462304861342782,-0.8974129600797992,0.44677581067133343,0
1.544541695326011,-0.47596237907375544,1.4479848021275914,-0.3425953218968166,-2.7829207708973285,-1.0200982844384106,-0.3278316384667216,-0.3128093410808935,0.0206131965421701,-0.47978332821583464,-1.5900977549149409,-0.12061563425133486,1
1.5955433188716077,-0.08693320653227547,-0.1373746054787436,-0.4081004682165639,0.5873150886239578,-3.0706558764443104,-0.6089173356860709,-1.0658387911434362,0.1216763011572189,-0.025448748848173816,-0.2072043847980573,0.6169501624185033,1
-0.6958396648828781,-0.12724365099020152,1.8891386706234397,0.3794036426702134,-2.1886419502756445,-0.6557661156577735,0.8744494650917367,-1.2410501192192969,-2.257327155248144,-0.6938462056179838,1.3980528887131116,-1.183485884849413,1
2.2057168670985683,0.6539962536493081,0.8569690836791767,-0.9905469837813313,1.0985235002078626,-1.0629510732596126,0.8387677260303729,0.2460408105928947,0.39508279633050947,0.01348407127437864,-0.7185865550262092,-0.8819973384763579,1
-0.07800844019028291,1.5867783901025285,-1.2666102367626344,0.2583286638686383,-1.2493723922652196,-0.6445451809251527,-1.517348755247723,0.24342630877690039,0.5954715605392655,-0.9703321603068484,-0.9527187862926778,-0.3121171032055788,1
-1.8464995714930592,1.9096059055847532,-0.9225611653818507,-0.285968714610323,-0.27565343362118766,-1.3270959344928717,-1.3989716126491094,-1.1724997079364121,-0.561227838503902,-0.6613888316738743,0.4532776282244794,0.21837502739843698,1
1.6907165203424461,0.9033244981246499,0.5724608516283402,-0.5382598526423384,0.9936712277689875,-0.567274210392424,1.200408495321169,1.5470680665724583,1.630641833308968,0.1343203339253604,-1.9486976846701503,-0.5454617932942637,1
-0.0034429883445568086,1.5932836949953737,-1.321746277087928,-0.862496566956097,-0.7731697964902134,0.9901304616198049,1.4961909407006995,-0.3109619657577753,0.8686812610048894,0.9969388537442805,-0.8180412376800937,0.6339585211773686,1
-2.9610687469608608,1.5568385586836666,-1.486632113177864,0.608329396899208,-1.2059754706899104,-0.5709833289830316,-0.8055668273764298,-0.0814157901246896,-0.5429693707132381,-0.7161929728188184,-0.4485079479887503,0.5280348620486423,1
0.6758674951590985,1.4629129751693293,-1.1698566325967228,-0.7465464985157705,-0.5907646153941485,0.38775944319810485,1.688256864749071,0.23410685535426293,-1.1432492394174032,-0.11020311601445043,-0.3160738800280302,-0.21899640864866524,1
-3.771995047223334,0.8718934799409439,3.7361967131090044,3.3544169086139277,-0.1438523010385902,-0.11752639976265745,0.2810266516572065,-1.254317993354905,0.40348171856455217,1.8583903387847212,-0.054765961463226764,0.10339488077530645,1
3.148392681408535,1.0769333466642124,-0.600373217614614,-0.5649793024404823,-0.8492347341278154,-0.13117454719243085,-0.1542219591156097,0.3267791827329887,-0.842323070897871,0.9409407833483171,2.5226335173578605,-0.03827597993737854,1
0.6202415315212785,1.4886845023257016,-1.0959238904428923,0.04246173541032115,-0.8019525116081863,-0.45948317695175955,-1.4394919095557699,-1.4589500286575154,-0.4116342650311365,-0.719114919820067,0.31787121329804985,0.2137345212216778,1
2.2384177746071474,-1.2665260725480814,-1.5201856218244056,-0.4964265279239514,1.2377234924757816,2.609975289171039,0.7943495262348517,-0.6295016353280684,-0.6171766472460039,0.16669679462236106,-1.146931251045374,-0.39612868333603796,0
-5.075732911489235,2.337265954580323,-0.6167327776716445,-0.20018136046420998,-0.31712457087521434,0.3343669044219503,-0.41511232346685883,0.1941217772013787,1.107522666096043,-0.1452034680582102,0.08914003597240731,-0.9063570122118519,1
-2.5964188658664074,2.1069978708535806,0.7639443008337555,-0.7040484166854509,1.168936417551696,-1.3816039580365342,0.0050298331089477216,0.2581747870491836,0.7833641404026904,-0.3558130112712667,0.07424258130201464,-1.2206631854596433,1
2.5503914676736508,0.3006788197880232,-1.7313155073996507,-0.016662714123348642,-1.1979167527226084,-1.4783879813436358,-1.8641429033679762,-1.6215602709048595,0.8317427800482886,-0.23333056645524622,-0.20296883364544763,-0.3697454595988157,1
-0.018824237759605806,0.8340882431367445,-1.2252800123520915,-0.46423085240266126,-0.4249033366460861,-0.17966839645298188,0.485385814995535,-0.7879904959591043,-1.015280281631888,-0.2531532586062699,1.4383916182974612,-0.37613224423250813,1
2.7537034527028643,1.038748475893252,-0.8656483506446968,-0.1722805097096994,-0.6118746068681747,0.47653900272652294,1.5598925956917395,0.2196583929511242,-0.19412269944120517,0.3202621255789991,-0.7123925506429669,0.019373652794428698,1
0.3227477993084364,0.43681247560246833,1.9828298877334987,-0.6606160915655063,-2.216771419902965,0.1668074489955591,0.3342088512708588,-1.6870189808396334,-0.09425666344905714,0.9074102424173724,-0.725730281592266,2.238572903698713,1
-5.59130931484383,2.241880584963611,-1.0350749480654773,-0.8206195980025165,-0.6062778101514814,-0.2705002721430718,-1.1297796240075197,0.09060810902667298,0.7040390974205634,-0.6379536322728945,-0.6212670217523169,0.7451728910256246,1
-5.496349175122121,2.0638927863707224,1.0409247374384454,3.4429924190386063,1.52020286603174,-0.810911517316838,-0.7948574531202799,0.37412011130848655,0.08624725718279136,-0.15381105955895108,-0.8414512441799429,1.0436993721860792,1
-1.1411199695799343,0.23112593113947172,1.9008288773775988,0.7475968590173402,-2.098491897359236,-0.18992581581975604,-0.35523946358045566,-1.3845340938094026,-0.06206529109158626,0.2049940231857321,0.7378923685569119,-1.2834539994441798,1
-3.2056341661020666,1.9761151887738444,-1.4656212419690893,-0.5724125417846956,-1.0906264910548973,-0.46030926754660895,-1.720153830921163,-0.9513503184259683,-0.5673644479492553,-1.645403033517445,0.9799856527307867,-0.1635494856274606,1
-3.8608856767552444,0.5792198206936489,-1.5255093270804503,-0.297809701289309,0.8594792426709411,1.3530885169403002,-0.139385459102762,0.15296910909418138,0.14077419995220497,2.3457748908545915,1.3107921264211209,1.168051412203032,0
-6.240020963327766,2.0865592756851084,0.16683278296735032,-0.3835161791821041,1.1322280902819377,-1.0506816712655622,0.9749451341622717,0.39817340100601195,0.9361833339347861,0.9114438934801249,-0.5604781914442329,0.32846930183293704,1
1.0356277603136912,0.8003071350573223,0.5699483758643712,0.20622883839563505,0.45286503858837907,-2.569242870933523,-2.2016511100135183,1.905048323191237,0.9867416176790303,0.41435851917508526,0.05138539691606519,-0.008803915489118526,1
-6.550942949031306,2.5045184766996824,0.47682670734908505,-0.4360255298108483,1.2235335577661244,-1.0105279399757654,0.04050558703000237,-0.6854438591431402,0.9755535228742521,0.7924538222528085,0.48253316248526645,-0.021746911370538254,1
-1.0933711896127318,-1.395795986704696,1.021410106606748,-0.28110232696480403,2.7732237128118666,0.7374890718523119,-1.7723354915241072,-0.26353982184735164,-1.260389806628643,-1.8870851959147374,-0.9085412655019259,-0.6580935372466735,0
-4.1990814446446425,2.665242893255639,-0.8892227852706447,-0.5198332825260409,-0.31482951873132364,0.07411810634354311,0.16584816218747533,0.1276599017393127,0.8988954916188118,0.21226876069975062,-0.10628571761398214,-0.5594219423402518,1
-4.75195904906333,-1.944253403681519,-2.7419029865298397,-0.5611470211963473,-0.09243554135920273,1.1245823212668817,0.5049470626597747,0.236454392470122,0.9923932797944705,0.5795222720455259,-0.4711321016451243,0.3147682316927834,0
-2.4136217211161393,-0.393321750136022,-1.7180728862868935,-0.6405651359030782,0.7330967398940474,2.385071063424032,0.8653989832944347,-0.26569124607933003,-0.9239437192900811,-0.40636114283747743,-0.0023270876707650774,0.023804110869769777,0
1.84391622730492,-0.021914003740200597,-1.17604072841841,1.088312442784438,-0.9460480399476845,-0.14647671748817753,3.927740662282889,0.36274500796146303,3.6045031353650296,-3.5066715095801837,2.4846224844204206,1.5185176390428685,1
-0.126954685513447,1.3280966116402677,0.620274111542188,-0.5287584786452318,0.9030747089897064,-1.7580665976781549,0.45958464821185396,0.3763767675531283,-0.3092346843415612,-0.22186549349905002,-1.467380720278107,1.2774910576240666,1
2.7196490165286047,0.31232924847490573,-1.391665987828916,0.16167863816446804,-1.0795353426694696,-0.8640117085952104,-0.2699625338627207,-1.341940349475238,0.40340156014716166,0.5392831935612673,-0.5074120218135768,1.6013875446515191,1
0.5117263696577333,1.4374643468024615,-1.4556458219293886,0.04094150083037612,-1.162062385283787,0.1242093660980523,2.0386704120035,1.2725795190276883,0.459497995520329,0.843311244595335,-1.9540915535070398,0.162163380052964,1
-1.6824931762221462,-2.1731415065986415,-2.49659524211046,-0.7749079158204152,-0.37624858139271056,-0.13539924706646575,-2.458791641511049,0.18857568170435227,0.288837268777266,0.9655837439151835,1.2830911511044505,1.166437922097361,0
-1.8656357530648668,1.4986936860667248,0.5326750482243328,0.1460515950255989,1.050678770250453,-1.8599406589341752,1.8156774975332437,0.049061542411903955,-0.16098261698559663,1.1132821051149597,-0.6883709730719817,0.3715275707930196,1
0.4528743786104752,1.5905787837472765,0.7674869431540008,-0.39232316029816355,1.3465419699104526,-1.2921400021315934,0.35132015877812856,-0.1337925131954407,0.794905133147744,0.5455283902930544,-0.45408211472340276,-0.7154556212266356,1
-1.6710676757852907,1.8393359488428036,0.9274383924071361,-0.8089597057573861,1.5153507676838098,-1.1777525469184131,1.1460228691860268,0.0606030322350594,-0.20346751644390815,0.45030902082002344,-0.19205813243037745,-0.05163907732275341,1
2.6471267570132904,0.44612915932699254,-1.6266303301631857,0.1719242704821749,-1.0168812204715763,-0.9146083010972438,0.18764840585952175,0.2230929614993523,0.35950533819058417,-0.2780101116215672,-0.4611420897556299,-1.8237560601164116,1
-4.94317144670967,-1.058797510976476,-0.5857835685644519,-1.1259595187728844,1.9653068394191555,-0.11511128115953918,0.01594696435525423,0.6545750836425555,1.311569783939138,0.14342360408148083,-0.8872851467399094,-0.6431816545955821,0
-0.5738300531664114,1.88070900364903,1.9116449808736196,-0.03154724249814531,0.05143374036806789,1.941582913207907,-0.14589163008919098,-1.2753730997776187,-0.8843934778842921,0.37504026000799257,0.9513015312406696,-0.12935966032016052,1
-5.0179967913426395,0.7023866124149764,1.1416129737923224,0.9631940389407667,-2.0265697728594936,0.1633901020581539,0.705783529611845,1.4638490058685723,-1.8305527979296228,1.4746884565449545,1.3673904629945792,0.40274894629828834,1
2.3517796450682456,1.524733437817982,-0.7026737249512963,-0.44356051099829463,-0.8970130870709525,-0.1592646438335605,-1.6840323630546952,0.24281242884429183,0.6992837198909004,-1.329363985508991,-0.7202411855625847,-0.35292247255038467,1
2.2981906134219496,0.3995263602735608,2.2806331282055803,-0.9376911277757793,-1.483493995051939,1.0384168590214902,0.24384784873479767,-0.0756690043376519,0.5572686460918284,-0.002278838859093645,-0.6387712616404035,-1.0422141384283161,1
-0.06526245229661883,1.5118078886308373,1.2230524981295114,-1.2306750505700959,1.2603279522369562,-1.4059522543453042,-1.2653652947153298,1.6053906450587265,1.0076722514108736,0.9520327039915677,1.4986311272433424,-0.8863285673032659,1
1.9403149573919665,1.3848003604917305,-1.3880933903627273,-0.9445490417081533,-0.4993908302714114,0.02849200431611869,0.7650593947336354,-1.4101209065327964,0.3050808827483598,1.1205486568111427,0.31269005469727074,0.1560103321832523,1
-4.423240674419707,-5.602495323293029,1.824319852887072,0.33219931904572375,0.2858934454387836,-1.1172919797616165,2.5454707629759614,-0.2880219659139341,-4.413581943378561,-1.0833160643107709,1.7659778108563136,0.39998787375995853,0
1.9837913856148097,1.3530506350811073,1.2255560636123055,-0.07531281349729199,1.5934273622900954,-0.9967460773645046,0.9425381030124554,0.6686245541900551,0.0675975207102074,-0.07802703296285597,-0.4548238285891066,-0.48157724591502354,1
0.018398186910493636,0.5387222415645883,2.385362291719189,-0.7097814530047597,-1.2152677872717748,1.5795755078317644,-0.29176366544695914,0.04746153535449488,0.4129770304033401,-0.3511066629061152,-0.3350142434401305,-1.2244472206380335,1
3.886245617354533,0.6211336988771962,-0.6378324867496813,-0.9969279494878344,-0.16317634976133646,0.46146333695147346,-0.40967330658403794,0.2573358869612064,-1.099292812543698,-1.7472125922891792,-0.43449029077214735,0.39707123504330366,1
-0.8627328482180658,-2.340151644651444,-2.2480354931395836,-1.5425559276335805,0.1877952109971626,1.1743625972123701,-2.6381673423035483,1.811242759573558,0.2943535153066083,-0.7717999684608962,0.6383434218154849,0.17863154321138844,0
-1.754337759274199,2.036879555951313,-0.4110972972590319,0.40755905193430164,-0.01852477852123418,-0.2886040798113961,-0.074746910424498,-1.0471166069900053,0.360413018045126,0.7146044669790893,0.6516685677828964,-0.31384317244061943,1
3.4500633362825304,-0.8216938118058706,-1.8564303014743162,-1.2959482365624444,3.233767130640805,1.547197015701046,0.4418099986484465,-2.0003147472269798,-3.5572381594685893,-0.6205839862719928,-0.008663558576701948,1.6524562507523333,0
-0.3763781097278124,-0.7892786080519908,-1.9349212904436712,-0.6289015820241048,0.1121605319107804,0.532396409235149,-0.12962730570604802,0.2223402024115146,-0.7609798408002445,-1.062320108896773,0.08490268011338709,-1.8165942921538956,0
-0.42260801784753144,-2.5487448880918713,-2.430674847032952,0.4073588936892358,0.44611961283748724,0.7531209933683416,-1.8728748078297481,0.592411086619989,0.47212782321609925,-1.172232055889112,-1.6518636365786155,-0.3925152772374791,0
-2.3247756479032566,2.216659403595604,1.1483304787143684,-0.27477398605397857,1.6624063781743081,-0.34253960500551006,0.1888875893365501,0.2426975159030762,1.18998383760006,0.177521423480527,-0.28383523550792056,-0.32170081547500673,1
0.6622393920191579,0.5203571004483599,4.080211043103854,-0.36266106843321033,-0.49037447056104483,-0.22213043348546255,-1.2159025753681556,0.8424454707478791,-0.020854510749835926,-1.769125059627656,-1.0379045940161822,-0.28555982077302305,1
-0.3254216921355986,2.4524607893563855,1.5292529453104724,0.19473186839808362,2.057052851731742,-0.6165799975219189,-1.3532420932439304,0.475040898709778,0.09551658895684545,-1.626363975512764,-0.11207333675781912,0.4742951690524381,1
-2.77092149003374,1.8127844225340533,-0.5662287922440188,0.5687502164182563,0.06036452390834466,-0.2063223325368345,-0.4831713767750409,0.6584850416463685,-0.7428893382672912,1.4983037300365591,2.3568535531746417,0.352883733709253,1
2.360703887577791,1.2218179325278757,-0.8741087721600302,0.014281557203881906,-0.33063470800989075,0.6637896164023019,-0.010120767142718175,0.13146333533037682,0.6767583058633971,-0.08281631722702062,-0.545073577395728,-1.1543282183544932,1
-5.724258809269654,2.113671347034247,0.6240077760456733,-0.07771884712660349,1.3284715897749941,-0.6682530571883339,0.25255147793281624,0.3625482479074168,1.1033660689297187,0.4155177414629886,-0.32554938944355216,-0.23021947067088083,1
0.1730050005741855,-1.1841410973192987,0.5776778435360862,0.4281571960511606,1.9166050927534004,-1.0053302658325594,-0.13543356292626976,-0.48013666514364806,0.20527234780418066,0.08019024682573314,0.9468742866089778,-0.3159269852643958,1
-2.1406264649525313,2.002438609402904,1.086733041214327,0.12279997862324364,1.2677867472716697,-0.8794429622277935,-0.2032021231565997,0.7840970245770836,1.5836569842845138,-0.18341811785740064,-0.6029092508510018,-1.1449104377274766,1
3.1032221678303897,1.0330179406860829,-0.0029218572897927756,-0.5479528500011489,-0.07165349675452076,0.9212870297930261,-1.866105722377851,1.5716433650835435,-1.3187128843133498,-0.9736254121976169,1.829416060119102,0.9138745067498366,1
1.86697538018063,-0.3041331549190407,3.721145354349314,-0.6355212598590367,-0.3728244164940808,-0.26356914342934956,0.805831576343428,0.36501965989195234,0.204029392909338,-0.09559255592325037,-0.5440442112108393,-0.7235098635128823,1
-3.25300465793989,1.8850359721374943,-1.1201926390274695,0.13507367235023446,-0.1717410055765788,-0.4316895086782184,0.890673618168624,-0.009363066334865451,0.14794948644426514,0.931826295858046,-0.40012630486406575,0.004716291472267664,1
-5.106579725732684,2.3187314677414905,0.7655525002114401,-1.0931482483611525,1.5314719316361578,-0.8695829000214436,0.24269937434886585,0.5413968771217106,-0.31372625861054987,-0.8966822468740921,0.6628747092289278,-0.9280202068036252,1
-3.0510347974403156,-2.785066269347534,0.1483127178750438,0.13275760210081333,2.038810413627098,0.07502792019943111,0.9328220425584535,0.05135079496401838,-1.0148974384267035,0.07544541384207866,-0.23596343884294188,-0.05015784501957896,0
1.7784470943825093,-0.7571463524189862,4.212319605367849,-0.0750229944522983,0.3229903303545113,0.17650480782202865,-1.135266785680052,-1.2473339229451015,-1.0400383657087504,-1.2570335409661795,0.5103834714250365,0.7333494389709463,1
-0.2573655880118792,0.21166754904126006,2.18648007873682,-0.03089800906116443,-1.9975436980177126,0.5228590595768868,1.391156873600212,-1.4444757319194328,-0.4486981898290292,1.1283850207492263,0.23910558744964547,0.6060417205553039,1
-1.9657749119760493,0.9080297442860146,2.260424797009814,-0.3623252767329979,-1.3684381961135366,1.178435923158115,0.80794950596264,-0.14361696503227916,-1.419312506581792,-0.4946257284079094,0.49313026988564335,-0.4664815310429474,1
-5.596121518623394,1.2552632075334507,1.2396436724290871,-0.20641618200480574,-2.0903284037788636,0.7230141537580579,-0.38509541585712925,-0.17177579612303287,0.8494453617498112,0.04551243875303775,-0.15000185022811738,-1.2163726451634767,1
1.7339474312219043,-0.20000747379093511,3.6847357769304687,-1.3055941713780006,-0.4892970104056646,-0.07055757688484854,0.09692659174331636,-1.3154886090997244,0.8582872509979544,0.6688274668093112,0.4488186168721753,-0.28079866339504406,1
-3.0401839017027634,-2.971772534851778,-3.0453006789855372,-0.07951239281552992,-0.16833533677850027,0.1635671204281356,0.899641499820733,0.7327743819699942,0.5784684709235935,0.8161824150206314,-0.936152697507556,0.17690571924221674,0
2.9877411860869945,-1.3907964838012437,4.371199752261952,-0.34739868354336184,1.166483217766372,1.458633113445212,-0.4176506859284944,-1.1123743398511483,0.5884384219223129,0.17204237845929707,0.6896747035550737,-0.023511241949378058,1
2.805041301072196,0.4576475962323168,-1.7591828236586133,0.22833319943421515,-0.6712708589251565,-0.5608659564791024,1.5541032736127964,0.4717139221205308,-0.2020433424395167,0.4248124274052387,-0.7128550538423958,-0.2444050779005935,1
1.475954422197725,1.3018721006680771,2.9640886237126733,2.4819880480995438,1.6149533103205638,-0.5169450139186726,-2.2231750695923385,0.38057244070960694,-0.7609530310516681,0.8193559824213511,1.6462101604950385,1.0719673703793555,1
2.423373388704826,1.358146150550189,-0.5820845707497491,-0.4932087226841548,-0.8906772318418004,0.12145409880675588,-1.2964742696252944,1.919266728503752,-0.4790458657265058,-0.12283174510198777,0.738190659813375,1.1193702531982694,1
-2.2885980478631787,-1.42766392574728,-2.062725659069328,-1.0835962875826064,0.5795034893720712,1.3872278928560946,-0.6566052875960746,0.213231952220565,-0.27430881202548796,-1.4830101985936317,0.8019979989799356,-1.4864850076783902,0
0.561953834308822,2.053439165574512,1.7861513072914323,-1.3548922156094427,2.3121903333060096,1.011972379244046,-0.011623603885934647,0.08172835424799359,1.1082218036656732,-0.2842684962755801,-0.02302522121552421,-0.22841409476670257,1
0.7281412496743596,1.874102511655559,-1.337083394994967,0.43087643049668317,-0.3910893775365086,0.09223304222102889,-0.22119925891045125,-0.20079831570197051,0.40197752424606953,0.09068026278999308,-0.0219938972976501,-1.1918551593759836,1
-1.3975888575983981,-0.3213472357935992,0.5728012043184592,-2.3073051333021777,3.3969364072386115,1.6244101728429199,-1.5115233048819958,1.1218773471253918,0.8148460582715927,0.7147180057218689,1.1277452797575456,-0.4096386799034794,0
1.9800363845373703,1.3202017568657076,1.271527168274627,0.48092347816954106,1.565246483374318,-0.9166303798132064,1.3973015096012598,0.660760479850465,-0.0460361881325836,0.2860292159898049,-0.7018403202520974,-0.005629434172546097,1
0.3801328856843322,-0.933882364163934,-1.9029864404309684,-1.4449169272695945,0.9061965120952383,2.1417587959103197,-1.0668629245239527,-1.9262592690630325,1.0073045913909273,0.11207224175689474,0.2511211693673445,-1.1693350528138853,0
-4.630192538468477,-1.9670282774295955,-0.6411839892981068,-0.20562717074220407,2.31772680477507,-1.03294135279189,-0.46334620062934145,0.261828926280276,-0.64577473547556,-0.7403071650212195,0.3947262313573066,-1.5927518625823913,0
2.72365761529821,-1.4379019770442352,-1.4158530425987903,-0.9211846293467109,1.0375693456611315,2.2126718356671424,0.4873248749342372,0.965903235665884,-0.2520251064802352,-0.8006470513424098,-1.246703620298058,-1.0604538747087728,0
0.6392036384272431,0.060635877945307295,3.5444723446324065,-1.0314346880504184,-0.6686889655915068,-0.4333464262963236,-1.1100928567377004,0.018903985478381506,-0.7531961013405052,-1.8346191986072224,-0.6129662645701733,-0.5600518053463861,1
1.0050107935156225,-0.3142704638201584,-0.947399290076991,0.5568499983737254,0.36033494683303213,0.8854684206996363,0.0846866913946462,0.5344914244485657,-0.25968218088008965,-0.6027024816599043,0.6382846667988995,-0.3623015236147295,1
2.952577447429994,1.3697460574880167,0.02870550511603337,0.030216467039634064,0.4721633835948657,0.1897958503522342,-1.2139550560459302,0.1495464978181605,0.32813436602801455,-0.9771555261548347,-1.0790158442856346,0.25179487823904373,1
2.756589611925659,0.4587744904610569,-1.0294637290410078,-0.07338457312061147,-0.9411147380615013,-0.6526636798077018,-1.1723184537498645,-1.2726108445914457,0.601763790767039,-0.129454304716031,-0.05155080573053886,0.8561135681263147,1
2.5527204959490533,2.6261615204181936,-4.0515977830611885,0.3917038456100493,1.2888196366832914,-2.774103412382255,1.2287616185411474,0.4618812568138762,-2.382465315612996,0.3615223393413702,-1.5117611348896283,0.9277102552454599,1
5.195112949175935,1.0888769380948957,1.1274913648531895,3.0023695307561344,1.4540152731823355,3.02473179713083,0.4313604365720414,1.0387928444653745,-0.4904798725815835,-0.5717831184628989,0.3977286104464716,0.3666647043068327,1
-6.118992088704952,1.8229322730465294,1.2570820314337718,0.24834383388182302,-1.9362344162686986,1.0572290662798283,0.41362458325811297,0.5044885586908083,0.4488747602169448,0.24073296638806144,-0.6245810448320773,-0.5241190920705555,1
-0.13964393077935772,2.5435156667631507,-1.0490911697762364,0.45413000963235833,1.1708905676574288,0.5138712153242185,0.09344860977338991,-0.9167914753120359,0.193334577070095,0.5358811580032349,0.5757612617977612,-0.08868517014599468,1
-2.341246554995242,1.8242946810923935,-0.26487858002712067,0.19953952978799586,0.0004105355778571205,-0.14515981710569167,0.7793550823493578,0.24813445660688682,-1.0817321377714824,-0.4450546015143846,0.5551424059427132,-0.47454494552067455,1
3.0480737878680513,0.23566246738624608,-1.1813757378280239,0.4074901549886173,-0.7796157829278175,-0.7152162608270317,-0.8731327340223899,-0.7676400398755986,-0.17396686904875402,-0.627240168851627,-0.27389673372583173,0.48440967632052934,1
-4.925667657388975,2.2725060087224143,-0.5605035933909245,0.775476712409039,-0.5057165322258188,-0.47061167735454695,-1.1727805389245398,0.33734498508675004,-0.6549250038093899,-1.7108293816351343,0.04903443063878281,0.1480671240965701,1
3.5210861061551086,0.2811107214888106,-0.6228933117991678,3.1731034659632367,0.31041373056874677,0.8491791256159664,0.5144787650374228,-0.746132632507827,-0.18838705638634673,0.8302587485645847,0.0736040049488355,-0.24607098881879633,1
1.932367473726132,-0.15130908426603598,3.8439355638823387,-0.1726351025727059,-0.5009113693942374,-0.8213935329361122,0.1989891306302535,-1.3017120029381604,-0.41424395797753544,-0.18161151264229086,0.8609949065822687,-1.054745912203376,1
1.4698657795381154,-1.531328327255248,-0.22650043591427851,0.056748084218715536,1.902384653194921,-0.9328758451986793,0.9277329711033449,0.13608032431932202,-0.5499162980907467,-0.08859305827065485,-0.8726512384764893,-1.0815820894917962,0
2.0866490619993185,0.1843881909866874,0.533944462823895,-0.7268229751452563,0.9585385309834048,-1.7822645150960092,0.9983279325134035,0.5230403016586944,-0.22481677129278008,-0.39872038442189117,-0.3605237228839085,-1.1518368608479486,1
-0.12606993528633045,-3.862183635928547,1.7793464879474818,-0.2504095744323136,0.5394120487340629,0.42882806505221555,1.3232083851881666,-0.20145704864622155,-0.8804273098377324,0.30355855886989064,-1.2463364857803965,-0.5594463976193226,0
0.5465941349786324,1.4885090800790255,-1.3014865978144372,-0.48326380717670775,-0.6266484542877937,0.3850153704781535,1.7070755030546754,-0.3720696907223755,-0.5439436568202268,0.764262668132891,-0.4247881273450772,0.36070735714813346,1
-6.298667675511096,2.8307359630062914,-1.004572962103645,0.47380727194139577,-0.3953909863886594,0.035467683146994625,-0.5275884958289625,0.16009747945705652,0.2265785119580263,-0.17480734768137426,-0.873962610712025,1.4825013392414828,1
1.6999033242250858,0.916934274211545,-0.9390053915491775,-1.160504127426141,-1.4501883654645789,-0.8240736842688905,-0.7926935335368742,1.905493097193284,-1.6454657459982058,-0.752470662035174,1.156522193385416,0.6035172807641694,1
-0.9219674206223001,1.7372903720377464,-1.4381510066706333,-0.8431656700611264,-0.8830358676629675,0.5288893103557736,1.2513111177174474,-0.07230250603205181,0.21362258389464908,0.2606096520278565,-0.2295655266727824,0.052929082814015344,1
1.6733495757090433,1.5358477687439775,0.24268377499367633,-0.10480968679363954,1.3937185892734145,-2.9189016800706185,-0.28718393775183426,0.5723032891790829,-0.9811662782018068,-1.2053303015054078,-0.8228520430762405,-0.17726000368999958,1
-0.5363246357109032,1.9528852632727876,0.9926151771592945,-1.090605771957059,1.7486979752291234,-0.791816638310738,-0.6782601870447151,0.17069306717018634,1.5236770035805685,-0.42705046324210283,0.03802178608192553,-1.4422794577331073,1
3.536258246868812,1.798070735100769,0.1416564382455589,-0.8485835646168385,0.24145144837854976,1.5164896731598752,-0.7868601771544698,0.3893646120994903,-0.6826210702842391,-1.6851439979290395,-0.31269293054791086,0.828032788879083,1
3.1498077093785724,1.3401964930030479,-0.5913454712421997,-1.4261072325715927,-0.13261276862650018,1.328927009415581,-0.45401296027835913,1.6465633855227781,0.3494186322236262,0.9465474240665283,1.015209251793971,-0.1606220895640759,1
-2.242880132111571,1.4473593161483456,-0.8964626899298479,0.7390021822946351,-0.38196268830121327,-0.7078400216796481,0.23570483615156587,0.3953994289094179,-0.6407285177878616,2.1797470521782376,1.7613101461707439,0.7079996498503953,1
-5.932743055124365,-0.16634485547687392,0.39517394932214656,-0.8931013958938141,-0.9214746418918236,2.0105040431673538,0.8226902335615583,-0.5258655500781936,0.07132744634227395,0.8952708661358895,-0.8071483669054327,0.20532766639407188,0
1.307229526439116,1.4983093454189667,-1.082916194767215,-0.8828153169696192,-0.8526629050753551,0.3851265794713981,-0.6704161365673951,-0.2426405815560607,1.6014868123113288,-0.41808444025771696,-0.021552153330381844,-1.649443286853667,1
0.4807099136041798,1.4965388624980114,0.970780057460811,-0.11366875746939255,1.3195047871909433,-1.2189674644114927,0.665441169714467,0.47355585953269386,0.14308911771714347,-0.05930089720197713,-0.5448489570892645,-0.9197945353989648,1
-0.3220887354492256,1.3202462570876061,0.5438634770875531,-0.8582091857153377,1.3146543824535206,-2.0990276541102095,-0.7925526733328404,-1.3162683085887432,0.4117942812272666,0.36957558858812856,-0.43700696000965794,1.032264371131438,1
2.185841546784105,1.1746583096807441,-1.1959153193581937,-0.7125752930874191,-0.6526127608400965,0.08123012392385334,-0.6508180314905405,-0.0022050048469877195,0.2944744718655278,-0.5320305575654453,-1.2821890376746041,0.5464181686849333,1
-3.109264535371806,-2.5438269180897235,-2.540434318994716,1.5787972277852464,-0.12489345821519185,0.45117360426414205,0.6176215780857071,0.7733200744855305,0.554043518345891,0.7333757445361699,-0.9605482455897534,0.08339466289821873,0
2.459228165749834,0.30418537140467744,-1.375602217317896,-0.19513532457700752,-0.7478906409479538,-0.5216421908369653,0.2257266303625505,-1.4141602910437248,0.13066942577152155,0.42122885775740526,0.565754803537809,-0.8279362076149602,1
-0.5053911490959582,1.3341818536989756,-1.4001713580776298,-0.08756840748320167,-0.9579432355639623,-0.45100971764502934,-1.1607296055831209,-1.4420770604120985,0.2090231799216002,0.04251776799393588,-0.12047887362964553,0.8552756606241934,1
2.6732450381437958,1.5362048791550897,-0.8129140619533041,-1.2687427170474468,-0.4471263818983712,0.5123764281237907,-0.33206539655484557,0.1786430567333424,0.8353225528563138,-0.5047200026733865,-0.18221285623012537,-1.525100235861641,1
0.7801839577550971,0.2762944243419075,0.7119901292876322,0.3685704425887678,1.6293973166363698,-1.0740263884119707,-0.2221400165739762,-0.8150358982838539,0.8201847773758626,0.6060861348068208,0.5333656404963196,-0.3737940840766255,1
1.7219764538369169,0.9774858975771809,-1.3355462074528568,-0.6411340136178408,-1.1706735739023355,-0.4547920266269804,-0.8059423296869773,-0.07281320721862233,0.6134923037395219,-0.5165353207548772,-1.3802207005086664,0.20797355878288945,1
-4.113055191669953,2.364989161509737,-0.774693151059969,-0.4599831350784616,-0.2252999294784506,0.318170586088361,0.22769528293720606,0.1214126026959997,0.9237478593588462,0.23203605661909646,-0.15276546048166478,-0.3866145290475503,1
1.8219681732293254,1.6188177907398051,-0.8965146326394654,0.7563347925942134,0.36843291235025555,-0.7081280183372922,0.15403703779515965,-1.273686967090338,-0.4190447737170526,0.8117440090901237,-0.5920147267419541,2.1187793254925125,1
-3.113326642110215,1.5177789377130702,-0.9329746459130284,0.6506737956185684,-0.481516688892081,-1.100605159937377,-0.1390823626531426,-1.088515238651701,-0.799243346228306,0.25054431563936214,-0.10617200571163944,1.6592218087264783,1
-0.1049500850803233,1.3575427875759767,-1.180218517149362,0.288424794455638,-0.7505782412405898,0.1905550791125916,0.5546017393478985,-0.2885701451834143,-0.8879437216078485,-0.014159511494508465,-0.9791678092739922,1.9262352652549586,1
2.2180876615387786,1.197202003212356,-0.7696887359575192,3.4480539086702007,-0.03484905022531817,0.7068870656407893,-0.2821342153196634,0.1567005654042633,0.7099868628455335,0.493771473636518,-0.745230112196203,-1.3756468582000834,1
0.6359394437650606,0.6070478525166321,0.29978484737261213,-1.5405279464493002,0.7075056623160116,-2.3536300835027193,-0.1554230128820633,0.3088883695345911,0.21761511787856935,1.878160821801996,1.7831478221005659,-0.16030465510962646,1
0.5490036277775653,1.7612049410893649,-0.7173894897837721,-0.6356043782182584,-0.7552130702297224,1.0212295507643832,0.5056651209296923,0.40528557347822275,0.573093455277813,-0.5701889995290219,-0.303003452762362,-0.7739563991615777,1
-3.3106409358912936,1.8410145834685612,-0.7507758889108783,-0.3342295750995813,-0.2517086624073293,0.1481088899214558,0.6153250675009151,0.09022681859662067,0.3057455640975339,-0.008466489243171343,-0.06454283045895495,-0.4208130059410386,1
-5.444699203508291,2.068266796839344,0.6871385136680945,0.5208926821417876,1.094557085177567,-1.3362967742574468,0.49521771537806475,0.5144818243533952,-0.1818779682673684,-0.4504786740015971,0.2396155920245522,-0.8018974386467207,1
2.0233853799075687,1.049854888510186,-1.1229771192371392,3.6941942704265873,-0.7601067464071817,-0.6631323459806977,-1.1387671208360788,0.12553354217414997,-0.09989550722755174,-0.47546840045971966,-1.206053827844518,-0.4064959268979266,1
1.4521828480020056,-3.333528808345512,1.043685184468168,-0.742559162906428,-0.5479229926940551,1.3592268185268774,0.1599999732529558,-0.44033637367295725,-0.7507032490283023,-0.6485886506857115,-0.6563283856171311,-1.7477372383172294,0
1.6482150046748691,1.172392412639681,-1.477239398076461,-0.20209763275734974,-1.0548402291993066,-1.0936626123109885,-1.8722217213275598,-1.5089750224661993,0.585984920281291,-0.4006741989716821,0.04787395450455732,-0.16820523564619055,1
2.2335444572531657,0.603990086223409,1.0099606716301905,3.0688840713677266,1.4541339521687389,-1.2164628910762179,-0.91358939794245,0.4034144489462092,1.45540800190684,0.20565137091962868,-0.7168812738366735,-2.1717488278154238,1
-3.970087393573208,1.2082975132279823,-0.17690916247391206,0.2672657922996694,-2.3223373531382796,0.3888868718156924,0.9142211563357392,-0.31203635928873674,-0.3140266740413776,0.5317691384941882,-0.21611682357031362,-0.3146375287622054,1
-2.336002448992759,-0.016451921787932845,-1.877934689681906,0.32355619436185823,0.20576880599543532,1.546023030637121,-0.8907761185804034,-0.29654767528645476,1.0390339105197612,-0.2397077450167606,-0.24179851589206883,-1.322997798031823,0
2.4740594897307364,0.09781436949049929,0.07068639794872558,-0.9903663283473572,0.9928098646721096,-1.9824973706810753,1.0508814875997583,0.4472059317144012,0.3893762571916206,0.21619422000764746,-0.7702055296163033,-0.9314003317378945,1
0.6644035967314694,0.336693187217806,0.7595338792809988,-0.447440830901222,-2.340188593455971,-2.693929295356614,1.5704254417670938,-1.2748419042554724,-5.253876392644743,-2.2625625294888585,2.4660227122476965,-2.8105829317791096,1
-0.4318047438287268,-0.27083778089384525,-1.3591912100785533,-0.3949758244253937,1.2494646039223456,2.4227936850373366,-0.6574709236762455,-1.736626534232388,-0.060383751981213235,0.3708184660890892,0.507775753208055,-0.39060431648987554,0
-0.2246416382236755,2.0677359277307192,-1.0093215428943028,-1.0085783324655206,-1.138461533577942,0.2522028158341074,-1.4965132005099133,0.38086291728193533,1.1422088637705845,-1.3465270858829597,-0.8247861436659772,-0.043221926264820694,1
0.895830734512161,1.0748188680563298,0.4242684500717274,-0.7940197679059595,1.2430026666554117,-2.3956231381091806,-1.5091867647389798,-1.2649477848675683,-0.05338628178812889,-0.6674950717671494,0.17889010641177785,-0.13094452792975114,1
-2.733065638159383,1.9267093742092278,0.443828511958516,-1.2195936259246218,1.3324358512460102,-1.1206089314902468,0.9908912882892243,0.11691254198622626,0.44116128161441887,0.2781576253651873,-0.32572299205872174,-0.28410011096565235,1
-0.8049409799998581,-2.594648621772744,-2.5452661500697222,0.7336649768336382,-0.32644717094152564,-0.3377308492427822,-2.444664507134381,0.20995737378231466,0.32801969895915706,1.1411399870668297,1.0319863974846286,1.1413604554531704,0
-6.326652573080564,2.567252084154572,0.396395447258434,-0.15121691560786243,0.8858903755344016,-1.5029091782255313,-1.0682921297117762,0.3009271187452711,0.8305123242382002,-0.4269408621537633,-0.8215898564964902,0.7793579086306497,1
-0.36685282923327256,1.7510866535269756,-1.7397039614734622,-0.26049549152877133,0.02852190398691919,-1.456436719399661,2.255979084378335,0.5380697925471679,-2.204628455237626,-0.08172515718173629,-0.21355837124764898,-0.47786998175846845,1
-4.447052010874825,2.033292103137098,-1.127164680749466,-0.5419971345949536,-0.40542791797862054,-1.0869183519333456,-0.30009585600760297,-1.0294686932620518,-0.26739561085205005,0.162384916402846,1.1031567251717198,-1.1299809149759996,1
-3.1713563224101162,2.089210485258389,-0.20922176371024384,3.4187894933066656,-0.03406396833972213,0.16483751025514928,-1.672465871360795,0.14005814958797885,0.8970995834374598,-0.3119429559255259,-0.7574395664579912,0.40452900322612706,1
0.834483809340594,1.7247057423150587,-1.1164931629617498,-0.023381298297958108,-0.24604091648663087,0.7952618806336916,0.8664093701860599,1.3949547149713246,-0.3886702614006646,-0.6592051749478236,-0.9668704707113933,-1.017827251544653,1
-4.757087572777165,-0.939488189466328,-0.567841306626745,-0.8837873266703666,1.561218840395195,-0.990321382005405,-1.7499316147693973,0.08609282325068385,1.2176133608251942,-0.7318897701581689,-0.9402705872948234,0.22777888473036503,0
1.5786001829151255,1.0160743569901054,-1.4722345517760262,-0.47073126656402786,-0.8783684733312257,-0.9009854233499964,-1.2380215960955123,-1.5047812931277615,-0.3129128112484752,-0.5754750775653036,0.1975643177856735,0.1791199602020066,1
-1.7695157735532376,-0.8806035324201694,-0.23748615456603583,-1.1565196127253063,2.4672524643668945,-0.20174869810953616,0.35069328780842424,1.14161350778419,-0.7411651830844475,-1.0205554981851854,-1.1303208885159177,-1.8981127173991073,0
0.7060855302732421,1.6969619506331315,-1.247173793113653,-1.002941105893466,-0.7149593240398134,0.22840024845872864,1.428212980077208,-0.30777906078069533,-0.4314383226744236,0.4838796285618207,-0.18522499333928394,0.05551121235495007,1
-1.1507524511575977,1.1634973887029318,0.6081195733710284,-0.9636807662053365,1.178535379336643,-1.8976425057667163,0.6859811551611069,0.007404982994083679,0.22594460687994536,0.2717969877159597,-0.18823153201198436,-0.7793086032643972,1
-0.22741155546309536,1.5427194230942924,-1.2733252301932187,-0.14193876044431114,-0.781148807596848,0.12304681324078934,0.19609169417854053,-0.23668038593856208,0.5558484715091287,0.35262867180155866,-0.17676386096493027,-0.7339524748334528,1
2.087686480854798,-0.23895199647785506,1.6764456947992379,-0.7975338613522152,-1.96610202581611,-0.3655123021198864,0.4457445357714909,-1.5436562982247075,-0.051437262965731236,0.5070567049334168,0.5027728329835319,-0.7793606148576103,1
1.0846046574320456,0.9728163976847264,-1.5706968827569623,-0.1458205525805017,-1.1605123678254199,-0.843753414178358,1.4367784821799456,-0.18427317120810496,-0.7867384167182876,0.16087468992159942,-0.047485821948418584,-0.5563807354715986,1
2.4417656208324194,3.012204197635562,-2.698867817271532,4.518749734635332,1.8691101515891648,-1.5163468300501735,0.27042419052374295,0.4922797617234936,-2.2301659103054954,0.3666378428010537,-1.399073818488896,0.5776866204592971,1
-1.0879909305030857,-0.4638216826791449,-2.23776496539379,0.015943033837507815,0.3432276072964635,0.9168102391632095,-0.2517671908391694,-0.7400460655288892,-1.0961994736623226,-0.20861336575343498,-1.1563630267751275,1.172474773322302,0
-1.8226355702346515,-2.0016194581453495,-1.7106849703294735,0.4008971339366009,-0.6560579743449854,-0.517373658612704,-1.7073478637034016,1.1197533514338835,0.19484739274444138,-1.7260707972067773,-0.2518925949628108,-0.04410387979857866,1
-4.576935903064576,1.9007498585354135,0.46852808531448686,0.25078955749992915,1.0318649539449625,-1.8748846296303385,0.7448862961844959,0.21597526206266768,-0.11549538543937232,0.4651438755579361,-0.16606113832323413,-0.5140284426856909,1
1.548347993001981,-0.4316349503335086,-1.1396831377107226,3.4460445981744274,1.2415948363694478,2.119531477660568,-0.7980172358669505,-0.08084205981434113,0.3982302330582515,0.2672201739798154,-0.7928781741798625,-1.4332549038693687,0
-6.609599989355585,2.3512340574222503,0.5652086818594586,-0.32526598261672457,0.8027148310691561,-1.6569452888241945,-1.4858332826837986,0.3557888032740198,0.36780461975464096,-1.2368375305128796,-0.3077285940026035,0.05057188446903542,1
0.8936600412575111,1.5546830993912986,-1.191829480964391,-0.872459819437792,-1.1553241412106778,-0.7661514921168313,-0.675357530712513,-1.3846206101171918,-0.39812725380439573,-0.373500112237191,0.21237460768798952,0.8684518993225717,1
0.5775557072302963,1.790352171503201,-0.044921833178098516,-0.08913871902091706,-0.05356248459985624,-0.39126949366357877,-0.8263204482996566,-1.1914429410133274,0.828813176550907,0.14586721043154496,0.8639975627512194,-1.1919184020689804,1
-0.6359873463578797,-2.450529095919229,0.8100446187263388,-0.528474201179806,-1.0750826783070386,0.7983953145502332,-0.09460679106614485,-1.8588247535050844,0.4563429302781671,1.064925068004482,-0.09948180575986562,-0.5886384313582494,0
-1.4960122361206667,-1.7212132642232372,-2.2931961293595418,0.2113274805589602,0.4783050376204343,0.7919443367493633,-0.2921769689711616,-1.4681703161679334,-0.3492396540549389,0.3617222714335902,0.5136511773706112,-0.7213561443310191,0
-1.8898943285342746,2.001280472589463,-0.7425196457814106,0.3952041153746484,-0.12649858894571142,-0.6614337189744305,-0.02087823415077448,-1.083191179868873,0.35177559096494904,0.8420205392807545,0.5620147756106336,-0.44135343385513304,1
-2.479998969433564,1.8513061315077455,0.5945270468280998,-0.9748748400646751,1.1640633612531153,-1.0501006803082968,0.7523605262769982,0.086945055211158,1.3203712104563943,0.6797963168198211,-0.6380632443464546,-0.14488584228515922,1
