"PC1","PC2","PC3","PC4","PC5","PC6","PC7","PC8","PC9","PC10","PC11","PC12","Y"
1.7538844315095783,0.9583788350116704,-1.6508784142222628,-0.7424050000652919,-1.2629313266888706,-1.6540557851526123,-0.2079977583191423,-1.422867877480512,-1.7316744384923932,-0.9781610248162288,0.5282798475849348,0.2672273951809403,1
-0.8881909621497294,1.5577812727066411,-1.5271588172852923,-0.2541736462701565,-0.9100983896069604,-0.8652428835321796,-0.6026467675733101,-1.184309284223494,-1.4043015746414165,-0.7801897270346939,0.579684431625986,0.7066217620089118,1
-5.567091598963021,2.238378298342956,0.3909148634841117,-0.9291105870834688,0.9789209391029096,-1.307864210906389,-0.1865632897995545,0.3146167296607391,1.382591585014172,0.131807925843309,-0.1344063583686121,-0.9505786208687932,1
-0.2611841498008526,1.8110124628304225,1.533936385326131,-1.1725044265493751,2.229074542620399,0.3576505664329013,0.8953141495966794,0.1933139756435404,0.3068098375971,-0.1424214108109884,-0.0656824253492512,0.1978830911652866,1
-6.990772630756742,-1.3811540001229372,0.8472401997405056,-0.8451162165677677,-1.2538546343285892,1.3923323441427522,0.9159255409508058,-0.0237254260225647,-2.2290609524951157,-1.2602313410777397,0.7047498794602113,-0.8139341717471101,0
1.3464827109013562,-1.6812565208509211,3.227329407995835,-1.0147489908651952,-0.3154820784025665,-0.1569881384341741,0.1292112086703621,-1.17469834597152,0.964494421047777,0.7552514951212885,0.3346077532981108,-0.1204007409570629,1
2.656136085101273,0.0063234457072081,2.389384400507048,-1.4566863826229448,-1.7497211730392437,0.6441114925023037,0.8292216122871676,-1.7493026337875457,-0.1530262701000826,0.6230539982274466,0.4129641118791936,-0.1725129997166861,1
2.410362138724363,-1.3811348161160537,-1.281919525389226,3.473505395199695,0.0573068424044521,0.0824718264317483,-1.0547540445285564,2.462599410041342,0.1711380300222145,0.928455555371596,1.2924280501277372,-0.8817170697238177,1
-2.708112132721991,0.0724934025751631,1.4535318015827816,-0.4023110748241479,-2.5657719050268004,-0.4306016057566255,1.2776313630383178,0.2161747583287014,-2.120986339424019,1.733542104126527,2.096564139015795,0.8214175061537666,1
3.727556087013351,-0.6404970920175795,-1.4026401045712722,-0.8808018369786679,-0.5084505354567003,-0.384684395089765,0.8976547340346254,0.5509743630560444,-0.4294224317554558,-0.7096277275632871,-0.0155248765921929,-1.058916606242268,1
-0.3399671339141557,1.5240956550158204,0.6275563584568498,-0.8646892220919932,1.5660125781813257,-1.2934254559044536,-0.4887348875886661,1.4060851509180912,-0.1817996831284941,1.4871983969694198,0.1197734916803671,2.37059313383126,1
-5.156240735514465,2.2378411235682605,0.9359204199482049,0.4270025039799732,1.5210810738649805,-0.4023135035723457,1.016205778752255,0.495257374496921,0.1552862499150255,0.2672162588389593,-0.1737599118728573,0.353387558084576,1
-3.0649790357132094,2.0586112563678043,-0.9978229430090138,0.8563423572062177,-0.0160971600719046,-0.3726299283589307,-0.5008863256107404,0.7557543368844427,-0.8823785075776436,0.9235890567755256,2.456511211178606,-0.1638414055109401,1
-4.41849054683204,-2.448170643621563,-2.6501480260790324,0.0464515602242698,0.0662196686345155,1.0924584571795346,0.4648796045603365,-0.6989219850616822,0.9237039823348456,1.0751122972680585,0.1773077912059212,0.9222641629824953,0
4.34611591623958,-0.5958667905888284,-1.118329468422898,-1.303071792043362,-0.2833650208439169,0.1047126990501477,-1.376588631164467,0.234009060394428,0.7812862379077972,-1.1701376877072087,-0.9101323560149996,0.0184427057243239,1
1.6905993490097764,1.4409305550820102,-1.1446655412947104,0.0445638756412367,-0.6890785550221167,-0.0016816820493995,0.2619370208549584,0.2417629929140568,-0.7026522185503862,-0.5501065770232163,-1.1551260554948186,1.2383575408584344,1
3.982765719270392,-2.6842222918308725,0.7995136773488846,-1.958967971161907,2.814169504554139,0.9473879040680082,-2.0931258855022565,-0.8541669672581436,-0.6822013123511451,0.7009036689311712,0.7530264695479223,0.9883378824664274,0
0.5459086434339359,1.3466874409334664,0.6101869602171326,-1.0352279801878144,1.1369313509794874,-1.226465577258186,1.437833638329159,0.3205101406622575,0.7349897920073845,0.9609177634136458,-1.181245588293052,0.0370303854522986,1
0.3488353848802139,-2.7115100372085807,2.7584865955300435,2.678516914618808,1.3383587862664723,1.2732916526959668,-0.3373265036790382,-0.4690336510229618,-0.627412011974688,2.720124451592324,0.925007579975877,0.3981369656778523,0
-0.8530347699693491,2.1386510042914635,1.5747607594730564,-1.03441988925196,2.177381547113213,-0.1743314703319414,1.5610662137135374,-0.9042519531545796,-0.6895365894845142,0.9550803023482304,0.5868542965092006,1.2899592062447254,1
1.8283487337275848,0.6894752023343117,-1.0744197222887133,-0.1225723177179059,-0.4713323671293266,0.2168105454870737,1.0037496518486952,0.4470600754646023,-1.4362284978577653,1.7619891084987345,2.116329756809828,1.291687927984854,1
-2.229297695911213,-3.159599321909793,-1.1249972405825297,-0.294827719996782,1.9412687365085943,-1.2132767657679084,1.387937977193514,-0.8572884961510691,-0.1667836031800463,1.4855481960728614,-0.0818689554206683,0.9172398926535626,0
3.0480737878680517,0.235662467386246,-1.181375737828024,0.4074901549886173,-0.7796157829278175,-0.7152162608270317,-0.8731327340223899,-0.7676400398755986,-0.173966869048754,-0.627240168851627,-0.2738967337258317,0.4844096763205293,1
-2.4091080355874928,1.877691283227969,-0.3842877952529703,-0.1648342387156452,-0.1043130230774475,-0.1187871900136233,0.2983577161987584,0.6799123466589396,-0.1854578389274033,-0.459360217103436,0.0306443717543783,-0.9340933237846024,1
-2.089144378851991,1.3352348907954446,0.4434895302111056,-0.1629722295996538,-2.143260579475909,0.7513041550765667,-2.1232030742811943,1.827029465519124,0.1460486646630794,0.1094390982841023,0.6458367569360522,0.8333782370518332,1
2.465915132809916,1.1596383141346989,-0.1079818529351166,0.3389270213523475,0.503004465032598,0.2308963767645876,1.2897550872612398,-1.3261670376587404,-0.4932870973819947,0.9485962232785914,0.2800197858612612,0.6227496349161747,1
-3.3106409358912936,1.8410145834685607,-0.7507758889108783,-0.3342295750995813,-0.2517086624073293,0.1481088899214558,0.6153250675009151,0.0902268185966206,0.3057455640975339,-0.0084664892431713,-0.0645428304589549,-0.4208130059410386,1
1.654930517656856,0.8351281439006384,0.6326300043598974,-0.4050025317717415,0.6720792959735431,-2.129873075096268,-1.5285036212784875,0.2618255603415311,-0.1897233641470354,0.9021600160199686,1.2709196751273792,1.1857996866045526,1
-2.772574118158616,1.6950810625028725,0.5756357294631329,-0.1279294006903991,0.96363083389644,-1.275566719511772,1.803850427393364,0.1986443234385506,0.4549889816794755,0.9047842674409992,-0.7507311472387842,0.5576295394458284,1
-0.4687137913825343,2.0900105376385474,0.0443115457331159,-0.6099035620129302,-0.0551142160680008,0.2072780950116414,-1.5044020420174962,-0.9873413848118902,0.8597699592054114,-0.6709572805679915,0.2448444990509143,1.015723881691337,1
-4.447052010874825,2.033292103137098,-1.127164680749466,-0.5419971345949536,-0.4054279179786205,-1.0869183519333456,-0.3000958560076029,-1.0294686932620518,-0.26739561085205,0.162384916402846,1.1031567251717198,-1.1299809149759996,1
2.4046482967783733,1.1458332505135984,-1.7252780345132988,0.6580500086716825,-0.4348399452436938,-1.002869699865118,-0.9540461981343435,-1.2512121888066132,-0.7005102283100141,-0.4212898514185523,0.1729502447318627,0.5210934877612677,1
-5.80428803374382,2.235040028076991,-0.9580870508134616,0.31099530952732,-0.3633147996274133,0.3960529114068017,1.2709485831957816,0.2848036444609449,0.6000828392954852,0.9865872812540418,-0.5307775856440505,0.8084054938377977,1
-3.886651580579605,1.6039488230203944,4.358991637704019,0.2117221407971056,0.5792020904933173,0.9348024583457396,0.6531611172729782,1.9918112927789613,-1.121625742658082,0.8353206051323999,1.6272320498126993,1.1698297455099147,1
2.1197221970773525,1.1172506328495884,-1.310855230655711,-0.2062136621567003,-0.8392851756712607,-0.4333785365367539,0.8919514355222556,0.2570295110577233,-0.6921374342745831,-0.5285575276517122,-0.1808478147189922,-1.2828906604336028,1
2.665566139609009,0.055625132288971,-0.0753930548036392,3.738359874802889,0.45793241458019,0.0154929810309445,-0.3176178930715495,0.278525378121383,1.127578513865251,0.5997783433292521,-0.9393225415475596,-1.4182922534672469,1
-3.3390100378334138,-4.681400066058883,0.7478769682510514,-0.1178580355629804,1.147048550597237,-0.9615407960995546,0.8059082431809795,1.1161711381836938,-0.9746567798932276,-0.8630103542469523,-0.0048188901237244,-0.740629368439804,0
1.8586155821763863,-3.0578059247930875,-2.2476721340442483,-0.5130439215572716,1.2372575390969307,1.3935305263134163,-1.6510523886263546,0.4888267803821206,-0.4031726663886016,-1.7681696812224632,-1.3115227905941105,-0.4237174102133803,0
1.0633245968135747,1.1907775456012628,-1.0651234483608465,-1.2781151838428342,-0.8114174870383681,0.1739296291500825,-0.1844832883243602,0.4111804305162739,-1.155677564358054,-2.1776635072244463,-0.3096853601030441,0.1966381354010911,1
-0.2451491888399817,1.0076830404288883,1.4495679176837033,-1.3509683784776267,-1.258352561761458,0.8944890531837851,0.2853285788123775,-1.4377926508003769,-0.1468874561620139,0.146223040329835,0.6751073571428278,-0.610102501201507,1
3.2492663386449907,0.16898638474805,-0.5153596680211553,3.519502029706796,0.2281118482767154,0.9044051478930272,0.91830825803672,0.4401891389633389,-0.8038769201488519,0.0171853745224414,-0.3600505429110985,-0.5982333817372403,1
2.4192384663472617,1.300738967798242,-0.2397745970740727,-0.8425498813758601,-0.1242911091899784,-0.4867692058218796,-0.2172327624597909,-1.5037430060755403,0.2063960208523921,0.4467257694791919,-0.4480687233565834,1.75325357591764,1
-4.389330483166315,-2.6998232664381887,-2.6981836893002544,1.5233519620985805,0.1669340250188,0.056732099103375,-0.5005838826394737,-0.6370449332701064,-0.2083324777966993,0.2545331028422994,0.8816907993590349,-0.5335454626781561,0
-3.956849036788062,2.24167725266678,-0.3512083940896502,0.84319217713067,0.0189405176770657,0.7974024656523252,0.0025737435665189,0.1553016993170235,0.901829681711212,0.1568131724678307,-0.1919681485215596,-0.3577956027690689,1
-1.2312679891713516,1.7636374027049726,1.323844624487022,-0.9462864034051384,1.3226962372901123,-0.9538459804730864,-1.6219102181741163,1.6647615971873078,-0.4534051252503,-0.5495606568850786,1.1781932865066445,0.8436260826566557,1
-6.044546345394007,2.593124371178908,-0.4676819211851829,0.8533832294548267,-0.2755067992865115,0.4432665266451344,0.2742977475743398,0.3830214455038352,0.1056475839643847,-0.2058143605123003,0.2141572571314577,-0.3799354203097468,1
3.2554984363129518,-0.6410587563063062,-1.5086435035892602,-0.2409902956199651,-1.0052636043817025,-1.522743840107084,-1.6604156909720902,-1.0837448405431778,0.2659987605644213,-0.9371849334674393,0.4442748295400577,-0.1405652781224639,1
2.1130519540558192,1.1424435802970307,-1.5361218285747114,-0.5379499374407222,-0.9309273415044804,-0.2957177055114108,1.601472603553709,0.1284917331924797,-0.1820879706162382,0.484681993260774,-0.8230629638990474,-0.3147089919726892,1
-2.3247756479032566,2.216659403595604,1.1483304787143684,-0.2747739860539785,1.662406378174308,-0.34253960500551,0.1888875893365501,0.2426975159030762,1.18998383760006,0.177521423480527,-0.2838352355079205,-0.3217008154750067,1
-4.177439107534605,1.0730490220644842,1.5669826260708497,-0.0589793339388556,-2.192163508496978,0.5124212250232969,0.0187212543911013,-0.2391499726505015,-1.0949360409985014,-0.8981322187186934,-0.6161084243443561,1.0246131293145913,1
-1.6660327804315942,1.989514116727719,1.0123858633802754,0.1423457403175471,1.474246895746351,-1.1996749942408402,0.5717340262728244,0.1184702866158946,0.5950352456233221,0.6840465350567851,-0.3901227205928966,-0.2221445994432112,1
-2.940130295046859,2.1457737528955425,-0.3877358214040695,0.5012949894781279,-0.1833680860655934,0.0613114028549395,-0.7475329148703518,-0.8755903214114131,1.1774064073469486,0.1683735772273206,0.7588272552484089,-0.818266405532693,1
2.96001549039963,-0.7760210074309516,-2.034181299529084,0.4770448250870203,-1.39176972701209,-1.696535892499251,0.6221606078250194,0.3075891595257365,-0.7409125126032889,-0.5186637954592385,-1.358962709243433,0.7166145974837093,1
-3.926093827012253,-2.419760063142228,-0.9093171855207228,-1.005623726505582,1.736607345080693,-0.442309951587764,0.032354497499326,0.3470100464160903,1.542994221345766,0.3822945775415977,-0.5449906796882593,-0.326782399328444,0
-0.986167403057096,0.7236385823982456,1.4427264154364967,-0.7192319634387243,-1.955790380374277,0.79618926979281,0.282105495490233,-0.5469845774312971,0.3149694509409709,0.2582017921018079,-1.5176559044788929,1.7663431799404332,1
-0.000713623293681,0.4063325174876761,2.610039821465917,-0.7789502474141332,-1.8112403884953687,0.8693743336507477,0.0160612736951221,-0.2765981980176414,-0.0206001489254345,-0.455636994940733,0.3201903180410206,-1.0840935985779496,1
0.8115207375943366,1.597101516005777,-0.6396163870372025,4.1042227392725525,-0.4659421215919996,0.562205643516899,-0.3868450860916152,2.525338599950945,-0.2725511673359597,1.2087847401640197,0.5940832539672112,-0.6612489085176698,1
2.1393292327743647,0.673022366678177,2.8410475726594675,-1.206012251279818,-1.0091390978308898,2.200475836499566,-0.6862460047612092,0.89567088702943,-0.6162212891080922,0.9221267430200384,0.4186093957037036,2.6266842543299296,1
-1.299114934364728,1.0799375905372908,0.5995847804905868,0.4066866775178504,1.214101339909662,-2.362747898795549,-1.7710420222788947,-1.1446900281509542,0.6834846635725355,-0.1140524275151171,-0.1807285234784147,0.1732354339140701,1
0.4436070370070322,-4.9799956944407775,2.278175129050916,-1.06844254973259,1.9324946534601064,1.7678559654794015,-0.6664176498005946,0.4498796376065745,-0.6067685511324621,-1.092294916118517,-1.880256325948916,0.8464832452345411,0
1.386239741773456,-0.0616323800160592,1.4927890657608365,-0.1240089057684345,-1.6050746758037948,0.2185064166376413,1.546142874624277,-1.709613412939411,-0.6590522739751191,1.3551871968389086,-0.0573190063257757,0.3742306740153411,1
2.6217502509799573,-2.4864703165723854,1.5321771580913273,-0.8983534124502679,-2.294183378886698,-0.8236125905896501,0.0782191821297859,-1.3321283392839391,-0.0151944364277229,0.1981149939530703,-0.3655692613345222,1.5869434465247203,1
0.3025213276999206,-0.5922760753269442,3.5663550032484954,3.895805020962349,-0.2510932820035257,0.2614866864496739,2.65571543547644,-0.6401970601974207,4.373000141411399,-2.5665568774828484,2.2314786881036186,0.8638561157777384,1
1.811459204323265,1.1528203796732188,-0.9178938969652732,-0.6854589436376711,-1.0030611728236878,-0.2031238516771244,0.8769099927384881,0.3552239532708606,-0.5449105760389502,-0.6839065597493321,-0.0063092161179271,-1.1129463590429207,1
-0.6898266900587775,1.406306301233,-1.838498742277888,0.04822284523175,-0.6521474321659425,-0.2837192368127715,0.5135865834513866,-1.324315042418688,0.2039782151813909,1.2071595496097762,0.2734123131485554,-0.0840382115469789,1
-1.1468401896993266,-0.54232922291076,-1.2712705011992669,-0.1111910857356862,0.5391967969189779,0.1926888732501963,-0.6966525413335711,-1.260683580570766,0.6319250713401428,-0.1148616535238125,0.5930966025321444,-1.2646970497804275,0
-2.509462570981858,-0.0548645196821516,-0.3450455638908804,-1.190684832570792,1.4533864785610389,-1.2772506955695506,-1.292369430642902,-0.1735001830639255,0.4655233708624264,-1.0247295394134428,-0.8378941175112806,-0.0337546795914298,0
2.7584928588486664,1.3927257811114448,-0.971602995138819,-0.8872439458630565,-0.1303568169693598,0.9564187702574748,1.0684943819310482,-0.4558561908974521,0.2390144704020552,0.712374217952,-0.4662095655723912,0.1781130944159893,1
-1.8127006916119164,-1.646960462677954,-0.1690469228175065,0.6060672865155603,2.5402010526159384,-0.3709657170500658,0.1239327991496452,0.5309287766042027,-0.0527136003184405,-0.1092423562543821,-0.6822754519640714,-0.9361930369505828,0
1.4339953488679174,-1.7899170027247209,2.717598646508657,-1.1160422116284876,-0.9857676892191424,-1.5358496759141946,-0.7261597871415196,-1.3659459106108645,0.1278807835238769,-0.1998841470007603,-0.204669614753041,0.7264582585435732,1
-1.494059952445661,-2.621132346848276,-2.6503487161920285,0.2636015106379495,0.4474471227446911,-1.4290537468887772,1.0875601730017024,0.6608861628792648,-1.450890054870499,-0.486337430812142,-0.2590735764162559,-1.2632811473503385,0
-0.6231724335777514,1.8300564688389227,0.076790960647618,0.9158452371320298,0.2235558410524995,0.4265613670514374,0.6227212108434524,0.5406394373985068,-0.3122194161434717,-0.1924030993247655,-0.2874228421858291,-0.5179857440918517,1
2.2384177746071474,-1.2665260725480814,-1.5201856218244056,-0.4964265279239514,1.2377234924757816,2.609975289171039,0.7943495262348517,-0.6295016353280684,-0.6171766472460039,0.166696794622361,-1.146931251045374,-0.3961286833360379,0
0.561953834308822,2.053439165574512,1.7861513072914323,-1.3548922156094427,2.3121903333060096,1.011972379244046,-0.0116236038859346,0.0817283542479935,1.1082218036656732,-0.2842684962755801,-0.0230252212155242,-0.2284140947667025,1
0.0408373352599149,1.115382030942062,-1.3018761836749635,-0.0929039727933668,-0.6122027496893757,0.0608712740218197,-0.028891714535602,-0.2104083266753099,-0.7648508774349926,-0.430721071713552,-0.6881394174168132,1.351106657487671,1
3.765298584361974,1.2766320958079476,-1.0147443726736791,-1.0313312245039823,-0.8154377340527333,-0.1281449702133211,-1.2341007050480677,1.7931281237906422,0.1732316538273283,0.4572215328461784,0.3363097376611666,1.2538111273723267,1
1.434634781756897,1.6419507417529131,-0.7228522469022016,0.748865778738214,-0.2064649871507117,0.7968159450617642,1.188204581416135,0.3251213759648317,-1.1999565543006638,-0.4272351076487957,-0.1942185622728628,-0.4765215933518044,1
0.9944554138850332,0.0372224408466562,1.6453280384992242,-0.6623834742519693,-2.083627415308392,-0.2856157818115956,0.94796129908836,0.1448518742154157,-0.7673685027395849,-0.4408080429922865,-0.2580684266392055,-1.3541895644809383,1
-5.495431170067627,2.2371173915895675,0.4430623814515027,-0.2696154545691874,1.126301770278035,-1.454072604758735,-0.2943619400099496,0.4497071089965134,0.6403781641642333,-0.4572257598987457,0.2535309513284833,-1.3552216783594726,1
1.0470977872835512,-3.2067147487130647,2.111070509886557,-1.3613675672185892,0.3850334490363618,0.1517017591237844,-0.8311823742630785,-0.6624617764999103,0.6502662215131888,2.3612339975922536,0.8490168164785692,-0.2921956729423897,0
-0.1740139651894329,1.5016301768623204,0.5229298673210694,-0.6739975097216723,0.7353654965433937,-2.008694749095125,-0.2085543738621516,0.3659018716055837,0.5792208967519008,-0.0708587176513689,-1.5578404990221195,0.8486169134680183,1
-0.0235205659698708,1.9037965224516795,-0.0031803804827874,-1.4498545258961724,-0.3581948004753782,0.3483072065969934,-0.8067149814119636,2.138229160722873,0.6515216060496756,0.1090400941004197,1.451147027890992,-0.8267444431439385,1
-0.9919697305367678,-5.6741086855737,1.0770229145493833,-0.1764694050985415,-0.4093992945732701,-1.417730998146746,2.533573824216204,0.0018642265705394,5.149873777492513,-3.145427419844659,1.6826041836939534,0.136987577104698,0
0.9162343707555424,-1.1754164253981556,0.31495251703033,-0.5970518483346723,0.78455166402686,-2.253150829323424,-0.2233612348408203,1.52205499895659,-0.2944448132858818,-1.572471691372267,-0.9955230640449008,0.2667523774602419,1
1.5353320616429782,-0.0450202586957856,-0.9740957718153758,-1.501958652198556,-0.198214649611802,1.9441786892770023,0.4194372709502257,3.270322710694197,1.0330043181914548,0.7511000496319674,0.0920724370300104,0.6909783852624316,1
0.0053068320993525,1.65434674832133,1.029043170457726,-1.5388311324989652,1.2518864527500182,-1.2793229958286738,0.9269184846662708,-0.746282563510299,-0.7652568564810164,-0.6043769902590925,1.2666529609676913,-0.4668191201211043,1
-4.526226974451005,-1.060432965274212,-0.4730444240320163,-0.5801032189598633,2.218193484455952,-0.402477575034367,0.748799403980853,0.1227801923663257,0.3757925590257412,0.4116755217047565,-0.5971578474758437,-0.0838071109729581,0
3.705179599176869,-1.906531192484857,-0.0277573110529925,-0.0131425347871408,2.4425123013028527,0.3870569431858207,0.3290291379156206,0.1855576295788722,0.0129409555243404,-0.2300332615017425,-0.7834276316456502,-0.9135311201186292,0
1.3535647405950455,-3.58072903642457,-1.9356954976171885,-1.2454677807834402,2.15823354323964,2.737547851055967,-1.1854936494682446,-1.5746705346530931,0.301090246516397,-0.039387883405046,0.633664356176613,-0.6330391225975268,0
2.215199694775346,-2.7114675964618,2.692796388913884,-0.9692640522030652,-0.8475973264208575,-1.33600256372114,1.5502605323054008,0.4763478554822423,0.6353278561573138,0.5262455623452035,-1.0501010657968526,-0.2411683770626456,1
-1.1838163036352976,1.693136665480311,-1.3420170056804972,0.2463311115387463,-0.5845799558917354,0.7732161956853812,-0.0542106141838874,-0.0501877026393332,1.0444692764852153,0.0673536935026774,-0.2105999867967067,-0.7423903730298476,1
1.2274206470849536,-3.1991191542305444,2.48572473934978,-0.1449623852868011,-0.8047004109305931,-1.8532909221300304,-0.119523127859607,0.4740849032953231,-0.3412558135178175,-0.9431828332479129,-1.2350633356507668,0.3037042510962587,1
3.166572101048363,1.4923557213648415,1.340774700613597,-0.8679526750847889,1.998309930574732,-0.7784455160117824,0.8554536198641705,0.5633680849307606,-0.7254874660631196,-0.796708359657096,-0.0080040605312135,-0.954091094472488,1
-0.2246416382236755,2.0677359277307192,-1.0093215428943028,-1.0085783324655206,-1.138461533577942,0.2522028158341074,-1.496513200509913,0.3808629172819353,1.1422088637705845,-1.3465270858829597,-0.8247861436659772,-0.0432219262648206,1
1.453555207311063,-2.7230178877778863,2.742115736444163,1.268235571421724,-0.7196730757537849,-1.8011726673508968,2.5767579218013497,-0.8354575745063583,3.570727035964845,-3.939280806234638,3.314221001587344,-0.0725667180149169,1
-2.258544957192015,1.8527179234012057,0.5711405419238318,-1.6979452513178792,1.2808948365412158,-1.4739803531927855,-0.4861181096199246,0.6382427658392101,-0.3037722350970475,0.8453858233118043,2.414996878056119,-0.3801839326713346,1
0.5198147577153855,0.7201043463695618,1.2835311530594724,1.5498798556555702,-1.4450375749712765,-0.0516330965317797,-0.791842063842098,-1.511508093332547,0.4279940173312948,0.3259785128278092,0.6425385503648882,-2.065741852653167,1
2.823817072253379,1.9234344546819069,-0.8819284884331501,3.4541222678987675,0.5058770716992926,0.7796758184526307,0.286428956667564,-1.2908458806710332,-0.0280948308522521,1.4388298083429916,0.2860305603151208,0.0102173166451597,1
-6.116716077931326,1.6434486446741072,1.34636148943797,0.4863038657639749,-2.0883522699583548,0.8518632531888212,0.9010725323781748,-0.0297537379900823,-0.2837692493759092,0.3120079719529138,-0.2071945666710735,-0.1624297746322455,1
3.4560616422542547,-1.0175044691291204,1.936759400555625,-0.018173743404152,-1.313747538972147,0.6291087288975941,0.5785759012267339,0.0298739577797171,-0.0447109486031611,-0.1736924265274713,-0.6488548653624984,-1.1158362868150735,1
2.294725318047739,-0.4312745415318058,-1.3273727400626378,-0.6810206759373302,-0.5064219545474958,0.2265498978004412,-0.3751377548113129,2.0181551810720664,-0.6762041185431926,0.5061360648872312,0.3183842340207404,2.151911766671341,1
0.0817588739376235,-4.917318647739303,0.4740177208988023,-0.8034527628068187,-0.4276402743373508,1.5957893743764318,1.5615846185127358,0.0248532272692633,-0.345566332186931,0.6860821762752849,-1.277763441510432,0.4023759379799015,0
0.6026021426575286,1.6203085554555066,-1.1468935064609114,0.3892213360660336,-0.5897860014994059,0.0641122995161321,0.9722734715496744,-1.2942264697621304,-0.5148267639756019,0.8576092014491856,0.4940855658873978,0.1731951956199341,1
-0.9089932079218872,-4.519236308822575,0.4074289496387384,-0.6963030669961472,-1.0834824294327057,0.8179755272516944,-0.0794620702193253,1.2584092870421515,1.0605487980382098,-0.2629989181957112,-1.607245357992731,-1.5479659676590327,0
2.550959644404036,-1.151635687331795,-0.0108514269221328,-0.1377638161916592,0.8009505469986835,-2.129135138872867,1.606764923382719,0.585654660488201,0.5565530049982346,0.690469165588621,-1.1352583447719025,-0.2739323406132306,1
1.8219681732293251,1.6188177907398051,-0.8965146326394654,0.7563347925942134,0.3684329123502555,-0.7081280183372922,0.1540370377951596,-1.273686967090338,-0.4190447737170526,0.8117440090901237,-0.5920147267419541,2.1187793254925125,1
0.922294482373334,0.6915683381478728,0.6871778851902409,0.1799041072331106,1.276485222471215,-1.3252194274032467,0.8477541856848022,1.4928452399299077,0.3581685262239256,-0.3140235131204466,-1.4544125626356186,-1.3408383998185307,1
-1.4774318644586235,-2.8444867285931297,-1.4133006632267118,0.4710189547462002,1.244136540820355,0.4087705082921414,0.2791900541317508,0.9405241142905868,-0.7633187725909162,-0.83348669717752,0.05337984657048,-0.7731929763989882,0
-2.5571184622947944,0.1347287316037012,-1.685526899982537,0.6526143990226153,0.7282142377923818,2.2528526371810997,-0.6601532356640991,-0.4203034025026373,-0.7006622357620851,-0.739526395367379,-0.9479817559472558,1.3806196657312426,0
2.1024953484941955,0.3247050435990116,-0.8994776964853703,0.1437571413287649,-0.3144064226526946,0.7433157202617824,-0.6742236238095454,-0.9661931132195892,0.773276974965334,-0.1335224901150714,-0.1876890933082501,1.9322685166500777,1
1.8822500383152587,1.6678863160190298,-0.8019295952816877,-0.6340446361604526,-0.4784407414403839,0.8367562729284028,0.138945531769886,-0.1163690012334641,0.5414219131954617,-0.59178194448496,0.1693907634894463,-0.9736337748252174,1
0.4462615090138338,-3.6349503305463,2.502206063629439,0.6001120375849985,-0.752588855853375,-2.008661220642376,1.4543413909725451,-0.6726439128995315,-0.9014960812295216,0.3170197552572111,0.6275052114863917,-0.0500256149100681,1
-2.9237401333779904,1.7535006676322522,-0.8007315978797216,0.6781514783353028,-0.1070536107340262,-1.1126128399013937,-1.073841031160108,-1.0027239064657507,-1.4603925194362688,-0.9352598213364826,0.6715603868120522,0.4363683942828876,1
2.087686480854798,-0.238951996477855,1.676445694799238,-0.7975338613522152,-1.96610202581611,-0.3655123021198864,0.4457445357714909,-1.5436562982247075,-0.0514372629657312,0.5070567049334168,0.5027728329835319,-0.7793606148576103,1
-0.1001373057377289,1.3827095086621957,0.3628872724776908,-0.1972057164905365,0.9784003057507568,-2.1812648233619267,-0.0435036804881105,-0.1331491932999289,-0.3371850363550488,-0.1918691567661788,-1.0096510713055913,0.8910942770545642,1
0.0629854420817887,1.7328737687964384,0.7451475731465265,-0.9207819892414576,0.9199796902160888,-1.606350362469496,-0.1989817284802693,-1.034000421506183,0.2929421502756169,-0.1341968362783879,-0.2462310023074554,1.467216041212062,1
1.6722020997337854,1.2291375974092582,-1.2053262320790143,0.6914514178174053,-0.8349693206138461,-0.3017478566326102,0.5327378302956298,0.3813466262250637,0.0131019039206024,-0.1848331951907602,-0.3885710924974194,-1.1385386109091964,1
3.735851762508291,0.135074288092436,-1.6265313142178055,0.7076276663586785,-0.3117803428784448,-0.4074141069157099,2.071063264301665,0.6890685192990169,-1.1048263651086796,0.1122585390824116,-0.4494247595695796,0.0902355166890627,1
2.261625937435591,1.3808258797695157,-0.8688101700241203,-1.0162098102888737,-0.6886635222134027,-0.0546871908345905,-1.113883473214071,-1.4902484163168468,0.3013284252593799,-0.2002188048230113,0.0343964162548202,0.9418943508419664,1
3.4648131172069645,0.4046301799184937,4.139270642289683,-0.8259507054393552,1.8463428657458796,1.074980762703302,0.9120631090691834,0.789180062952356,-4.3176052177631385,-3.8628503163072176,2.011096689797991,-1.7927932553391814,1
0.0446695885901453,0.1306246585862623,-1.0014345102598607,-0.1968344997114609,0.83160386042299,1.0763249675210234,0.478651294138176,1.9736657686037868,-0.7329898500995209,1.2850025240332943,0.0812129274087088,0.140195492037605,0
-4.63068209082512,-3.967024017545484,1.977298710248276,-0.0282454748666824,0.7065372600901603,0.0325005296658864,-1.9200347048501296,0.0819573736469603,-0.2978272207342365,-1.2432350490365145,-0.4406111822240292,0.1002646776552732,0
-2.9707704449520485,1.5217344065006084,-1.274483003173517,-0.411064191428996,-0.3377821892338018,-0.8969751116466996,1.366587449086492,-1.156284667330859,-0.5803634181499611,1.2437864059618886,0.3553194886681819,0.4477402252562751,1
-1.3454095004835525,-3.71530074729224,-3.0427527497322893,0.0798619962944557,-0.0256944953159856,-0.662358959782471,-0.2348014760079186,-0.952068535283334,-1.1752509034133145,-0.2373175011089726,0.0255262890211357,1.4908119580442352,0
0.8676123443020007,1.2302842823708782,-0.9503833985836662,-0.8943388522342095,-0.7078441073181436,0.1834230916678491,0.4011327509757729,0.2608873193498929,-0.6382423986384774,-0.9597311618679536,0.1477460562676716,-1.483007025861982,1
2.9266063986749558,-0.7988809565975605,-1.262604318026349,3.023678641457206,2.004028243646202,2.661239257727265,-1.1507127711220655,-0.2824253155061704,0.2271271992545353,0.0006375651173609,-0.7382009382274678,-1.770656370682339,0
-4.799111914051144,1.8665220325865808,0.3405273581590642,-0.051382126238474,1.1907055792933232,-1.6270608487260814,0.2986600039268722,0.1198512666063747,0.58374682656545,0.7183211339611957,-0.3626191228847851,-0.5879337839817269,1
1.967397503074397,-0.0603125598980391,1.747327785406228,-0.8074339750581616,-1.8300952692861188,-0.1148776565756395,-0.1677834428903044,-0.5739515047265454,0.1099048520590123,-0.3385354453378464,0.0234327316046437,-1.9038376240843404,1
0.4807099136041798,1.4965388624980114,0.970780057460811,-0.1136687574693925,1.319504787190943,-1.2189674644114927,0.665441169714467,0.4735558595326938,0.1430891177171434,-0.0593008972019771,-0.5448489570892645,-0.9197945353989648,1
0.1225401203416185,1.2530867796324252,0.9607636076690156,3.2656626323389406,1.5482121853595685,-1.6552960056274268,-0.7790192525490586,-1.2642174173363785,-0.3211527352232766,0.5718438346520908,-0.4182892299374897,0.904814253723787,1
1.8185148455363684,-0.9777243068508789,-0.053387284256439,-0.7735475546164227,1.933792547226909,-0.7995505761631938,-0.7099254265887417,-0.1049235087294017,-0.184337867196163,-0.7841654249449654,-1.5115082328979956,0.170008067647746,0
2.1264344101089923,1.4730229584570025,-0.1139326707249026,3.9768431903331622,0.0655949721808634,0.933965629831866,-0.463501421642546,-1.1393224127793753,0.5641391118025576,0.9523563742650556,0.5566538851244169,-0.4230903781184502,1
-0.6714410050299404,0.9360407557260788,2.339809329910948,3.193123086477581,-1.085594847459193,1.904645098854982,0.3331360468712789,-0.2713604004003923,0.7259465843574594,0.9295681080604392,-0.6609249478181274,-0.224973525236869,1
-0.6582503866656445,-4.540013782071097,-0.6436706941670338,1.4211399915980671,2.8592533449337827,-0.5338066248552318,2.5778078252138976,-0.6682336330039791,3.5661561432914897,-3.3127664590117174,3.648148933887402,1.7387959159928903,0
-1.0097607138052018,1.3907246662859605,0.2498801045337474,-0.3457453839325984,1.1942800643991842,-1.979392344661164,1.3304807082521708,0.0024410443204668,0.6089773415463896,1.2928959620488103,-0.8265328113233796,0.1107741962840386,1
2.113039651424137,0.4762260233973151,2.2589902380171005,2.6027534461324136,2.888986151131526,1.0206463986987917,-0.547540253737276,-0.6204740473770298,0.6489251883067286,0.5443796004366439,0.9080820173279588,0.2061981953492923,1
1.4698657795381154,-1.531328327255248,-0.2265004359142785,0.0567480842187155,1.902384653194921,-0.9328758451986792,0.9277329711033449,0.136080324319322,-0.5499162980907467,-0.0885930582706548,-0.8726512384764893,-1.0815820894917962,0
3.1101494297367145,-0.4348520420023571,-2.018795170525548,-0.1109907109719823,-1.3003169768143088,-1.3869220242274367,0.7876151869584795,0.2183066368661899,0.4961947399858062,0.1834088703656218,-0.7848201741302143,-1.4222695874297913,1
2.721265878933296,-1.2993039236763002,-1.5617436525643051,0.5480999281890369,0.841582541635457,0.9243080572913924,-0.0595081946004629,-1.4726189923853987,-1.053913241228669,-0.2402598950020897,0.8374324927104736,-0.8930112952626666,0
3.3992626325748034,0.1881613252560145,-0.5681341716926307,3.073794776062901,-0.0900496136274992,-0.0611191625504885,-1.8216899531337272,-0.2208226752714155,-0.6569527728507156,-1.474791859865828,-0.0631711658992039,-0.7765727789367115,1
-3.670787067840908,2.54986079875251,0.9794411950830136,0.6291699099199651,1.727867852498979,-0.8806519732035151,0.6348950565823163,0.5221054582808585,-1.8996182230056944,-1.2065024991805573,-0.2436485957884979,1.7245996548421167,1
1.9664822794728611,-2.4911607519855803,-2.397206629707986,0.3344749100139104,0.450674241920072,0.2011697401822168,1.3826622473373449,-1.211501157888213,-1.138737710510106,0.7197368540528,0.3498554594284265,0.4399655948812592,0
-0.2870627996881839,0.8004241030763608,2.168871419983544,-1.2216298368598555,-2.121250497396649,0.481395394734922,-1.4251157776032677,-0.3006287649296618,0.3191066762311785,-1.5626251404446134,-0.2994202944622782,-0.1591913611450245,1
2.8721853492457856,1.5073904028567378,-0.2165741185516712,-0.5596333838731662,-0.1860231801603467,0.8407021206072767,-0.2530391197860752,-1.3100303431959812,-0.7834515366429964,-0.400783012817494,0.2599556740996551,1.8895867885509363,1
2.8546385992114627,1.163112075587024,-0.6357614434879089,-0.3084346681118948,-0.1651139608434999,0.6166201798891077,0.1245882084668264,-0.1416250996161176,-0.1021175842714931,-0.4745566270445665,0.3362102081832595,-0.9526432505965928,1
-3.3602308064706983,0.4027819629860868,-2.1613153268844987,-0.0721319084572312,-0.2398144125232891,1.4613434947896646,1.1512711698526634,-0.3186143107040058,0.5777926018512856,1.0580656757115516,-0.9239529546554408,0.6038546338995354,0
0.8045299633150313,-2.969423825746204,1.4027784757646906,0.6464450699626444,-2.333446557592385,-0.9668561077502372,-1.1493644422214335,0.5631708564220269,0.4101400259425267,-1.156214388686268,-0.9797907501699684,-0.1857846446939392,1
2.185841546784105,1.174658309680744,-1.1959153193581935,-0.7125752930874191,-0.6526127608400965,0.0812301239238533,-0.6508180314905405,-0.0022050048469877,0.2944744718655278,-0.5320305575654453,-1.282189037674604,0.5464181686849333,1
-0.4245848016493574,-2.7257210392663827,0.3945713422379941,-1.375259949534538,-0.3443998369128225,1.8933418403873603,0.4953348411037966,-1.8246751544288609,0.5797347999581436,1.1743069192087543,-0.3749713995469592,0.2006225434864877,0
1.5306759430572872,1.382760069688774,0.1406944751729234,0.0900408161061357,1.3003199534776078,-2.796395613239033,-1.2332857536578308,-1.1980312243970608,-0.2669953368326778,-0.4075818240347236,0.0211469895766604,-0.0213307163363735,1
-2.108368707939712,1.6703363244979077,-0.5776576402097922,-0.0679515261259022,0.1445055983697482,-0.0739178285587289,0.951293950858926,0.5898231244220741,-1.1453127972441814,-0.5014179032380738,0.0278963955263148,-0.7069629028358662,1
0.8513969565903564,-0.2023323911186014,1.2286330078103167,-0.741083721713021,-2.1910522627475144,-0.8770058499323242,-0.6727295773947598,-1.80782469658816,-0.474523433098116,-0.0542088346379216,-0.2740148998577772,0.4304121487832777,1
2.611015147132434,1.0377101747656434,-0.8406418124197375,0.8244236269306406,-0.1924065675927588,0.8136053474864821,1.7356763964226507,0.4182369359308833,-0.514354329768913,0.4099257120543079,-0.7147000727206848,0.4451942311638719,1
2.693215335345479,1.383397980499732,-0.9834275399795004,-0.6917173440234546,0.1230516908938965,1.0410725198487745,1.2549112190693528,-1.4528072707128976,-0.0662894260491046,1.325974388001939,0.1732910752305078,0.9596864394227594,1
1.9895561121880312,0.9014265887727771,-0.8474256142365206,0.3846983673573244,-0.1255000484841607,-0.6580711099930531,-0.2772438353285012,1.1710504963687491,0.4903081674959961,1.8547257983929697,0.7491394168980339,-0.2687428878120563,1
1.1933014576324918,1.363522111740674,-0.7311023788821239,0.6707582912704928,-0.1030195877975714,-0.6649034561390096,1.4699992921819502,0.4525494798310416,-0.2841823202651253,0.4502492379100125,-0.7607104493013501,-0.2359476010582682,1
-2.8771676666641253,1.4674196475723154,-0.6470886989493981,1.1526302737944234,-0.0316689347243234,-0.335396963593414,0.8045931312808985,0.6939714534339632,-1.0640584224082426,-0.438840288251155,-0.0609037740985249,-0.8175152815708105,1
-0.126954685513447,1.3280966116402677,0.620274111542188,-0.5287584786452318,0.9030747089897064,-1.7580665976781549,0.4595846482118539,0.3763767675531283,-0.3092346843415612,-0.22186549349905,-1.467380720278107,1.2774910576240666,1
2.319433599774411,-0.0619689218203965,-1.0080594770176678,-0.4046343473400505,-0.529374798328266,0.5527676919886905,0.1374303044158107,2.2360271137067538,0.5364918962741059,1.3575378518776289,0.905852711780141,0.6028055038824239,1
0.3911623170543449,1.5544741549739556,-1.220629336871032,-0.4317658155488614,-1.0147021978583315,0.0085217933586731,0.8464033197425535,0.1797830815593007,-0.7637028202364218,-0.147044160208789,-1.362817471598336,1.802503476063848,1
-4.303075796552533,2.049031846078952,0.1884488909514022,0.0892921257320363,1.0338244889106325,-2.408792405656364,0.0969274418456832,-0.9143670150629376,-0.8038033279032675,0.4825971650651135,-0.2152567226481228,1.7609946604595637,1
-3.798159098895108,-0.127758006985671,0.0212937147107347,-0.5544118520482411,2.5809155310002585,0.5209556599745924,0.0858133997454549,0.3085009766151312,1.0189651931411512,0.2447402255317482,-1.120102402988944,-0.5810681631955276,0
1.4591180604853629,-0.8360168943351768,-0.2906446309999423,2.424206743150693,2.867563139968039,3.603896636247359,0.4212384966359424,0.2717527876503356,-0.8787090525112115,-0.4953507286311364,-1.1729387742504576,-0.8038111501602611,0
-1.277996515785648,2.093405645380878,0.1860809302799353,2.135804900891541,0.2360056066683152,2.367146544066072,-0.6488620550455966,2.319180478911627,-1.3694213058537046,-0.3914672034024168,2.1551150119517226,-0.5545388395347398,1
-0.1259903029923974,-4.594787555839844,-1.014429338003957,-1.3877222367875697,-1.3609547694123074,0.6424640938681235,-0.6416033378192421,-0.0363792432226096,-0.4962531487265546,1.7027234837344454,1.751423174658385,-0.2207619969518458,0
-5.235213550661858,2.190015692838444,-0.5498598575367064,0.9629197593117488,-0.2739078844131914,0.4151295871846275,-0.3560774942548181,1.9904338145046756,-0.0723084704111445,0.9552755314543102,1.5808514276065606,0.2731753223733298,1
1.0053313757425772,1.7024672484288834,-1.1692720402018555,-0.1685829705956775,-0.4754446479607944,-0.0945094645804206,1.390286324159126,1.059847444472863,-3.182025182599072,-1.8375291608127275,-0.5995699412658696,1.1745955280430498,1
1.5646716410370027,-0.624390745552775,-1.6573195633517277,-1.7408236517048898,1.1918631305621834,2.7336095189310234,-0.4430272704613934,-1.1323209999738717,0.1768382691304096,-0.5849242984354703,-0.3814319092243848,-1.442678907908209,0
0.2557450903392086,-0.6714876909662453,-1.3269058676954495,1.225581372028972,-0.9179249844527044,0.3121849575164959,1.9420900184839651,1.8551699013289007,4.842263839177786,-5.038068700955575,1.3011505674170356,2.406986158048781,1
-1.0342213422203332,-0.6389391658915381,0.0689906224071513,-0.4737485841264923,2.7044542603152872,0.0828858482110817,0.1059200369108369,-0.5359758220400608,-0.2716206439010319,0.1295955597805526,-0.4746668321909633,-0.9347607759070042,0
2.289020925724422,0.6350558263769586,-1.4441516419563796,-1.2298624954255872,-0.964501491132394,-0.3994940274233589,-0.5652546347929968,-1.2653215386738896,0.3369510882181846,-0.4841399097930006,-0.0223548256015373,1.0310416234660364,1
-2.2160166187864947,-1.361815228100065,-2.467066205395981,-0.2171078027938843,0.6067738607478943,1.592091313433086,0.5031225582683403,-1.0963933886141033,0.5598515626848639,1.0265420913086802,0.0756713053187422,0.757071339306005,0
5.226528512821796,-0.3058044119946189,-0.2576374481122524,0.0448136090297129,0.3504776043006588,1.2300337667549992,1.3586888393764165,0.7072536148754771,-0.8724947522891452,-0.6877978686421997,0.0350887216797097,0.0694271561032353,1
1.1177981329658928,0.8243601669748462,-0.840147260668943,3.894419671955562,-0.6308261780407195,0.2216223303909061,0.7934713357741423,0.2661827241462856,0.0600427338803005,0.7747562665248138,-0.8778027384070209,-0.7048321957188598,1
3.432134513807736,-0.6656618702250665,-1.266117813147209,0.3466197928787997,-0.3384998051147378,-0.4960606654058263,-0.475135126821596,-0.9847874117470196,0.3305041572240452,-0.1853745802044544,1.012222344451376,-1.193089986320889,1
1.7446893983651293,1.6322368941914185,0.5405701574127544,-0.1437143331314169,1.3914350994418938,-2.4264846709650905,-1.0774223594550425,-1.0526109181844825,-0.3295865692421022,-0.4940811976892179,0.1874837386959565,0.3551803657371656,1
2.847789033891072,-2.190248867654674,1.349814674444607,0.4033818954082182,-2.2321100425294715,-0.8525377347663403,-0.2671301908526809,-1.5884244165578707,0.5998252306488293,0.7998008534008952,-0.9394415458608518,1.395506927586874,1
-4.095640834553177,0.6718654723591985,1.8265640343692964,1.0034490918898775,-2.0196263628355213,0.3023332976425923,0.9338775770076512,-1.2470578529404464,-1.383679742873534,0.4888913692601732,0.7441333004529321,-0.0480088840752747,1
-1.988949256058724,1.6547395794101396,0.7168110709044905,-0.1569436520306771,0.9262573412227948,-1.839794968400193,-0.7247489469534184,1.562191358271271,0.7962708915883083,1.597671843804151,1.0612273347653731,-0.5082805894843452,1
2.410245156486841,0.8268789354032478,-1.4905100603818793,0.1521959256519138,-0.9659598560828948,-0.4935847614336239,-0.4189134530606683,1.7733272299686984,-0.7226808780172891,0.7123011069170899,0.0860687916209143,1.6367839017393024,1
1.917114938265591,0.2743683921374798,1.933848478365768,-1.3518141205842558,-1.8956311681139464,0.5210747261604808,0.2848886436983296,-1.609292235901643,0.5369253597671584,0.2052320623404525,0.4285767940203354,-0.8049242970018448,1
-4.006625170316883,2.1369601452759728,-0.4188320971108664,0.4319827659041023,-0.4159011456610109,0.4419116369134379,-1.2343380253427143,2.245806330241653,1.082577838112397,0.7214205471376665,1.07464513232455,-0.6958741934612079,1
3.442452190210357,1.2866157712647135,-3.127790709552282,4.735110546346597,2.034652444812994,-2.024636471411217,1.7031460139817591,1.106612687621377,-2.3568692689308124,0.7309979831671064,-0.4296685511989238,-0.793054673904011,1
-1.8226355702346515,-2.001619458145349,-1.7106849703294735,0.4008971339366009,-0.6560579743449854,-0.517373658612704,-1.7073478637034016,1.1197533514338835,0.1948473927444413,-1.7260707972067773,-0.2518925949628108,-0.0441038797985786,1
-0.7622871250273922,1.2406462328510632,-0.9079068668889914,-0.3280710805924125,-0.4740320035935579,-1.1089364515130056,-1.2292814760480553,-0.3416878442429444,0.4860400679207602,-0.4241467571055372,-0.8509946834010605,0.1294402928832774,1
-6.055272761796342,2.858035755275893,-0.7931392325538682,0.4172879422909507,-0.1970222779716376,0.0391273986747296,0.448439813888884,0.4274841758081011,-0.7548256656763837,-0.6580950462624421,0.5833213177448914,-0.7268357600630876,1
0.857356089957399,0.6223243696718945,2.0658422578127262,-1.114050629609117,-0.3095613059363717,-1.199897762530238,-1.6296421842668394,1.0422650188869265,0.5705379466192958,0.7943677087171215,0.2991364875245569,0.954642226072192,1
-2.0255553016275107,2.029249337263874,-1.2437758728599864,0.130975767845759,-0.8833798474707428,0.8558158206920501,0.417692944635831,0.491714688072239,1.041193634108913,0.1029564862701635,-0.6624813685623568,-0.4950337618780859,1
-3.670642406383613,-4.706595141335932,-3.0032188131035875,1.6784093102006004,-0.3464491229623332,-0.7850152813411564,-1.32200708013394,1.3176617180307684,0.1316777754100643,-1.1183852566499644,-0.7409380553116642,0.513385703833789,0
2.349159723078117,2.174067907873746,0.1946446681044935,-0.580714949508497,0.3192412717907436,2.566877089782156,0.1793558987237734,-0.1875764526545366,-0.5208309415705956,-0.9479193214476728,-0.5750883452177782,2.301123577637512,1
0.7604741505172998,1.326860727495555,-1.1920671634632003,-0.229747927082813,-0.6884269978895377,0.517250717152049,1.168229280295712,-1.1469480318370786,0.2162784581611664,0.7141662455382631,0.3519422392446675,0.5029950131089267,1
0.8290540891841394,0.7655151281476732,-1.0924641983419014,-0.3791765439462656,0.0976189934047157,0.4572836429055817,1.3602178790281392,-0.9287136917766712,-2.1197197294412726,-0.2820916197655128,1.3965331865196904,0.2564022587674411,1
-0.0717734937180203,1.717073232301533,1.0506761955510882,-1.870054465046888,1.6925981777373806,-0.4774553462177952,0.222254498427415,0.0901610119216801,-0.0394554727856991,-1.0026999998584911,0.4538185763115429,-1.2295317219758657,1
-5.910985874444283,-0.4663387318108362,-2.2040152867238323,0.3601396157336059,-0.2315185509703816,1.3789701435839044,-0.0634687516832206,0.7986353956702472,0.953068025600761,-0.0216915093922716,-0.5277817588026531,-0.3857412360548954,0
-1.2692197837085686,-3.19358758434818,-3.2050117320741114,-0.3325070924763424,-0.02668073460919,-0.4686757885640294,-0.8466602015493327,-0.5644175396494845,0.2788708455166475,0.1701460712432362,-0.7455755588396168,1.232668884658971,0
1.3638267475197177,-3.565144179882913,-0.0577002354405976,-0.773309301780383,1.4166598640366717,-1.201730927256394,-2.100755400863467,0.0855106234690147,0.6156759979761111,1.3005060164687334,0.6936046698702452,1.2826752218059263,0
2.695141572847752,1.0646327968630087,-0.4267458637626249,3.1826229590514354,-0.4826139687596464,0.0321783385974356,-1.825525099058033,-1.5151686528604518,0.6163166550679959,0.1842432111888413,-0.1819373206267003,0.3296074522696139,1
-0.1357436738103445,0.5033054093803657,2.071582708988496,-0.4040440400249606,-1.2092325872470873,1.40625596493844,1.104916162401007,-1.5870520102383283,-0.174639482123125,1.3843335815627986,0.0656491088714098,0.8355786110783355,1
1.0403370881928178,1.2636963192996085,-1.4003230964866205,-0.6121652686440475,-0.9550024097326868,-0.0749273979841148,-0.1513079178769121,-1.391329887238258,0.0193048181623965,-0.1092993335361304,-0.2780365350987344,1.4860517450858852,1
-2.5351216262352048,-3.288333901425996,2.5181572575748614,-1.6418568517031908,1.1034998545558552,1.2815254962338714,-1.4510803128800092,0.1640886189247947,0.3069007742339555,1.5344331962490756,1.8640207056151883,0.1396485153117421,0
3.225997718704184,0.5889390929012303,-3.651880820009042,-0.0313695976377077,0.5694196936059831,-1.3437658599194586,1.2107051856324285,0.6566349865572632,-1.083409339190363,0.2131352030584195,-0.4215197059313943,-0.9888845720086198,1
1.6312476689744453,-1.405481641314675,-1.7033356883136894,-0.282262666121565,-0.5090269236930206,-0.7554967936456881,-0.3213996565798328,-0.7832479494436163,0.3840921216937963,-0.0580163357375117,1.0764871320241305,-0.966176026565162,1
1.887801646624174,1.651241038937834,1.3610357654568537,-1.855629282906339,2.26202175940866,-0.0860053382685641,-0.717610811924467,-0.9753935119292786,0.6477896069566917,-0.7477686363096444,1.1877333169146564,-1.1546983507597557,1
3.0536503888941104,-0.0005768892840071,-0.7860364506440306,1.6550105299329805,-0.2507708114000334,0.6169422094762657,4.153344055260769,0.2564315739730197,2.5921426082486074,-3.928034598147002,2.6663661245017503,1.5866704240977008,1
-3.109264535371806,-2.5438269180897235,-2.540434318994716,1.5787972277852464,-0.1248934582151918,0.451173604264142,0.6176215780857071,0.7733200744855305,0.554043518345891,0.7333757445361699,-0.9605482455897534,0.0833946628982187,0
-0.8569364886711749,-1.2306229170348808,-2.5510966020010475,-0.8945970137776507,-0.105740122750136,0.1731378541867796,-0.9085099764222948,0.1434437643659286,0.2800626065755238,1.968601838543591,1.7488421604250337,0.0041138005383858,0
0.274545314760064,1.238732052711624,0.998918266778639,-0.3389067970201558,1.286286140639053,-0.8201924318266804,1.2327627314345146,0.4340612711407198,0.7458529099297246,0.8288406861684899,-1.0869286176736863,0.1024009663353474,1
-0.6590812575149042,-0.2264819075576422,3.242608962314174,-0.8705519278237249,-0.9685850281032556,-1.1076025396202696,-0.3798843129259282,-0.2664192172087612,-0.1219758083029419,-0.5122129136103859,-0.8335672327717734,0.7364424069092009,1
1.5880564449597825,1.298533103228397,-0.5811220114827655,-0.3903419921352013,-0.2246729759891312,-0.7245305146150022,-0.0045853758120656,0.3437372909039155,0.9464794105934798,-0.0308108790209929,-0.5186740653854045,-1.418634598210997,1
1.1092780963481252,-0.9254306877958556,3.894810115380922,3.3866885177581234,0.2684594568176601,0.2664967865006326,0.1244397733526182,-0.2713623300608102,0.1968443554696704,0.58526485704856,-0.4821352953737202,-0.90219072594032,1
0.8928384175001065,-0.90597453544819,-1.6663176964396464,0.5445163600625852,1.026841910762474,2.3204565503596,0.8364884616221588,-0.2661772725068627,-0.058038165446813,0.7711475292981894,-1.340972116109118,0.1165103322903257,0
-1.6824931762221462,-2.173141506598641,-2.49659524211046,-0.7749079158204152,-0.3762485813927105,-0.1353992470664657,-2.458791641511049,0.1885756817043522,0.288837268777266,0.9655837439151836,1.2830911511044505,1.166437922097361,0
-1.3559883571630262,0.2728326660341452,1.6337841841751133,-1.1424667920424398,-2.196240520583268,0.3444617005361818,0.5588259293516834,-0.2865608174077136,-0.1721739882132336,-0.5752385087110273,0.1239624996109753,-1.238761251678478,1
-0.3635735955850114,-0.1755188099160504,-1.7277041231946295,0.1718782391308804,0.3823626717013054,0.8904372046840527,-1.7170393224066478,-0.2227399156391941,-1.9143094893311248,0.3573701745435381,1.567075485238978,1.2090079332091783,0
-1.9760919991806785,-2.5601564249142226,0.170101047710985,-0.8349454419893945,1.4014125481342057,-0.1651813522592924,0.3552090596913717,0.8655082513319552,0.9903294783531108,0.2677171228111767,-1.4373489871185765,-0.7507251792982907,0
1.0734547774061685,-0.0381781080330268,1.4868528956403697,-0.6268444489813328,-2.4016944124100137,-0.7366500128777979,0.7226574006717844,-0.5503130120944766,-1.289150565366353,-0.3407659638574122,-0.9298481541206184,1.0840724691969803,1
-2.8516464546378235,2.052548810078801,-0.1461899047148426,-0.0753429346528601,1.4474670159482823,-2.0411856159452806,1.9777957094210536,0.2019802365875935,-0.6889372565014481,1.1761830783932763,-0.542067111692849,0.4671677921125621,1
3.6488943950894654,1.6868388458809964,1.838395838186657,-0.0587904376625793,2.385862676962805,-0.0324439800071715,0.3586811745776106,0.5949462871735772,-0.0979566652635782,-0.6155860373812129,-0.1514247238244601,-0.7983653736669728,1
3.330020896144626,1.5447194778416942,2.6052688847269625,-0.1295481745440329,1.3069318112910369,-0.2049858613631491,-1.1506484581475895,-1.1144280269173847,0.3166620824456807,-0.4195866195388383,0.1067834600528465,1.3647166587683213,1
-2.7284490158745838,1.618667857369569,-1.3666173553795744,-0.5449685684961273,-0.8993500245700972,0.0748706997371259,1.273805905055439,0.0225923683389879,-1.1718396235504294,-0.0839636713625158,0.351776755611044,-0.1733989087686228,1
-0.3718100091787962,-0.0729981105319126,3.759789207224509,0.2388130410758178,0.018591507567673,0.1703101618016285,0.1500052946165027,-1.3458116895309091,-0.171252829234493,0.4185522716364199,0.520028564166085,-0.3965858601336266,1
1.0783359532635282,-1.1974739128762295,1.1088890565283016,-0.5631538730513443,2.356817293250995,0.9602749294728198,-0.8900862202813867,-0.3921323067583586,-0.5011216797118165,1.5122084437042944,1.5347866259258485,-0.1062081623306366,0
-1.868224786930289,1.745372123795058,1.0104722585168229,0.1122528695888967,1.2939733834037186,-1.7356220125529114,0.7410275092279293,0.2303065664950834,-0.6743330275220446,-0.2344726000774875,0.2379380741540275,-0.8424435027950714,1
0.8827908739432102,-2.981667380178175,2.0653246626928103,-1.063485269502181,-1.1337446985650632,-2.269961827704848,0.3325353666424457,-1.177928265277664,1.51850442461333,1.286575530974462,-0.1181282664755799,-0.637017062402569,1
-3.051034797440316,-2.785066269347534,0.1483127178750438,0.1327576021008133,2.038810413627098,0.0750279201994311,0.9328220425584536,0.0513507949640183,-1.0148974384267035,0.0754454138420786,-0.2359634388429418,-0.0501578450195789,0
3.138307042842005,-0.9643057644026894,0.0390679215988284,-0.7677561869917876,0.940152813635734,-2.788362955345563,-1.481735610328663,-0.9142965454805436,1.133718051486439,-0.2139156456678055,-0.1052925436757546,0.3165827758272287,1
3.484658555175948,-0.7695628648549334,-1.3738364637074905,0.5162194699335475,-0.6980941158221765,-1.164042052597951,-0.8744539708397894,-1.0599744951834922,-0.7487700227111425,-0.957412511304902,0.4363418206218284,0.44322700203889,1
2.215707901543962,1.3166924601331198,-0.8853795254979901,0.3039267419063101,-0.5667737842819075,-0.4308523247967637,-1.6675889755792883,-1.3164819569659176,-0.337183379403343,-0.9844130478401528,0.4942335275764436,0.0630988559441878,1
2.29379465458324,0.5435959710032978,-0.370564151343275,-0.1628022820032865,0.998413942147474,-2.911642808062453,0.5875412857962726,1.4569847194050431,-1.463164404843336,1.298525409316415,0.1433300826648966,2.0730221532800392,1
0.0681375747332994,0.1681590078723265,2.099043754030216,3.748439246595756,-1.3104769610662508,1.108460354150569,0.5824390139762464,-0.0260870731317339,0.3430188323847942,1.214613476581794,-1.2675040765257313,-0.5686041542488279,1
-3.5045315917963142,-4.8241425875545785,0.6133190795810892,-0.421271361089508,1.310944816385586,-0.1662466582611591,0.4796824408541994,0.9040362886083612,-0.3893347057511251,-0.5392386871928785,-0.28319872119612,-0.5959140172244856,0
-5.73698805493687,0.7783968334618521,1.3106092528878035,-0.3697319669244758,-2.713496124021652,-0.3512614660111447,-1.3137396727551414,-0.080896226301845,-0.5190746737647652,-1.6574337340988443,-0.0971690342638054,-0.4265990595548238,0
4.077952033772241,0.8436629810047037,-0.5762330832403522,-1.38660995640299,0.2452815989255561,0.8093645042442936,-0.3850613866885977,-1.3589219368231085,-0.1095872010177768,-0.404562773020745,1.2179815127915314,-0.9858541966553808,1
-5.363085316959922,2.228123616443537,-1.072693172259579,0.2827760513091957,-0.4591796946966782,-0.4724910472214892,-0.8780410800494097,0.2119780783635741,-0.1533602661358385,-0.9285171115543398,-0.4419132906812236,0.6531006632406218,1
2.871434851324391,2.2064054754982187,2.4806550801571565,-0.3312333635397668,0.7968556995294594,4.011072843311577,-0.8033211197891515,-0.9924949970361472,-0.3633725602582578,-0.7657980090289579,1.7385005391468142,0.2683635882597761,1
-3.0739720953221954,2.0263172815906136,-1.2325998919074457,-0.1692046003953897,-0.8133729972285637,1.1177319051181909,1.5298307810898086,0.6504234982265436,-0.0111394335581361,0.1696105938132129,-0.5390035971760053,0.4572135424141385,1
-0.1591083330525919,1.9702026947293951,-0.6247799999044246,0.0849475967837775,-0.0498550341329515,1.6435378254710624,-0.1146858827196133,-1.098088349966985,0.7843505409643884,0.2885470935679734,0.6480670210328187,0.0630560643692512,1
-1.6631924918155143,0.182509571414427,-1.6307898569321588,-0.928047406563864,0.6513158707369896,2.286987930089329,-0.55729752650757,-0.3478540807324091,0.7907212951093406,-0.2783606224209409,-0.1251885869903268,-0.8163007066147739,0
2.399362960216773,-1.7439160097451554,1.188769073311043,0.3793796812703077,-2.541584828485926,-0.8433604761668001,0.9230441050427904,-0.1880755976938468,-0.2110838720674813,0.3644359859258013,-2.149645470490203,1.2432536892184614,1
3.287851162935301,-0.0738848747800245,5.034609886401154,-0.5815077162602733,1.2441579421041675,2.6121323737671003,0.3280077925018075,0.827492776048001,0.4360051861828344,-0.5888676100981645,-0.7778548990228008,-0.1013232908250618,1
-0.1706996452803116,0.7874924603545328,1.2549803601489065,0.0485683830506048,0.3814347695676032,-2.0472231516469472,-1.0592612155301964,-1.365667103047063,0.6596241495765615,0.2892848947476493,-0.5035185249312971,0.7366295186969565,1
-2.6586410842307773,-1.2699956907505572,1.254367595068645,-0.0246249926268436,-0.9759720588583785,1.48154426976222,-2.5157282856141268,0.7203728663338178,-0.3068429002822477,0.5016435624860988,0.4285667835684449,0.6627286648039875,0
2.1889293585837195,1.1135518374167384,0.7382392833719353,0.0550526974339361,1.6541626921121209,-0.8166829150007119,0.8334536453766637,-1.304110619100744,0.46028856579591,1.3539935104314054,-0.0741230312075784,0.3345583685291331,1
-4.752700092062457,1.126923278088801,1.3689926249928823,0.3921571421001627,-2.064265020215122,0.6752742637331516,0.4978600642339919,-0.1071437895091273,-0.0044936346481103,0.0824070382658757,-0.1700787793673996,-0.6778009611721268,1
-3.5165572500158366,-6.714761047176796,-0.1196418688105298,1.807695759988012,-1.8236186205382128,-0.8116207168524321,1.3597419020848365,0.695428926965499,3.897412632059556,-4.610045556190337,1.912713154094943,1.8881003425815024,0
-0.2253013135883562,-1.2698087311211526,-2.3084065509911404,-0.1310157505731313,0.0770412625938127,0.3677518148581039,-0.744850606505824,-1.767334932120368,0.6537717328985413,0.6968028492144583,0.1613574045909392,-1.220537153384048,0
1.172955494660489,2.342764021691625,-0.4591885275656682,-0.0783901924436505,-0.3903728436597846,0.9775175643616398,-1.2214923510704156,0.5932667823715568,0.1438109347952918,0.5489012419406764,2.6628305584642504,-0.3024707201054396,1
-5.171937096434032,2.8967846182260626,-0.0804882862077894,0.2310022975272943,0.3527194359074612,1.418444129268433,0.8706805009087417,0.4143321268567886,-0.3267992209079465,-0.0834331040918494,0.2558344464823835,0.5140805946255247,1
-3.0401839017027634,-2.971772534851778,-3.045300678985537,-0.0795123928155299,-0.1683353367785002,0.1635671204281356,0.899641499820733,0.7327743819699942,0.5784684709235935,0.8161824150206314,-0.936152697507556,0.1769057192422167,0
-4.689628628153598,-3.6151481530928575,2.1729668005206566,0.8335335815858489,0.215424370203589,-0.6181693816428718,0.9321785339975928,0.7111072464274617,-4.190091056118866,-2.27288068405917,-0.1863514054003326,0.7521786061451394,0
-1.4242402133722498,-1.903548914124075,-2.471834325348641,0.9287109590025372,-0.0613761172417801,-0.995027083931651,3.4011927239879287,-0.2674425367913246,1.7467667904055657,-4.251969909581204,4.865323400067346,1.486994204936649,1
1.175207136558266,-1.6175563899709773,-1.4833105161555222,0.6442599958897042,-0.3866594064999104,-0.1829407375455289,-1.0262094268778166,1.6582385207610328,0.7054511111720624,-1.1995582172973795,-1.0767524025028032,0.7057999980354906,1
-0.8092260989771375,1.7757880756070612,-0.3204274279219664,-0.3960703211102785,0.3623927958393724,1.3877437719633612,1.5760797345160131,1.0715684122100373,0.7254126795152545,0.3934480649315809,-1.3294528799485537,0.6466363353102524,1
-1.9264475151070035,2.037428789605536,-1.0635887998179576,-0.3184622275752858,-0.6939328670510405,0.7705631581719133,0.4424657691465203,-1.0160777827631673,0.1436353238216714,0.2273816839362045,0.8029935513277816,0.0220104268977551,1
0.0546111855795554,1.3456746489830138,0.6566436643271025,-0.0680701127817642,0.7708585724971145,-1.440436914464678,0.3986340844859804,2.510686819708209,0.7463959345812051,1.7453610685721237,-0.0740190553594963,0.0427604177485676,1
3.2060739454796914,0.7527427726502852,1.125531436807767,-1.2975291860675515,1.4838611541179445,0.3845271508580781,0.6168607677854597,3.2271047011340026,1.2896817960879623,1.0042538170764044,-0.2819360312989553,0.5328234488553516,1
2.17245666479035,2.203537723293629,0.2027357523672728,0.7399250195244883,-0.1141432999816957,0.9193224737106378,-0.2070021146654471,-1.0184290109940888,-1.680889260735323,-0.9505544842429484,0.7231917034440222,1.8395124284814737,1
-5.395673599461772,2.3267570309932326,0.4498276174014209,-0.6337842260855533,1.1623804648405764,-0.9431536394021642,0.6820590229368568,0.3504305521905632,1.0459269347435178,0.6387124659033567,-0.4106585980241767,0.0363348662288503,1
1.7980294310681986,0.0896374124821285,2.4367732843894583,0.2050157469770718,-1.8855220431256328,0.3690389551748899,-1.0793635467474996,-0.0341261753771396,-0.2322806447058141,-1.309969384770623,-0.9488851850470764,-0.146451919661701,1
0.3934175177120675,-1.855588584944396,2.3142835427686013,-1.3131552377678202,-0.3275470354490253,-0.7055666107921382,-1.2402316735569534,-0.0568344254020584,0.1421077175302421,-1.1287335981538325,-1.95655253560322,-1.0281925614611678,0
1.8036118849239584,1.1778839863814776,1.074832361913957,-0.5724295175151028,1.3880920240120591,-1.140745377951993,0.0130613545987231,-0.1813364387305202,0.3719086600651389,0.1465973030959915,-1.253048627516984,1.6208414380154672,1
-2.6400528223261466,0.4635768282356812,1.927368800898791,-0.389579817703033,-1.9409032835112048,1.076800221208261,1.0232111263776007,0.1662640857664263,0.2541554849950465,0.6587015598797749,-0.8557157703309569,0.0192917519034208,1
0.2504601880337572,-4.616134382447048,0.1293955489518767,-0.7495499609141266,-1.1420512957225644,0.3498483638743672,-0.8553558865240232,1.6659817357155555,0.7822485003931631,1.3834162340081,0.3833888028016227,-0.7804768279438761,0
-3.3103173446218497,2.2203494944212805,-0.527971266990192,-0.1618723634106481,0.1037209061610842,-0.3086276924696106,-0.6846021939931767,-1.0561192796316172,-0.3409009359158284,-0.198878897034486,1.2794941849981598,-1.2426746640956174,1
-3.2683130822809168,2.636596423312554,-1.0257121282068913,0.4495377959972513,-0.6420574493389252,0.927559354776754,0.0789894006053307,0.2413639114195896,0.0972070843348886,-0.5134600231391948,0.3883982036033885,-0.6748412458549776,1
-0.5208379487165543,-1.133641916091234,-1.3161493645684332,-0.3960468859598845,1.119624031609438,2.4162920065272453,-1.4974419881321386,1.0892526933248106,-0.6191590393792581,0.3528791758445523,1.691912728970832,-0.647262545601666,0
2.6526546777075346,0.5123702959511646,-1.4280374292977458,-0.1317891390963976,-1.126088193186561,-1.022580552461766,-1.0826005816982056,-1.5271049630214777,0.6086958350686861,0.1014379733759767,-0.3194967818215884,0.6233337274232686,1
1.8420102606095512,-0.1056571564347123,-1.0293416175169203,0.4027990248396476,-0.1737396178820638,0.6037452517146721,0.0738708120703273,0.6797741083154153,0.7699426742588638,-0.1719855737274129,-0.3308454078091108,-0.6650860620635989,1
2.27737740570145,3.49137524494586,-0.5335165670885308,0.3664253197715381,0.5195212788911487,1.6973373620265233,-1.2316513234450872,1.812763022935201,0.1342629645045425,-2.081954102626286,-1.1143120101195512,0.2469743990281364,1
-6.362392409973275,2.51010607191895,-0.9119894510103086,-0.363269685457899,-0.4422268939054108,-0.0890979302419023,0.2780533855196639,-0.8031453065070697,0.064784689234326,0.3231687718534042,0.8831806282322829,-0.1434189097539544,1
-5.016892974884871,-3.1578627980540084,1.8275545155241533,-0.4228110052698575,0.021914258264244,-0.6473310602235904,-0.8625441022607545,-1.195299515045722,0.1970560454403837,0.1773890781935166,0.6281292717033539,-1.3818486722971222,0
2.4144305522669454,1.1575712232376651,-0.8353885055644281,-0.1525632815707487,-0.594139606471257,0.1063571062404352,-1.019288555103085,-1.6015584902109117,0.2549701232773925,0.0063703208679809,-0.2239910507310207,1.0486145641262654,1
-0.345072707149141,-2.5109146697006994,0.7496665418475902,-1.0712534095901831,-0.8563488533329596,1.3991633301093027,0.5838061901384363,-2.31828319974188,0.2133752072582681,1.5888139026566206,-0.601535127252441,-0.022231510185675,0
-3.287203352995432,-1.4579782498992335,-0.7261385364458394,-1.3923375508209377,1.8506677385604045,-1.1865038315581034,-2.1968200063549808,-1.117816421561542,1.253549250789598,-0.4982839629814976,-0.2104721524997736,0.1283529007838269,0
0.1561621948824969,1.49683979904261,-1.068171992781232,0.8008659826283422,-0.8590930461017383,-0.2931510683051254,1.1860849281487664,-1.135965860307119,-1.103295896457419,0.4706474508558042,0.7745974002329755,0.0600329960910533,1
-3.4393405344018597,-2.478184219555913,-2.9230256323158565,0.8668654721898905,0.4580028371103748,0.5528878340750962,0.808717399234771,0.2661682948821465,-0.6054752508582895,0.4837068951137923,-0.2148977602651566,0.1894963425503103,0
3.2566556159215447,-0.1458452364692682,0.1103801144760847,-1.1197647473034265,1.2024966106479809,-1.628142706978157,1.0922302695623525,0.4425415238795628,1.0407374130758813,0.7036802403744509,-1.0880955602846276,-0.4497734827527386,1
0.9778999292260052,1.9704875553012973,-0.5553766848759326,-0.0836870421933321,-0.618089920581554,1.020577094229707,-1.0241117906291,-0.1905760400230617,0.8106526057349979,-0.8293902748229047,-0.7439755945557323,0.9468603050935276,1
2.286565664366768,0.9645235789791142,-1.5732736327155388,-1.2026523298244882,-0.5957727493638971,0.0943266661070416,0.5275244406829463,-0.0997823671483958,0.5562154137694267,-0.2492522350236219,-0.0236646694141174,-0.9085206549833296,1
-5.3067601628068966,2.1804940070277183,0.6811827915020399,-0.5009677023861583,1.1726133632159077,-1.1464489250777508,0.8393284097803897,0.5058370275992271,-0.2931675470788803,-0.3806612877666856,0.2849420075469965,-0.4395849022338336,1
2.1742675594720677,-1.281991312453289,1.615590655335801,-1.338164815933452,-1.8482450389614389,0.2507975230847789,0.3798347533388126,-0.64796876569057,0.9164763663770794,0.5449881529069935,-0.6074417922338711,-0.8944282394825437,1
2.5278932345060263,-0.1255103101852716,-1.5454142139276947,-0.3484296683511724,-1.1099295729260192,-0.5273504257877625,-0.0419689675685741,1.3173044555970757,1.402944790359664,-0.4869784876506806,-1.321867835523652,-2.034846159635079,1
4.12616561827509,1.868815021935443,0.5148665449973895,-0.5342949221759776,0.9409198281724296,2.8431296283306624,-0.4195960329125354,0.2709550718148145,-0.3984476962331185,-1.0723905866778496,-0.7780058614812222,1.9405130417475844,1
-3.4736664579406424,-4.085692369334441,2.386085448092319,-0.6349496914839835,0.7682312223883552,0.5369223913951957,0.7260699906756459,0.7297738738654025,-1.4590315146215638,-0.9973827093186404,0.0639282815681187,-0.6814027845540299,0
-1.2981815878388336,-0.3610344060094991,-0.4763282171460761,-1.0370236087619464,2.283400028799448,-1.4232463243574165,0.2788457618552291,-1.5311351589863549,-0.2270200371768025,0.831644985448173,0.1340453842001689,-0.7509289894336498,0
2.9570163606301723,1.479936502154128,-1.327229300638972,-0.8411015944658699,-0.5534905174380249,0.3230351425632516,-0.2608658603050441,1.420410336794982,0.15731421113929,-1.6595184396677594,-1.6538840497591345,0.1625024086351503,1
1.7784470943825093,-0.7571463524189862,4.212319605367849,-0.0750229944522983,0.3229903303545113,0.1765048078220286,-1.135266785680052,-1.2473339229451017,-1.0400383657087504,-1.2570335409661797,0.5103834714250365,0.7333494389709463,1
-2.129111942120741,-4.17949984590793,-1.6702528353196229,0.0878907948402023,1.3518293651118851,-2.745344003957643,0.6829881352253699,1.1364862915760776,-1.4504573145809474,-0.8348852551688177,-1.0274662079591212,1.1196703354810975,0
3.057108380390418,-0.7453777044254091,-1.1281816944319536,-1.033168817802857,-0.6170632532869105,-1.4140021812259425,0.2354831319920465,1.8965852839944584,0.3963203952744888,1.2601023770296866,0.678383701684389,-0.4957184534025731,1
0.7783337232132799,1.7464783786200573,-0.9728358633668406,0.7382577145381225,-0.9409970194696752,-0.2000158524892584,0.0605491229754194,-0.2146641507423307,-0.6798545108386844,-0.3356406887840664,-0.7831352632604875,1.332176882012383,1
-1.392139895684151,0.1348634813461645,1.2370429147508366,-0.0845703748477049,-2.031375901665532,0.2528112535881609,1.0745783303828278,-0.0383991056466693,0.3018551448505588,0.9333146055743988,-1.1860612453257682,-0.4289796456126775,1
-0.2093446782150829,-4.661782805392058,0.9720927748516178,0.2938618310544812,-0.7695983366658854,1.3324402518165672,1.0382368540715847,0.3482438700625541,-0.0651416448055313,0.337157259375569,-0.9715962853582328,0.0584713526201626,0
-0.4168309271255947,1.1192462413494624,1.572595711065283,-0.5423023677945304,0.449952450874485,-1.69260527180728,-0.5455272907973736,-0.0763446219424249,-0.1061241409315862,-0.6496302821157377,-0.6783462290872926,0.6109494225412149,1
0.2526287147092463,0.3475566361327521,1.9653323129465168,0.4810207229806743,-2.0119168965467016,-0.4304884561035095,-0.5624534608616394,-1.4147709304584388,-1.356336814415585,-0.6742630368228194,0.2817080374851269,0.6645796737461489,1
3.484130187127239,0.1289049089701121,-0.402443205277502,-1.4623939129468844,1.6435468510643338,2.343414827414782,-0.0255840654140986,2.703561749551169,-2.4780491466209527,-1.0225179908729858,2.750860704080873,0.2682487094926671,1
-3.0101364842346787,-4.41234610419416,-1.300062032406455,0.8880974205001787,1.6838586715645525,-1.9764911658919675,-1.2371030622044918,-0.57680268367868,0.7828711666468997,0.4118733340276808,-0.5184474955276464,1.3718152666443386,0
-0.5325478211029697,-0.2068486505691462,-0.5760930838048525,-0.0251910250327952,2.229609486018444,2.5319483010467705,0.1326649155287541,-1.7101937915176058,-1.7710646942340518,-0.7525141463440369,0.8563740121113855,-0.6115554332558281,0
2.391639457468739,-1.1846468042603024,1.7444304978587426,-0.3550350329423223,-1.855201350075755,0.0515110133232943,1.954254682875433,0.0423343599605828,-1.5015467305745196,-0.2921831080054577,-0.506945037612735,-0.61335636729892,1
3.662945922378428,-0.105564604742721,0.0059960667143979,0.1739016845341635,1.8390255553287067,-1.555355416071504,0.8537135811928904,0.5741768388053239,0.0279037537603959,0.0765171436663184,-0.7083898098657988,-0.9426513536403552,1
2.705053531444137,-0.2991583687340686,5.098037572067379,2.165053092865416,1.5965677011096824,2.4551109270119005,-0.0495406821453837,-1.3033452958182044,0.2780282444599226,0.9756706433716726,0.4196527538526475,0.5502923566698229,1
-1.7437128562814006,1.925553885655072,-0.2535047251254762,-0.6877166152063096,0.041877548003313,0.7495749262093883,0.7234222855095527,0.0070302771801992,0.279619328896286,-0.1123585899729978,-0.036558785552959,-0.1717400795932795,1
3.848452891467829,0.5155196132596805,-0.1554361038418933,3.061612027168348,0.3138488468592543,1.1116021586264546,-0.2333870136227742,0.4842871088487862,0.1578023830952127,-0.3357999170366681,-0.111681312850157,-1.2943629425810743,1
-1.754337759274199,2.036879555951313,-0.4110972972590319,0.4075590519343016,-0.0185247785212341,-0.2886040798113961,-0.074746910424498,-1.0471166069900053,0.360413018045126,0.7146044669790893,0.6516685677828964,-0.3138431724406194,1
-1.98978009423155,-1.68087816994818,-2.106603448552241,0.3672072910248748,0.2221871506911403,0.8794032014233437,-0.2703139699306701,-0.0057174208615753,0.5442946476774178,0.2266689560561584,-0.1828869358309636,-0.5857634973150111,0
2.0520850214794346,-1.9248776682860296,1.4944431430398408,-0.5815636408127296,-0.2131334688428628,-1.7615449114082933,1.001420725403277,-1.139438236887099,1.345658182081859,1.5214602399300154,-0.2686808594698128,0.2973267477726417,1
0.712610595604525,1.7495657121168535,-0.9521466487214434,-0.2211249337283582,-0.7100638267526812,0.4518995874934042,-0.0138295331675487,0.198999626629443,-0.0163496276355321,-0.2206350477555188,-1.3310173910237073,1.470570244436341,1
-3.188334221155231,0.550920417926487,1.4210005047932426,-1.0661310416757324,-2.742799949039923,0.3120692710092809,-0.7117692007753745,2.876713288984509,0.6525223282169319,0.0608852608403566,0.3848683172374696,-1.648194281333218,1
3.002303996700967,0.026100552973301,-1.1295723854650674,-1.2725244826084907,-0.6517123099637465,0.1745939603067362,0.3569330742752405,0.1296179764748184,-0.2503348770562233,1.895033992060666,1.838881108863571,0.7898660279583787,1
3.059357017072304,1.009783293207952,-2.4004006842526957,-0.1156167695925683,-0.5617928672473739,-1.5428834574701389,-0.4789235987926415,0.4435704607077902,-0.6216946311224194,-0.9355603906300136,-0.8629242915333583,-0.0562770384571859,1
3.6257637509991527,0.9267902443223482,-0.511878778220835,3.747677216518085,-0.1567094385285876,0.3845652136878717,-1.6399494625684778,1.85702498881396,-0.5454720724978773,0.4851773726292115,0.37554994104723,0.8308179768505185,1
-0.5738300531664114,1.88070900364903,1.91164498087362,-0.0315472424981453,0.0514337403680678,1.941582913207907,-0.1458916300891909,-1.2753730997776187,-0.8843934778842921,0.3750402600079925,0.9513015312406696,-0.1293596603201605,1
-1.797106791181499,-3.3804214711442446,-1.955406800692644,-1.0729306931169986,2.153332703520282,-1.9566955992321096,-0.3745671635521669,-0.9253391172995726,0.8313992562043169,0.947436294303568,0.1900208697425774,-0.849740933357161,0
1.2480078255942717,2.0010034912992016,1.6135354323328508,-0.7109682046979151,-0.400913802428297,3.1957938409561613,-0.5801055860327156,-0.099095586423874,0.1001515610140531,-1.0179314753154012,-0.4259351889215871,2.076742844704284,1
-4.130495099066684,0.4312194927998906,-1.9665998339168336,0.9656537402695458,-0.1579221635851574,0.6741838576339897,-0.7127123095836992,0.6377095799618919,-1.720080844347447,-2.103091661347209,-0.3264616824026793,0.1785298215902604,0
0.6558242597779141,-0.1147762128002636,1.4730506834851382,-0.623962432588286,-2.406853597568745,-0.7459223976640458,0.4775970546721088,-1.6465187705244757,0.0371586323867388,0.7366599290547823,0.3371450021965472,-0.9249303175312488,1
-4.405058663907519,-6.515763315330802,1.092950380404382,-0.3846214660728528,-0.1991304527871895,-1.587968131318494,-1.0663159700685845,-0.5569304150001955,-1.1953588773975103,-1.182603816651497,0.571312021062561,0.5390835109492864,0
-2.545239838317579,-1.4505611361640172,-2.6521878514527053,-0.2916621545874285,-0.3950151167011547,0.1060268219337769,0.1699274182977874,0.3727998966575248,0.6834957637544427,0.3808300676363248,-0.7698497624810635,-0.840094780999117,0
-0.6146601944678289,2.0094844288876827,-1.0123983491457558,-0.6821016648557711,-0.7604842446496406,1.1308375288194497,1.2827888213611325,-0.0187535520047734,0.8380061397506535,0.6809362112373151,-0.4627314712266793,0.6840985590401555,1
3.329571505223432,-0.7385494641631479,-1.539190363071938,-0.6520681848175752,-0.7114803466058284,-0.4586434086173167,-0.1638327947701404,0.4230737912645342,1.2767564761459365,-0.1665443532378507,-0.4737645238466236,-1.503493435219205,1
-1.179322145823737,2.1158446591173394,-0.8620915583963653,-1.4929754770036632,-0.8991527810584112,1.2883466697524495,-0.3394683708045137,1.4228436929227826,0.8906734474563963,1.20511667372659,1.299338169213486,0.3667732714145116,1
2.3220260606843377,0.2203202238858603,-0.1386368548391464,-0.9209325984328324,0.5316270325803913,-2.667641573868872,1.31223450194219,0.398154227469665,-0.783752704438362,2.265633553862904,1.5505780684629007,0.7825388702626616,1
3.5789268868204127,-0.2448928939104712,0.1791823594165807,-1.2204831504004918,1.1234802122207066,-1.5442278089369528,-0.8125957672930023,-1.2229779782955987,-0.1109549852556289,-0.4520955232731534,0.0474175563881723,0.7562983254710725,1
2.237290620237873,1.448034340921034,-0.1356574790996317,-0.4876668587689557,0.0542759208939797,-0.6566377952997814,-0.2002819226235886,-1.161575452449281,0.0843545508831917,-0.0628249170090298,1.0171305031030604,-1.0591040613422236,1
0.2274168619933863,0.7346205106963678,1.7679064633864905,-1.1441943756947175,-2.1814030375679683,0.4269994906787516,1.4171391722752074,-0.377441892337177,-0.3945733327636154,-0.1167445760635678,-0.1807294528557581,-0.4925178958385088,1
3.536258246868812,1.798070735100769,0.1416564382455589,-0.8485835646168385,0.2414514483785497,1.5164896731598752,-0.7868601771544698,0.3893646120994903,-0.6826210702842391,-1.6851439979290397,-0.3126929305479108,0.828032788879083,1
2.4417656208324194,3.012204197635562,-2.698867817271532,4.518749734635332,1.8691101515891648,-1.5163468300501737,0.2704241905237429,0.4922797617234936,-2.2301659103054954,0.3666378428010537,-1.399073818488896,0.5776866204592971,1
2.997526695366253,-0.9793183106545568,-1.6199152000832202,1.0189693278496794,-1.1727131889256723,-1.1899798819435574,0.8968057792323627,0.5619845038963301,-0.8426616546796085,-0.4794661069211384,-1.29518816049702,1.379551789438341,1
-2.51656038714777,1.6593690731517956,-0.8891796527388929,-0.8285099246792116,-0.5460150928642434,-0.641848759498641,0.0120170940227896,2.1089427334548163,-0.3400209260612093,1.0491995601329227,1.1842134695545898,-0.2570187100106645,1
1.2862270968625893,-3.2137453411286763,2.4088328509181496,-0.0120067208942122,-0.4715461474405176,-1.793376153263438,-1.085519432063096,0.7142402207846461,0.3885921341835845,-1.120440385689763,-1.031220995089667,-0.1449467177973338,1
-0.5259329550530463,-3.0240501214076483,0.9212824980487562,-0.2767113558752025,-0.5241932090169759,1.5718254707774495,-0.7415212740664593,-0.4415450180882768,-0.7495215127176675,-0.7168718205329264,-1.5968507037504236,0.4756050597484914,0
1.8507730701392904,-2.9916034027425358,-1.4671435902814498,-1.1255326735738318,2.397824529634365,-0.9159990709338924,0.8338622556937235,-0.1241092137500389,0.743506332213189,1.0464908088514255,-1.7259584307545608,-0.70280956748216,0
-3.8321371750396094,0.1386974327443681,0.29827555436409,0.1369313221281204,2.423057997510777,-0.0964775396075055,-1.0273665678150743,-1.035808440186504,1.1918400301140333,0.2823400141102883,0.3739501171231882,-0.8921977119828709,0
-0.4284005617301686,0.1839406674531715,-2.015748820706607,-0.8503438384469855,-0.3683553287440719,0.2631205569786337,-0.802908074678724,-0.2961645198259264,-0.5472577190004078,-0.866016895461226,-1.228017222546005,0.0458374621902164,0
2.644746465263885,-1.4962580612358418,-1.2627530814056769,2.892282889644263,0.8889947255672115,1.0907258280013492,-2.193414380348845,-1.663762770704438,0.3695401431485837,0.0777994037062735,-0.2989575793953147,0.3245506744580184,0
1.472357246108276,-2.185864934685522,1.959723318546145,0.5925951300999948,-1.3196273389269897,0.8294113869975782,-0.2840560892928168,1.492066632348276,-0.2979387744639635,-1.3294580793455224,-1.7946160539399922,0.614002943457433,1
3.282808856170853,1.2738281048232625,-0.6169528444161305,-1.0096481701804247,-0.2023581589854837,0.9263898542122756,-0.6400040769590986,1.7219301506903653,-0.2401126876951216,0.3334949725940356,1.38207174620058,-0.7667954820199065,1
1.5113866286385778,1.5962445883323153,-0.7164787919487952,-0.4828157352260223,-0.3660095889502202,1.2633191932120422,1.0634463848764302,-0.0456537931329871,0.24110604672747,-0.0518551954579468,-0.0986460699228029,0.1370030505042678,1
1.3305214785574009,0.5760697344686939,-0.5523580754606129,-0.4308003793781843,0.3823365296019574,-0.1911473961170624,0.9155604655226324,-1.1859395628973597,-0.3225662034846427,0.7355950241522589,0.5153867309212767,0.2077392543390158,1
2.964377419077693,-2.4467891263189445,1.3724548069695113,0.3472122921413108,-2.556388086354932,-1.454132058616556,-2.111587341952493,0.017656687687537,0.1903360838939004,0.7146639955675452,1.1722506284150218,0.3608972222431046,1
-2.1068533053018634,1.8753683621997788,-1.156104110917146,0.9950450835055644,-0.7656328516296763,0.3005324542089047,1.1016203491390522,0.0504260305776157,-0.5659652900062497,0.4271329317189048,-0.0548543313517021,0.1039063812646162,1
-0.3497532101329155,0.7657648212883785,1.6922826776554534,-0.945164277476686,-1.768977642502962,0.6798960970912946,1.1475223281963656,0.1307801483712081,0.1659159385994852,0.627325774622036,-0.8179495620159841,-0.155705204383457,1
4.533330322640644,1.4708254514976218,0.8973043028127611,-0.7515734408825254,1.0182045030034093,3.675855587216868,-0.7423005323072007,2.1162443853116355,0.0106657205891372,-0.392498603695083,1.7229199232389276,0.2861517509306609,1
-1.2788407649064917,1.584955349953825,0.9349208448459306,-0.4850821682440088,1.4470475304439845,-1.371043759018226,0.1475659358780285,1.6013754949102283,-0.9677229796259332,0.9177251448445478,1.5503220713646024,-0.1675633344214498,1
0.7060855302732421,1.6969619506331317,-1.247173793113653,-1.002941105893466,-0.7149593240398134,0.2284002484587286,1.428212980077208,-0.3077790607806953,-0.4314383226744236,0.4838796285618207,-0.1852249933392839,0.05551121235495,1
3.58356545914134,0.7218054454373868,-0.9641664668580472,-0.550737724249512,-0.9870221911789174,-0.1824185096694139,-1.048066079194859,1.814657989843416,1.0152787989069108,0.7716800163870414,1.0366308337874592,-1.1434365151842334,1
1.0836860488917854,0.9236718845742372,0.5539884249040937,0.4474098474180155,0.9866418320634992,-1.95497177113536,1.4413706126857206,-0.0330077444201513,0.1299320973965473,0.8499142639578962,-0.6758177543029332,-0.1516440972599675,1
-3.426765069195239,2.0409023449006707,-1.3708322927132863,-0.5371897099184688,-0.988515413471899,0.4954470181387333,0.3548976797320422,0.1848134567653865,0.3057956988733296,-0.3059135980840637,0.266052751232344,-0.5985135390669966,1
3.706098575354492,-2.075185634023745,1.7767404382022067,-0.4065498271529789,-1.6947173959121145,0.1726621830108974,-0.6601801129356125,-0.0177957303813788,0.692665455017954,-0.4776641574373874,-1.582121894418012,0.5340221450548561,1
-4.89023915200624,-5.914662602220378,1.2522340297144212,0.0403897798218258,0.0023764350831886,-1.1466830755264206,1.5865798787976817,1.1487444893541283,-1.8586373707071135,-0.7139509089851498,-0.0478396411752728,-0.4352694159980413,0
3.7656494419496656,-0.2227017460353907,-1.1627945239649558,-1.1471770374649095,-0.6032849933099953,-0.1451328313428991,-0.4670764256488103,2.1868239117896238,0.1661414489373289,0.4050959751972584,1.4620496266563716,-0.66263582053881,1
-1.9235457631028696,-1.047053255487386,0.6451824599943408,0.0321706487862861,-1.458481018238592,0.3707886245561291,1.4429797614638384,-0.7539070762179481,-1.3921222569106166,0.5444718375867075,-0.5859777519657112,-0.4970841483677953,0
0.4709490944795406,1.6548005198007754,0.7835500752743808,-1.264762545458711,1.3183439713039071,-1.2120147925094138,0.1376007382700911,0.3806309374911906,0.9431149876597004,0.0445789906329612,-0.5885593900424455,-1.1887944389177472,1
2.673245038143796,1.5362048791550895,-0.8129140619533041,-1.2687427170474468,-0.4471263818983712,0.5123764281237907,-0.3320653965548455,0.1786430567333424,0.8353225528563138,-0.5047200026733865,-0.1822128562301253,-1.525100235861641,1
-1.2264606578313624,-0.1939392697642911,0.7397972479117808,-0.9974446113515342,3.4348583102646524,2.022271748423426,0.6177590845291078,-0.2666826554233415,-0.1403545467689278,-0.0732490802006496,-0.4158106955831027,0.3018833983846298,0
0.0572684533185605,-3.978748387456312,1.808623315462653,-0.6710183818173171,0.747890963786912,1.0935455385284922,1.2170925065273914,-0.2806294977519623,0.4474706623839016,1.2029724342801975,-1.8405523505594572,0.2101885319779247,0
-0.0279303463220038,0.5652650797831167,1.752718474163563,-1.3232196685005986,-1.8851322902010967,0.6484342764700619,-0.0625685212514284,-1.6441022526630826,-0.2638242741740063,-0.0656721060388447,-0.3517859714485167,1.5516583134025854,1
3.3854408790353183,-0.9183653936911356,-1.4200971679366263,-0.4178574613974192,-0.8675971096748151,-0.5549153590732603,-0.7969821335297292,2.052207948702192,0.4582453772054558,0.4661763212444654,1.2370218399395492,-1.1537034082809974,1
-1.719145427928177,2.14265117980284,2.1782132349577585,1.9043135980565025,1.9613425031694092,0.1222606794576304,-0.3662819340631776,2.650886247921184,-0.9115980339247014,-0.0750326985826459,1.9059253111180563,-0.5011785301090503,1
2.494278458152284,1.2485697584033624,1.1687096092209326,-0.2293460952435713,1.154747829307795,-0.912525426196366,-0.2475970256071995,0.262530530945769,0.5373631606725685,-0.26906217754768,-1.5593169574373826,1.1008219178704823,1
2.2981906134219496,0.3995263602735608,2.2806331282055803,-0.9376911277757792,-1.483493995051939,1.0384168590214902,0.2438478487347976,-0.0756690043376519,0.5572686460918284,-0.0022788388590936,-0.6387712616404035,-1.042214138428316,1
-0.4379299618373382,1.9273899828966603,-0.8604813602518686,0.0031743298936694,-0.3775384505419852,1.0069264282123165,-1.6827622886961802,-0.07547799554346,0.7389310492674307,-1.228648140644634,-0.4393025000367533,0.3895517975141077,1
2.180815706239572,1.4823968999842132,-0.1786691445783709,-0.715096481980239,-0.4408325851171989,-0.3892401735807614,-0.5723135764882302,0.3987909460165236,0.5420705126156964,-1.274183674108775,-1.015713138019631,0.3745493739435699,1
1.630072430244783,0.3695974605309507,-1.3684432071166928,-2.051295539335772,0.8560364483935452,2.307994037300175,-0.4276136659618704,-0.7139945757002715,0.1971220767640714,-0.8653090559375598,0.0865831721350169,-1.3594183657045038,0
-3.7715978542219126,-4.972333611520163,0.0783321479706044,0.0621105404893342,-1.4149790483629128,-0.1864536640028533,-1.474746229656698,-1.0781390258255938,0.5039818784994774,0.1615181234387901,-0.3461726933971621,1.0499090188039424,0
2.89949845843822,2.1363435117334317,0.0306083611625947,-1.574475033418786,-0.1592421578528269,1.8110555077822077,-0.3316634809265072,1.6941483932861017,0.1450626560680894,0.2873561269859392,1.990946740308944,0.2867614020967908,1
4.078766274180069,1.861690740732418,1.7647198183589914,-0.1301787614994544,2.524717051934005,-0.0068130768234405,-0.3236714623904165,-0.9700116705078172,-0.2840832384666243,-0.3676119646756197,1.187037697696865,-0.6866600298216746,1
-1.4206820045487436,1.2336506124184954,-0.1789906609471852,-0.5772583310714161,0.6713409328837661,-3.2126900046519333,-0.933939029690902,-0.1338006667238289,0.7386991529140836,-0.0458712237823054,-1.1255566629627751,0.0313286810470884,1
0.931574912830482,0.9161487090926912,2.3687685386556,3.701944908648014,1.5708088421519903,-0.3043331305058039,-0.9409049979816416,0.3558530814978048,-0.2316681339485622,-0.4835548840950056,-1.256789534467844,0.4225732436849124,1
3.247834150226656,0.0185549936531738,-2.06207872972558,3.8589292166245706,-0.2009513103498485,-1.1782867866517677,0.6652981278759357,-1.078575815188959,-0.2268004452776156,1.4704446067492376,0.2066771149142494,-0.5227567487813563,1
2.919814345784132,-0.60919158497827,-2.035151065350961,-0.5818073107616404,-1.695141565751454,-1.6313599093312314,-1.2470214677050029,1.7560685127028457,0.8265122440139672,0.8708824942907787,-0.1329960725997049,0.7807492005547444,1
2.451681180059325,1.32241407234876,-1.089204760176789,0.0645233677537901,-1.1395619318036068,-0.3502125431597905,-1.38270342732283,1.7222181223685424,0.2739457299810962,0.5731554208092702,0.1387141805198282,1.072643249544,1
-0.9668327817908028,1.81373033760082,0.7135510740183709,-0.8184868232465146,0.8489690875862325,-1.399339023967353,-0.8601450959840028,0.0590376799547815,1.199230504789938,-0.4707707533651593,-0.989106306471634,0.7339181298009968,1
-0.8280837924744313,-1.7469727347923023,0.7388769276860061,-0.516490019653055,-1.515923258809097,1.184424547223423,1.0043952923615471,0.8999401533091173,0.4627659717487645,-0.1865536891117005,-1.9322404596078204,-1.1760397140486811,0
-1.1947101838645773,-5.877873789307157,1.3448985761415226,0.4833491307652456,0.3979954225807877,-0.2918097245028874,3.800800759520466,-1.546308310070387,4.276435753850359,-1.6549351031031423,2.26256080872315,2.632099459108049,0
-6.326652573080564,2.567252084154572,0.396395447258434,-0.1512169156078624,0.8858903755344016,-1.5029091782255313,-1.0682921297117762,0.3009271187452711,0.8305123242382002,-0.4269408621537633,-0.8215898564964902,0.7793579086306497,1
2.652078057738634,1.316292236079634,-1.0510318447066784,-0.4253521472027059,-0.5338307657437869,0.3097754803260172,-0.0902290374547596,-0.5348592192258054,0.0471691505955737,0.0003726875110755,-1.1445154371326975,1.44829191960058,1
-3.2466715933792702,2.006271959917384,-1.3765988723403388,0.2099025924061928,-0.8478435309433088,0.5420629869008027,0.1898342851932181,0.1533617879169502,0.2639030281065446,-0.3234433393744353,0.1988791132031001,-0.7534355944245638,1
-1.5902317859778277,2.014144206719525,1.4663790080917247,-0.5119647718641184,2.067417510645396,0.0951321651791143,-0.0760995579027912,-0.888498636212819,1.0730597917629876,0.4581817213403533,0.4857515283547445,0.0694733418864539,1
-3.771995047223334,0.8718934799409439,3.736196713109005,3.354416908613928,-0.1438523010385902,-0.1175263997626574,0.2810266516572065,-1.254317993354905,0.4034817185645521,1.8583903387847207,-0.0547659614632267,0.1033948807753064,1
2.8099837156160508,1.545998735783679,-0.8757056216143736,-0.2772895062773821,-0.5154454167262782,-0.4006532738184392,0.0114403811605449,-1.167156549181179,-0.7846176942905102,-0.5028411662327822,1.3613518121135786,-1.2375368709874903,1
-0.2131623691364618,-3.38021521134966,-2.450793234025704,-0.2894232354478811,0.4693458771130132,0.8828187718066031,-0.1165349227349375,0.4882778381674971,0.8392323982432814,0.0542222335539609,-0.6821138256712046,-0.7286716431148456,0
4.347786315698795,0.9646021158702094,-0.3539260817145083,0.342353611642829,-0.1957456836824932,0.5006093509337394,-0.2743022937875582,0.5618528375932534,-0.4951807600898343,-1.1725346159614254,-0.7035243155957939,1.0866345748798267,1
-6.145101294504393,-3.2958044265982367,0.5301004777984974,0.0134204729667877,-1.945552069301428,-0.7719141382654758,-1.5839202993715138,-0.9292543238960946,-1.6158793816992552,-1.5312954488123016,0.9405736882951424,-0.1762517111373132,0
-2.734042450829352,-2.709688888417382,2.8874583103724123,3.069134951475585,1.3928310642985258,1.7806448669021273,-0.7788016775317796,-1.3950769277760329,0.3069377175936736,1.1863048593897427,0.10263108789677,-0.2857163912347602,0
-0.3627155480964968,-4.933089982105207,2.80028725242978,-0.9934088775167432,2.64846160684898,3.041905901607862,-0.353503904841326,-1.559888067081708,-1.3385637103455612,-0.5019937373797728,0.8015832619391494,-0.1943344218366587,0
0.1436530030509502,0.2687672866564651,1.82626480714336,0.2266784470496547,-2.0630907644880603,-0.0195591533904815,-0.5115289334347181,-1.7054572187406776,0.014118517678205,0.5325390036276672,-0.59662764873372,1.3538742772867158,1
-0.2274115554630953,1.5427194230942924,-1.2733252301932187,-0.1419387604443111,-0.781148807596848,0.1230468132407893,0.1960916941785405,-0.236680385938562,0.5558484715091287,0.3526286718015586,-0.1767638609649302,-0.7339524748334528,1
-2.4061587850467587,-3.0962170279906505,-2.9258731094461905,0.1829252634956229,-0.2511627267462018,-0.194708629627225,-1.2760090149478371,0.4591655056742866,0.5675879016421698,-0.5212688947693037,-1.3518159837177846,0.4295582033926072,0
-3.205634166102066,1.9761151887738444,-1.4656212419690893,-0.5724125417846956,-1.0906264910548973,-0.4603092675466089,-1.720153830921163,-0.9513503184259684,-0.5673644479492553,-1.645403033517445,0.9799856527307867,-0.1635494856274606,1
-5.932743055124365,-0.1663448554768739,0.3951739493221465,-0.8931013958938141,-0.9214746418918236,2.0105040431673538,0.8226902335615583,-0.5258655500781936,0.0713274463422739,0.8952708661358895,-0.8071483669054327,0.2053276663940718,0
0.3719042269128712,-0.1201529983508726,1.885037938097213,-0.6923318657904961,-2.3735776773906294,0.2471251736342814,-0.1602308142397116,0.7684522663150187,-0.798465874043407,1.2640667022453596,0.0715915349175224,2.0861108381078526,1
1.9867877456439065,1.045925980201968,-0.9825440052526364,0.4065818346378628,-0.7349309307510333,0.0601145320297372,-0.4071018421669695,1.3347050159583895,-0.2011488770827675,1.0227215456855314,1.4264689705101965,-0.43467882905095,1
1.0323270217433371,0.2223621350560918,4.529278139111038,-0.5182076022271638,0.4369209513993097,1.6122494594665904,-0.9920943815758364,1.160352653347816,-0.3071169436554362,0.8957277078234462,0.3793314376748617,2.6035320489192078,1
-0.1049500850803233,1.357542787575977,-1.180218517149362,0.288424794455638,-0.7505782412405898,0.1905550791125916,0.5546017393478985,-0.2885701451834143,-0.8879437216078485,-0.0141595114945084,-0.9791678092739922,1.9262352652549584,1
1.0644693736994704,1.6943644748906692,-1.251216033950518,-0.723714058207185,-1.0430130191780775,-0.1664816499285442,-1.5440923141389085,1.655305480239189,0.11481209083187,0.4613164674964662,0.2909250366916555,0.924545706572626,1
2.6128384283706176,1.3899613547697411,-1.421362499344647,0.0488659472620154,-0.4978202913861437,-0.4257191456424796,-1.593162994419323,-1.1805113084544057,0.1689867786299514,-1.0849972697073813,0.3424010484828932,0.0188010983939638,1
-4.571112913395701,-6.613801848929767,0.3552185683997433,0.1260726957051338,1.1169204428681407,-1.7324599773521612,0.3764575817925714,0.1050298664223166,-2.886160650999179,-2.0090304906233003,2.33487927026978,-1.174599577752674,0
1.4012644100595295,-1.0615906672022952,-2.5466232843292564,-0.5051682079543017,0.5308246266786518,0.9861583740899612,0.7163840561767769,-0.2946466469002489,0.2054337891335853,0.7272651007321344,-1.3082887207091125,-0.5727653474900127,0
-0.05642692431082,1.60116668412278,-1.1518317925063224,0.6362874703116848,-1.0825603289436116,-0.3919306086367,-1.0154080680340924,-0.2348670390459267,0.3221780646632238,-0.4181651168553418,-0.7802566608881065,0.5747568425260448,1
-5.287194123468596,0.5417386765650332,-2.0192797343426694,-1.1575217562963471,-0.417906304418638,1.211715883057007,-1.44467098867055,1.4492340119032598,0.1509248814648182,0.3348499588928473,1.791801808119636,-0.911422440857832,0
0.0855686258897162,-3.7053982517266144,2.42795953239231,-1.3716499924127226,-0.9221341498060648,-1.6321222649673346,-1.7033573128628217,1.1444001784849418,1.0084713354285069,1.0477498447933038,0.7424042565558989,1.468016010977748,1
1.4401306079564171,-1.2364541733200118,-2.3795445663607477,3.531817093637159,1.7786868421845785,1.6494783341303705,-0.1169101993388641,-1.913980433901878,-0.2619626798854101,1.7605089557449527,-0.3756106106459084,-0.3622535161197495,0
3.012146582344238,-0.9989892388354036,1.356429911225173,-0.7034066014463627,0.8578432678285208,-1.1965853600847611,-0.8154762199619477,0.3283380444138495,-0.3315880952439238,1.2106659565575306,1.0501142034134177,2.229288206656469,1
4.0653221494470095,2.3957724340650737,0.2595134943607733,-0.1338800885161094,0.4769456498665799,2.580734026079612,-0.6963218549739005,1.5417285450164946,0.4890932610420665,-1.837090390673148,-1.4923743147914983,1.003813011394254,1
1.347910802383281,0.5410191066877423,1.9051157684977007,2.846982091295282,1.1013092308473162,-0.4892314754987713,-0.820362507378313,0.2192190199256656,1.322096429384638,0.2486287872349862,-0.7775532654648978,-1.961341483795611,1
1.3653710259296683,1.193114556573062,-1.4121944635510084,-0.6991253738594915,-0.723887216835767,-0.0242353519981903,0.5454946847892261,-0.3132220299764997,0.5890011929049344,0.5240816586454291,-0.3199381847600481,-0.5506694175356024,1
-4.313633437714511,-5.833064453348028,-0.4618170868154092,0.135807601896116,-1.282062281512523,-0.0404613780303137,0.0217417551265844,0.8264790086973269,0.9515000033012616,0.4406266887496479,-0.8390714392426453,-0.6952866991932274,0
4.157366807108494,-0.245469386311216,-0.897528215202549,-0.6532800725943095,-0.6985183077947485,-0.2515903658921761,-1.2216066835478196,0.481420497764882,0.9009254327484496,-1.152051234487017,-0.8445185896875175,0.2391709229203499,1
-3.273918060852865,-2.030922028792083,-2.7092363701765603,1.3035927604578836,0.0354387532555236,0.6136384057906182,1.051335295576858,0.6550652098257509,0.2277524132985693,0.9976196115074086,-1.1004628732097417,0.4340958623115003,0
-1.53773980102852,-4.838456715626455,-0.1376898071603655,-0.3485626339024533,-0.8608306151793476,-0.0529702637464262,0.4099053806696531,0.6821055548084505,-0.7216910677376515,-0.5757398180718794,-0.1986348610231131,-1.236122785821712,0
-5.744344082803364,1.1083004645362466,1.3845860202634563,-0.0047032105192026,-1.9134831615802557,0.3302463456988085,0.3781927389422468,-0.9119463154357754,-1.5543613427920435,-0.656605014603131,1.4473834727037227,-0.8820155137147216,1
2.2382890243519395,0.2502436527182312,-0.0197386278318168,-0.4776314897773192,0.7345160266982731,-2.0268356222999997,2.108489120997817,0.3199069476537878,0.1763081719608301,1.0263166078743742,-1.3226586438735315,-0.0021345665923107,1
0.8703522692862218,2.592611146941387,-0.3270472928591013,-1.368413736493887,0.7436330093415017,2.3466859840520367,-0.6535875469598736,0.059469296072497,-0.0639099155829094,-1.439705276542582,0.9544406648620428,-1.1454053136105238,1
3.666366251527175,-0.6430029806601301,-1.209540687534333,-0.0722922185565232,-0.9152482137562804,-0.2459029885028563,-0.4368965440089227,2.0614717265091893,1.0433896545868175,1.1936436637848455,0.7921919111275937,-0.3499940041791404,1
3.763351487263343,-0.6701617364929104,-1.414753646090083,-0.6288341597070534,-0.8288674796566933,-0.9616465345571223,-0.0366846141321782,0.3411668491903323,-1.3918585859032393,-1.7710569272987309,-0.5035370623266648,0.0089951959771409,1
2.831009290535279,-0.8829270838379292,-2.042982230297543,1.125484383884166,-0.8481839117991621,-1.1898167660233676,0.1817475189977511,-1.189000775095969,0.2705835439834652,1.007453605700253,-0.8401792549100334,2.0308981047786774,1
2.7158232742890247,1.880972955443176,-2.3542534629207736,0.5594581160472585,0.9053568716909935,-1.4636969100293415,1.7620918407525312,0.5199706456544161,-1.187660531317403,0.6409291270705877,-0.7633396022074461,-0.4717142647184206,1
-5.465440672425522,2.557524050674552,-0.4721519007494089,-0.8816441230699144,-0.6737028200662439,-0.0668658636906795,-2.4275964472963323,1.7151971046033896,-0.020148402987194,-0.5138579218559751,1.4488837392901497,0.5407618677879014,1
1.7205070643769724,0.7611483516911823,-1.7738782767980676,0.330940449090383,-0.8591863499163892,-0.8057324970636704,2.7513944405362305,0.3328021565050776,-2.5643617064285857,-0.296417991673278,-0.2699779756387593,-0.2479208114088995,1
1.709598607140173,1.5184181935792256,1.3399547158474772,3.1992287101637875,1.7836398956013688,-1.5063810883941793,-0.8023392715504158,-1.034315613242082,-0.3607473333722474,0.3147723152593314,-0.1340573983436858,1.0262593352253089,1
0.7599012088246035,1.9590007981143067,-0.1564657277439712,3.490865360298987,-0.0728576898204633,0.9825965889788932,-0.9274984614195636,-0.6204220025671927,-0.050517282417956,0.2657943176454005,-0.4056053922780701,1.5069351700369449,1
2.7374778882970108,0.9103578391468812,-0.6867612892042783,-0.8464114946136074,-0.260663184230342,0.995026363338556,1.0028007240198336,-0.2205099243254146,0.4610507139199583,0.5717708480686756,-0.3076181103716143,0.3349838174915119,1
-0.3579365020472279,1.9264918366785295,-0.8282357553249169,0.6260813448733042,-0.35379883226412,0.7112824890583508,-0.7103612828264139,-0.9564903102991952,0.3640902239679315,-0.4827089397755337,1.1469796510186774,-1.101251436077886,1
-2.944490805456916,-2.06159623558411,-2.652772680591328,1.1244350675858137,0.0929715519520406,0.5608336537553644,0.1516679049813917,0.5211629184129173,0.4737836611565466,0.4659684758622911,-0.8677859476249299,-0.5431660901179399,0
-3.183717606746244,-3.018006164923335,0.3432355373428168,-0.2544987911061562,1.3326544170694616,1.921337421408137,0.0104614641174297,-1.165320112882186,-4.202724579311121,-2.0056318006756952,1.1407924831878822,1.5552984485018322,0
-1.0526764309605254,1.75861720826639,-1.342766258397668,-1.3823246913741838,-0.6373344871753468,0.8991271351684791,0.1444459507501941,-0.1401344078971889,1.0743989255905058,0.026011369724253,-0.1104052955897297,-0.5947266775272886,1
2.98533713194084,0.0527040861842805,-1.3822059512722027,-0.1583085249481814,-1.1561435980939712,-1.3158793332610308,-0.9262096207554396,-1.2686647150547443,0.0194643574201429,-0.424239256485948,0.103900428858818,0.512291592512304,1
-3.1647594340582934,-0.974195252994456,-2.721161677225302,-0.1496419201502965,0.4136757746030804,0.939286127213046,-0.3171528912738935,0.2361073880002616,-0.4651198431099818,-0.0732477410388482,-1.4881549947595485,1.5051812828163569,0
1.4650061372686127,-0.6150381548227095,0.1043053138636837,-1.2135169563958932,0.7531430123318024,-2.153179586324257,-1.1495032081285674,0.3719799236727617,1.1805910658411372,-0.6504209488055677,-1.354927504463104,-0.1015012110654381,1
-3.9869032937827034,-1.9223653939107683,-1.058161516567124,-0.4811242557170253,1.7529615153613751,-1.5502369908239266,1.2498370248171329,0.2872967407955122,-0.1479996555671074,0.8828741985339688,-0.5382432041665363,0.1833472280880433,0
1.876825258291817,-1.7635344863936009,4.110121051217333,2.689864986520326,0.3312369313907811,0.2925333955378448,-0.8717670527295884,0.5082025177723621,0.1260031001129441,1.8427241574023043,1.9473711136026417,0.1285339148864533,1
0.6392036384272431,0.0606358779453072,3.5444723446324065,-1.0314346880504184,-0.6686889655915068,-0.4333464262963236,-1.1100928567377004,0.0189039854783815,-0.7531961013405052,-1.8346191986072224,-0.6129662645701733,-0.5600518053463861,1
3.1610857673696056,-0.259175260553291,-0.9834170673107504,-0.346689177645016,-1.0518975340740353,-0.8058264665539286,-0.6044697527774842,0.5206121115554225,-0.5033328570597405,-1.6856432285709075,-0.4777015319214922,0.0218145850025354,1
0.4736105820914135,0.6768512702156865,1.484833271278829,-1.334417055464986,0.4570731890106966,-1.336188813521196,-1.1203893543230894,0.3687040742302629,0.1491583397979869,-1.410712402207306,-0.7547506568572914,-0.1691447192757235,1
1.2442055716716969,2.413614342555133,1.8466264461905768,-1.4627167319404564,2.019880123498304,0.4647083612766849,-0.9443277734515252,0.0805488868197654,0.7878107186370863,-1.035723686861944,-0.5653814761169927,1.2880872442677047,1
-5.395091019063331,2.316899007847883,0.5205228175641142,0.2651447486174161,1.252943171884243,-1.0200310306427685,0.0817042139439777,0.4154171931428582,1.1340594221562197,0.3341684680475777,-0.2713242934260457,-0.5129544706672633,1
-3.534561651352953,2.3261396935858905,-0.9464344959818012,1.422411655702651,0.0397222720406473,0.0989657279084804,1.4260374660667765,1.1220888801548738,-0.1261510466669197,0.8075010488572404,-1.2892023875760483,0.227562539941272,1
0.895830734512161,1.0748188680563298,0.4242684500717274,-0.7940197679059595,1.2430026666554117,-2.3956231381091806,-1.5091867647389798,-1.2649477848675683,-0.0533862817881288,-0.6674950717671494,0.1788901064117778,-0.1309445279297511,1
-3.3071117769218685,2.065564160031581,-1.035725189052326,-0.4931094485597312,-0.2568079122167773,0.096838732666733,0.7970033921672275,0.0761562368725478,0.8568089609438136,0.6238985938794482,-0.4336295056268101,0.0281722726380324,1
0.6391461546357051,0.3154699245334364,1.719353118787008,3.263694158501917,2.701858794239064,0.51852253735333,-0.0356219651809891,0.6208034663733697,-0.1141667248245998,-0.01890556496546,0.3647773643290337,-0.2292766954568847,1
-4.203752509199245,2.418018461831065,-0.8183897456787795,0.7910480850755269,-0.0917715577239652,0.2062842544219144,0.6067123952595055,0.1754675407077274,0.0011027306253646,0.0743826404405006,-0.0856814411661691,-0.3551630317411987,1
3.082938744410089,-0.6410309497172172,-1.7019691787061566,-0.4728111608171951,-0.9896384459758216,-0.6570115686434267,2.3235602621867173,0.3790907702166897,-0.6364381686490732,0.415483916801239,-0.7714871465291462,0.1266157289583215,1
-4.576935903064576,1.9007498585354132,0.4685280853144868,0.2507895574999291,1.0318649539449625,-1.8748846296303383,0.7448862961844959,0.2159752620626676,-0.1154953854393723,0.4651438755579361,-0.1660611383232341,-0.5140284426856909,1
1.6012669545347136,-3.6786213991967887,-0.1620940564675858,3.3159507526334773,-0.9258878262594786,1.3970513739803467,0.4261681399237538,-1.908648564697892,0.2178296983517788,2.1505685533694074,-0.6817313488572909,-0.0422382148407473,0
2.360703887577791,1.2218179325278755,-0.8741087721600302,0.0142815572038819,-0.3306347080098907,0.6637896164023019,-0.0101207671427181,0.1314633353303768,0.6767583058633971,-0.0828163172270206,-0.545073577395728,-1.1543282183544932,1
-3.883309184730485,-0.8566336149927386,-2.420306210804774,-0.3475672891629801,0.2365071265270706,1.2757526932236296,-1.1102244894071729,-1.2791560791546452,0.3077862907073916,0.0339491975046369,-0.3666741187283895,1.6415362313519677,0
4.093076809437351,1.4094424213018082,-0.2919710999447631,3.455744486626787,0.5057921766832307,0.3405673151080574,0.0750512084910058,-0.8962687715323022,-1.7529034169352076,-0.5065012983579511,1.6258247470906615,-1.0933511157733051,1
-0.6619230316404975,-3.6298375702618393,-2.8605204807811093,0.9365541968543992,-0.1277168178662193,-0.9444933807642582,-1.2244294112847047,-1.0446941019972262,-0.8460012739166989,-0.7350423521043847,0.175584603381516,0.3872149632723437,0
2.613952941989996,-1.175357956456393,-0.4803125947119327,-0.7473181111705384,0.901848794752608,-1.9778823527525304,2.450299085629484,0.5811273036376411,-0.5382381250935803,0.6024345606515378,-0.983910437097961,0.1757221644201032,1
0.9265334506434068,-4.091696198342473,0.3892484483540187,0.339866720957072,2.2398518297654437,0.2478608003968215,0.5509150040646369,0.409002654231744,0.2146128903381647,0.1049523159134937,-1.0275136460727567,-0.4191300782167004,0
-0.5289083836611919,-0.386619961703228,3.4920030517670027,3.14127576294644,-0.2452133283305739,-0.0038421134363889,0.6380955659008983,0.1986944695599552,0.8134813450294753,1.3101920480515377,-1.3502588489261211,-0.4810042029729033,1
3.776844844331008,0.2389135505292191,-1.6684304718498082,0.6552875359681075,-0.2670407612895665,-1.2702120148825062,0.0943370732411527,0.8184027381986956,-2.602394373326791,0.1290162896092573,3.173730812245961,-0.6622605190839194,1
0.8029216334218954,-3.28413319608884,2.5062947130711675,3.2224296420092555,-0.4837159786259405,-1.5816278832326274,-0.0912665638775266,-1.1998948314661926,1.4844549921750088,1.817349166441005,-0.3918606253912138,-0.753153542522295,1
0.2738718849015537,-0.7018279411577099,3.161106403226471,-0.591172097822037,-0.7439197146005353,-1.2265841998532765,0.5767434641183535,-1.3605808023587125,-0.4443659735103561,0.2325817048392361,0.6080863906275502,-0.8486930469376283,1
-0.9552882607826052,-3.861350174181385,-2.698231827516356,0.4865253856209113,0.6404414264802736,0.8955431417703668,1.609367818353233,0.6274638893297219,-1.068678092363101,0.1733851266914899,-0.6845330102253872,0.3870542882490303,0
-0.3482876311957995,-0.8906691941383357,0.0004617206360356,-1.822941584450043,2.6239128834773444,0.5390091474938924,-1.2931034942198392,-1.6086270933677027,-0.0060105179178057,-0.6793111540244786,-0.259493922353034,0.8649735261804925,0
3.135465964635028,-1.460025558778146,-2.295024770950559,0.0774795030633523,-0.9419604706408872,-1.9053183129225628,-1.358060278129561,2.150714879521382,-1.4719814793273347,-0.845084436333413,1.0443764756345084,-0.1868208462252815,1
-1.6503976617605185,-3.982739757435954,1.7523727760282797,-0.3010577067447055,-0.0813616212274534,-1.3112274103593349,-0.0908827972573746,-1.2168763914151268,-0.2968683161277314,0.1273289778450703,0.5419804432267544,-1.2835193902023871,0
-0.2862389654016252,0.0171822566991511,1.4947263227403258,-0.2694478505669294,-2.244907398916566,-0.2753530787039465,-0.3158411229393361,-0.1275391156799601,-0.4602630042420773,-0.6047442609654596,-1.3387142802143583,0.2898559700537371,1
-4.264595072469302,1.943257734206938,0.6044138784562806,0.5629926719559065,1.209500087401007,-1.6917520434127196,0.1619084274927884,0.7523634191616702,0.0148667232675574,-0.1771790875869705,-0.3010409632632543,-1.275274573617766,1
3.792410746802192,0.2969921103850252,-1.3821214857998745,3.4369340051997392,0.3135988997270352,0.2865169324323545,0.929674467762187,0.3666146636740849,-0.3058526105222183,0.6680983055707682,-0.7763303850710889,-0.6381335795101458,1
3.0893210429267475,-0.7360938168414378,-1.8481246955922817,-0.6499746536579711,-1.2071423832634869,-1.8801827340982316,-0.462930748644487,-1.1162476319176493,-0.6469706657945915,-0.6664801088817621,0.3293875399619647,0.5067038196229159,1
-3.0871756263410037,1.7512914995703222,-0.3047008575341842,3.377500535157292,0.0723626664698164,-0.1769233401493639,-0.7561645150466869,0.2228344006982859,-1.372348034547164,-1.3320826451202112,-0.0695826060247126,0.2092389166409858,1
2.813794747734991,0.4675349348934503,4.9293670744008455,-1.2852159556534974,0.4171024782472282,1.0265563864088023,0.0921243943592572,-1.090180432884585,-0.0810423158698444,-0.2719783082925058,1.161675435515615,-0.0567480252390352,1
-2.264191354665996,-0.0789262294375329,1.761396456164813,0.0244028911617406,-2.546267362155523,-0.7322138242854908,0.58473881908441,0.208769119355818,-3.30488001624962,-2.1790878686258672,-0.1585073060498093,-0.0469660556447922,1
-5.756756189223243,2.106357514223685,0.4788018465610516,0.3022267311779579,1.1164604623703325,-1.0728618685561349,-0.2555591098870656,0.3036042529960751,0.6163233130457993,0.0832842237143243,-1.177420104844907,1.7401193457701156,1
1.6701005663254425,-1.2661499774091822,-0.10840152591966,-0.2860175726272944,1.888579814967282,-0.8892435444081482,0.0146375040482303,0.101542872515685,0.3707473037052374,-0.1939745836713902,-0.8225205042244078,-1.6401799685803082,0
-4.630192538468477,-1.9670282774295955,-0.6411839892981068,-0.205627170742204,2.31772680477507,-1.03294135279189,-0.4633462006293414,0.261828926280276,-0.64577473547556,-0.7403071650212195,0.3947262313573066,-1.592751862582391,0
1.5955433188716075,-0.0869332065322754,-0.1373746054787436,-0.4081004682165639,0.5873150886239578,-3.0706558764443104,-0.6089173356860709,-1.0658387911434362,0.1216763011572189,-0.0254487488481738,-0.2072043847980573,0.6169501624185033,1
-0.3596467443541353,0.3576934867552415,2.160538756384304,-0.717729389704083,-1.9624987408749124,0.4814149999640596,0.0203613315387735,-1.4852128719460782,0.5582383594960943,0.7267566325575912,0.4725917823946729,-0.4388040558057695,1
-5.114995932718,2.186863441957536,0.3272254223086768,-0.1786370948111325,0.8679156632522756,-1.7657776460420946,-0.4818968031176093,0.2434167703174532,0.1405414536212554,-0.5638592250567027,-0.7914645847271173,0.8573922267749775,1
1.091493839037233,0.7272106960924273,3.186770179300183,-0.0944618970375896,0.9915206820887832,0.0019610378233901,1.1837406421221486,0.0446983598804146,-1.5279062696047476,-0.8219715014316256,0.4887758642001756,-0.3814393424164343,1
1.9686632724335589,0.2097317262089754,1.9691124621377645,-0.2367627378060543,-1.459474938980072,0.9420721166675062,0.69895349886497,1.659022615456908,-0.7534283827272557,1.3613965581872842,0.7000542642138432,0.3910131196621441,1
-0.7797625941516492,-1.6120441548030808,-1.9065400589289625,-0.0603420509339962,0.1988633779937567,0.5776922794378754,-0.7253213074425016,-1.3620552977695164,-0.0030869537690259,-0.0169138204008054,0.7951973596581748,-1.146513625054772,0
-0.0016463084605994,0.8826267582955255,0.8980598008042484,-1.1450827387454534,1.5383429559062196,-1.031640506433812,0.786399108269784,0.1453441088010483,0.0588314495823421,0.1143166363789882,0.0010105669241067,-0.3300633550862489,1
-4.734463827762796,0.4698442713216229,1.107120046376328,0.9687272339303348,-2.147093179730305,0.4782816835928299,3.336542237296724,-0.2690371405864407,3.539379313613485,-3.473287637470617,2.79739113262121,1.166765904813284,1
3.747541633027862,1.0892890324362303,1.2522448593380693,-0.2398767067178497,1.2146387293366585,-1.037350964587196,-0.4081626785107089,2.0972626573190656,-0.4816726479545825,0.5005452304817986,0.2096534710554337,1.945416275619779,1
2.8728071819301806,-1.024563059915352,-1.714395685653337,-0.9202260133859704,-0.7374493770044107,-0.8660623612158995,0.0509481516983941,0.5772330302367155,-0.7034824660536725,1.175016691846048,2.398770160744332,0.0802268378382451,1
-5.327259697873468,1.3105672460068534,1.267242378370656,1.145765263685119,-2.064944480018996,0.1451084941394155,-0.9659208505344216,-1.1328931937804727,-0.5376433545830306,-0.3461685690738316,0.0298347246697126,0.9316348259053084,1
-0.0429628190580721,-3.960927117749649,-2.917408930593595,0.8761028701200302,-0.2443353252212018,-0.7304112915384132,3.613651153187409,-1.130199290940987,2.903301125343148,-3.084179984605115,3.547472458927516,1.6835568184853036,0
1.7025855612933116,-2.0222061800232134,-1.5542456942704186,-0.0004869606345208,0.8483576378831943,1.4518636135332097,0.5117234011708119,-1.2759544570196308,-0.40948618006789,0.5022195160869036,0.4863443209720122,0.3857060360211658,0
1.4042974762676148,-0.3845690764320071,3.242195459316085,-1.466600633675192,-0.6639070984004842,-0.5307345314570424,-1.1124870126285584,-1.745550765217316,0.5478167371432204,0.0368983570017013,-0.4131157218027108,0.756643830809205,1
-0.5533134082736789,1.732088369860676,-1.1463470228484511,-0.6678194074817732,-0.6319950325314773,0.6701214038700434,-0.2114963242087029,-0.1059747489325512,0.5205963178293208,-0.6688273109441986,0.2656063962605994,-1.3241941951688032,1
-1.5557282323856028,1.619451240493811,0.895526217222127,-0.7510360255584463,1.3496181343023963,-0.985626330763776,1.5674848499220888,-0.7897606916372434,0.3541200040101207,1.0369260117347627,0.1966674020475453,0.9894237299311688,1
1.8788357769309885,1.245042147440278,-1.6460237500395245,0.6389057136591114,-0.8703459704699197,-0.8179619845863348,-0.2833645579572789,-1.4935295881650816,0.0093541962736879,0.6638929353890152,-0.5917391067520281,1.456528377601515,1
1.6362134247227575,0.815439513645457,-1.4294139774079715,-0.4268494037488582,-0.846004712729764,-0.3270080070577983,0.3586973937428557,0.277675782173881,-0.5496848519445481,-0.4549338710013698,-1.2031900970906946,1.2479175136440206,1
-4.3294262377958255,-5.064437276983784,0.7262567074015582,4.974354276182134,-1.0175247546789996,0.297200930730484,-1.8254119380358325,-0.839227427660121,0.5194976718471013,0.7186145139361688,-0.518001776677238,1.122045794428668,0
0.9030388701174452,0.8154073135815221,1.590151891268926,0.2842182059377743,-1.1833222697295382,0.0508316811816679,-1.17802396564723,-1.5886969194363312,-1.0783360750846849,-0.5492652083958247,0.1669758844040646,0.3556477628404515,1
-2.7066558259874696,1.3569197148144163,-0.638229025748619,0.2792551082032946,-0.1293817368379996,-0.2569861484689916,0.7784528833033706,0.5779358422904843,-1.548295469684156,1.8113737691707548,2.1492804466362365,1.1882645552687034,1
-2.6633776733922456,2.151048015910584,-1.4230313411414215,-0.9152871035214064,-0.8177113632676742,0.5343145990771203,0.7584247683038405,-1.04031016993716,0.0262901600728043,0.4508134497535042,0.7328239091835008,0.2004726148969613,1
1.8499631443504412,1.7374415954882343,2.1202422913236845,3.206614702253639,2.7351712936206733,0.4769448595061094,-0.3431536946269286,-0.0828640625871425,-0.8055137204524077,-0.0819183340228022,-0.8493975195424722,1.5848773213572318,1
2.954087555718015,1.707869129252892,-0.1953953686909806,-0.4842224844121768,-0.2777039978693498,1.1070052910869523,1.096621744595892,0.4615358509349156,-0.272346525946667,-0.2811683633768321,-0.153282293594174,-0.0643163682136942,1
0.6368481237546664,-3.362140028298608,1.1207442837231854,-0.3886684501837065,-2.423435087053566,-1.0630293863359732,-1.864903654575082,0.5003106705738491,0.7748625016919609,1.2186212279990922,1.154462378734868,1.4617165027101393,1
-4.282249904679391,-2.968343110429974,-2.7308260505114905,-0.4473226349126187,-0.6062445146977813,-0.2866023757617728,-0.4431759656477911,0.812543737749157,0.4830567000217962,-0.5584687442882721,-0.0632848790214313,-1.4955009117415818,0
4.995983520061738,0.9603419651503524,-0.2818127694240898,-0.1680805773957086,-0.0903600651633909,0.5160181337668157,-0.6947969539429865,0.5598151844720501,-0.3671001737138462,-1.558895409224202,-0.462379457018396,0.658777519496204,1
-1.3329793951130755,-5.493884109072184,0.0438442690446481,-0.8955192877345846,-1.5026184971422345,-0.2053558427081002,-0.7338339181316214,0.2522824523179948,0.195342801025744,1.746648582145479,1.672140672159553,-0.1653699073050123,0
4.0031213471821,0.7088760373073011,-0.3344564339822625,3.1388909733050085,-0.0752480700650986,0.0379021207713394,-1.372155139888221,-1.1255337705436304,-0.2634826271153194,-0.2994022305008634,0.3089348635173273,0.6316226338495419,1
2.952577447429994,1.3697460574880167,0.0287055051160333,0.030216467039634,0.4721633835948657,0.1897958503522342,-1.2139550560459302,0.1495464978181605,0.3281343660280145,-0.9771555261548348,-1.0790158442856346,0.2517948782390437,1
1.4533587597958573,2.0466180622176893,0.2546589488157993,3.084308398388487,0.3904752719303304,2.2125937532810744,0.5728070460215667,0.1153137708382349,-0.5582103347273324,-0.3792720623851221,0.3549840067141252,-0.1925019020970311,1
1.2664744584881,-1.1595869869820623,-1.5108694783244294,-0.7489626485220574,-0.6597536159939809,-0.2783096236691602,-0.259259977577606,0.7220589395465172,-0.0187739360701586,1.4628497766439212,2.2846476051434106,0.5032965861643327,1
0.6918995653518614,-1.3979541911115243,-1.6848174124023798,-1.2572138730497069,1.1700163872625375,1.4171437165401826,0.7782832299308675,1.0890211470502322,1.1035906352175124,-0.0193453047283778,-2.006260386759104,-0.6760822864672126,0
-3.492879507933369,-0.2838235966653052,-2.468741046763854,-0.8666315487068076,-0.3485242976421921,1.0576416561088435,0.166382626837805,0.2153728199020586,1.0606862707349325,0.2042877968933137,-0.906330557852147,-0.7600297520236308,0
-3.0527460181033823,-4.804150685951811,1.591805586024363,-0.3053158964767447,0.2957566205907482,-0.2545430924195354,0.2413651753713124,0.4083727956435548,0.3221322292465978,0.1098848521517719,-0.9077080719964852,-0.9638330638239136,0
1.374741870921939,1.7092873225990015,0.1350817623329601,3.859111049698217,0.2081938169861068,0.8446464358418339,-0.4673946048573418,-1.0611447460278494,-2.301571111430148,-0.7829166896556989,0.7666719660650577,1.2192869925951897,1
2.9265911862678338,0.7758500173188196,0.3511309216811653,0.3274036009930343,2.025923901458333,-1.6688414268314655,0.8245646906133965,0.5614980317989194,-0.8025337555862696,-0.4571424642731432,-0.3294571838649323,-1.3364830967092658,1
0.7980742744555508,2.2439723619014558,-0.0377572654878721,-0.3865206709083518,0.3030188436626965,0.0168827495109809,0.7122918292980681,-0.7964889116686347,-1.2453950364637438,-0.8255388139117211,1.4974824694283957,-0.5233944522387357,1
-0.6359873463578797,-2.450529095919229,0.8100446187263388,-0.528474201179806,-1.0750826783070386,0.7983953145502332,-0.0946067910661448,-1.8588247535050844,0.4563429302781671,1.064925068004482,-0.0994818057598656,-0.5886384313582494,0
1.690025813753106,0.0327307585831419,1.881034489842788,-1.0189151441056774,-2.185870542323838,0.2313052620209411,-1.2844533307550208,-0.1827016820242094,0.5826416086526913,-1.4735745654499357,-1.1509481368376824,-0.6718545297082589,1
-3.53112232707598,1.8513919153386127,-0.7528339356720904,0.2785584840438451,-0.5244211476796011,-0.5578303870121335,-1.2961505604072965,0.135330962657608,0.2169974946031711,-1.2197164532669214,-0.3820828733836643,0.1685646923499605,1
-3.1969132648216814,2.1379447122412203,-1.1905896080833922,0.6166284360051534,-0.8125497668034211,0.8459958659916617,0.0944148088455668,0.1818976625357096,0.9353161838795192,0.136121459166932,-0.0924815377427065,-0.3696626596064398,1
-2.226773522453007,0.6434445763712809,3.735454175900777,-0.946134242966248,-0.4050090248368096,-0.2902978060037879,-0.4229565027110106,-0.1499194948047561,0.887046117250703,-0.0127016751778938,-0.0127335208171133,-1.2037900658715488,1
2.344112152434996,1.2433929392602268,-0.6966633442562623,-0.1628715603194747,-1.0062581563442097,-0.0477060182618925,-2.725042621993459,0.2529612867262132,0.4307832611721311,-0.2199132346959688,1.8234484186851267,0.3340897112706011,1
-2.17273155832313,1.9049832473256765,-1.0972064470316558,-0.1641374821629558,-1.0303617296325434,0.655080305642676,1.6873073783996235,0.1218476413011678,-0.5711883813237721,-0.0067991071897997,0.0289197925787634,0.3783944814968583,1
-1.2250523748636244,0.2787023921264622,1.4689612430331904,-0.2800538280328175,-2.480376136326031,-0.3572560645550161,-1.033805748375691,-1.5271882790849742,0.2244220239939035,-0.4262150771493556,-0.1961119635292294,0.3916514248970054,1
-2.8632319908313675,2.0639462921338287,-0.2293281143115859,3.262548267445812,0.6214986771312376,0.811920935089695,-0.3040068425480143,0.2297281292920354,0.2323220865348338,-0.0015210933464757,0.1441802004606491,-0.9962357442586448,1
2.3824018249667245,0.9480483287880802,-1.1624900127205768,0.5594761257743734,-0.3902289424609854,-0.6095694463413839,0.9089344422875184,0.5020777176776016,-2.93085480077768,-2.1495483817603245,0.8986300127835993,-2.186678683118771,1
-3.4053518960769096,-2.8220013356076423,-2.4828219831163603,0.8481974920229913,-0.3271796542476742,-0.0836534433644109,-1.178932250686651,0.719276581257824,-0.1642177979155037,-1.0462304861342782,-0.8974129600797992,0.4467758106713334,0
3.4108893353840912,0.4324209553329167,-0.8119243132220091,3.702049913586412,-0.5220466195910733,-0.2611446692005534,-2.619294196500107,1.9340125051835864,0.6310054603626596,0.476390787603173,0.337187543393392,0.0674938428234676,1
2.3963237971288915,0.0356017416570051,1.829638634821167,-0.193369955766015,-1.6392197116227838,0.2071112581876282,1.1685887620591973,-1.6631886680516808,-0.4544398268122374,1.0205497481406136,0.1500025324580735,0.0249836292160825,1
3.141632432696804,-1.9276459869407248,1.2641114916466318,-0.1727465305125683,-2.1276949617021006,-0.7278303126497572,0.5778481519173487,1.89135172005312,-0.6695738179667652,0.9525369659212176,0.8711311613477303,-0.4727488859436694,1
0.4418472199220647,2.1312057086077707,-1.4406860314445975,0.6484413251534936,0.0635910132827912,-1.3203546490830118,0.6657181148432024,0.4605271022836821,-0.4717750679913129,0.0249288716814858,-0.4381499058455242,-1.3375104428653708,1
2.633287338300187,1.7303593222914586,1.569920461170237,-1.711807458974698,2.375606750372681,0.0601894724210071,-0.837950927376983,0.0889140258014143,-0.6086833592882746,-2.0217990186910533,0.0211624419707057,0.5218411561528202,1
-2.3430626480831656,2.239319835906964,-1.2548355668607754,-0.5623567076834008,-0.4590319256276031,1.0455489506487563,0.0837690531824586,-1.0984256469468632,0.7033484613494546,0.5353059037392329,0.6073075200276437,0.0320874741986797,1
-1.464624322286998,-2.5781537926928406,-2.854914781263847,-0.0187198296561463,-0.1035294293939224,-0.115459367519666,-1.572316220280835,0.2206234253245881,0.5335447624279993,-0.6938422822888964,-1.3335825675097908,-0.0418326814478953,0
-0.614956612002344,-1.4643423094565071,-2.427557210507836,-0.9476165085023996,-0.0851256290902168,0.4272625738810264,-1.0255128226590924,1.577285693691164,-0.1322774227377119,0.6520619122787911,0.993632995526541,-1.2443805466035585,0
-0.1532636014805293,-1.0404294281814463,-1.4545350055923496,3.452180041410869,1.457109605125934,2.296332708978615,-0.3279129649960252,-1.691961104573602,-0.0053653725025604,1.4227635190286647,-0.0468757519490963,-0.0557999957898679,0
-0.618809351573445,-3.792153789628348,2.824320980253127,-0.1228097449832822,0.0211849309603603,-0.1672199974033444,1.203584519822849,1.000516335439415,0.3171093100361705,0.2029511581484474,-0.6447028170545337,0.3081046762557269,1
-4.405664382749786,-4.109426082956244,-0.6450861035910148,-0.146665938620554,1.2716602738894478,-1.3566413206068773,-1.5058247491802177,0.9601152214284802,0.8215895728417939,-0.666576609414591,-1.2097234804084227,0.4263622276999971,0
-0.8006481457664045,-1.5198820220411662,2.1740393842833776,-1.5321953015415133,2.042006102334289,6.164170449740048,-0.2774241839922164,-1.0979261377131817,-0.3665772506627268,-0.2836952099329828,-0.4737834063449212,0.2564298458885473,0
0.809009260280296,1.5212530130963295,1.3223130536560517,0.0800562921699009,1.9011267630364983,-0.3702297082595982,0.6792459183999632,0.5051094382015813,-0.1115569479998045,-0.178345444413167,-0.4575364161996209,-0.5778830338384635,1
-0.5363246357109032,1.952885263272788,0.9926151771592944,-1.090605771957059,1.7486979752291234,-0.791816638310738,-0.6782601870447151,0.1706930671701863,1.5236770035805685,-0.4270504632421028,0.0380217860819255,-1.4422794577331073,1
0.2056503395132905,1.8659960663765152,-1.0737077457378978,-0.6237025834913565,-0.7792832909446264,-0.2033389658963893,-1.0633869159468736,-1.249764088532084,0.0800023424197683,-0.1629959935514248,0.1794181041478106,1.1099803797244294,1
0.5690915461440467,1.1433537979746544,0.5378814439124717,3.69275203451379,-0.3274354827990162,0.2015293323207424,0.6447476657699868,0.2626035851284433,0.6506439586572748,1.1687674063924982,-1.136728047419837,-0.4898796434083394,1
0.6710956558735787,-3.264678490890202,-2.215113643211255,0.2976568025568726,0.3174750136091093,0.7020366531330784,0.3259637688934403,0.5279640922734516,-0.4489693627016485,2.128116955422996,1.6341246300061747,1.4038726036847269,0
0.8441519377656774,-3.800222272066149,-2.4157986091909964,-1.056357446279866,0.441382755015677,1.1196067300024308,-0.7927014995523906,1.783010264406757,0.7570748352132911,1.2291193515222285,0.5775723068890483,-0.2306220727386294,0
-1.1946750949983285,-4.84021243601138,1.955282082981392,-0.6252391534895095,0.4478976005019023,-0.2286241657768777,-0.1696309907441805,-1.132508193883868,1.037864465308685,0.9687343319485284,0.0251123932008564,-0.20742947146527,0
-4.612644197998496,-1.1850912080185998,0.7538720537270209,-0.1510596356978343,-1.087731813328359,1.484864505510794,-0.507268612548239,-0.4571574638534626,0.1421723584127032,-0.3826829980489712,-0.1860216082028439,-1.4963805477985743,0
2.583499145324057,-1.081422737429439,-1.547390866496948,-0.1156250960208712,-0.6833611567953674,-0.5681658812364268,-0.4910616709057148,0.742902118583349,1.3594252750824791,-0.4247220401336556,-0.2197558963811357,-1.5996374346333702,1
-5.01799679134264,0.7023866124149764,1.1416129737923224,0.9631940389407668,-2.0265697728594936,0.1633901020581539,0.705783529611845,1.4638490058685725,-1.8305527979296228,1.4746884565449545,1.3673904629945792,0.4027489462982883,1
-1.1434279062822528,-4.862301458848288,1.4274041951597154,0.3609800302966486,-0.5267638507578045,-2.3157927141431878,-1.6813870544644016,-1.3788795970557488,-0.2006890157123856,-0.7079084391193046,-0.1963831164906907,-0.6023388283919126,0
-6.240020963327766,2.0865592756851084,0.1668327829673503,-0.3835161791821041,1.1322280902819375,-1.0506816712655622,0.9749451341622716,0.3981734010060119,0.936183333934786,0.9114438934801248,-0.5604781914442329,0.328469301832937,1
2.6730341795013723,-2.392950025305959,3.01415105612028,-0.5853842954323178,0.1544046254265038,-0.5275363385318,-1.1044948325463948,0.601547746654012,-0.7025660842719968,-1.99446539748854,-0.438750724675174,-0.2125102347137538,1
4.507011036797843,0.1819530269537076,5.28231560450091,-1.398952967037555,1.6547797789578935,2.912744300595594,0.4483786070649079,0.8273486656164624,-0.4214705293072097,-1.2377116902726553,-0.2923428293595267,-0.2854471243924338,1
2.5470417178284857,-1.859611573699761,-0.0614089671145372,-0.8424254663516959,-3.0543043893292348,-0.4869561804397827,1.0845013530583458,1.536277359854259,-0.1819533685526944,1.946046522199381,0.2391080467651287,0.0611722489983663,1
-1.411242272025368,1.3518488309711587,0.7259968153306647,-1.5449286483007156,1.236579587956386,-0.8649556136117085,-0.4717827003179574,1.5703818779142498,1.3476551216562314,1.4329987424467712,0.9435851916710434,-0.069572252378899,1
3.550946316630345,-2.4367168610526964,2.588111656961481,-0.2515518900671646,-1.075047662702096,1.354647469324528,-0.5527459048092834,2.159372855904972,0.0672552618825199,0.3692562442448158,1.32538931378836,-0.2222304961439533,1
2.81409069872234,-1.0907145210483733,-2.207880265569248,-0.1840893249588435,2.1585667972188003,2.4235900840751485,0.0783345163198021,-0.3777426081397906,-1.0601032168226232,-0.3539680222855171,-0.687773600981507,-1.1347255237890448,0
1.373095045618902,1.0563309968739387,-1.7214311228758574,-0.824891743753363,-0.9746211958018182,-0.7449854654666342,1.081220371840839,-1.4395256556992877,-0.2185523126255013,0.9660290888945048,0.370579507238922,-0.14607257037488,1
1.1804932614267616,1.3082088496139372,-1.2244986401876148,0.7821577542997319,-0.7430500891142502,-0.2793216598907604,1.4899210179858158,-0.0430695763995492,-1.0759884520599856,0.1290829138387891,0.0207438215127684,-0.2107521833848326,1
-3.0855749825103764,2.061997655857349,-0.5668174999318054,-0.4617404781576599,-0.1117994498791136,0.7392293533134097,1.2492221819515728,0.0986754321353831,0.7419811818228067,0.807717260988547,-0.5207807644417441,0.7380738036345982,1
-2.000183586220022,-1.1490734077595093,1.2111479757769754,-1.4751799688723306,-0.7073551782592016,1.892181511669636,0.6221458761912844,-1.1737865793844804,-1.4076247696056634,-0.1331645171692314,-0.3029661183667155,-0.981792900071924,0
0.8567741759469398,1.5752042885616278,0.9181429092705712,-0.969539492714982,1.5672266527836671,-1.4620773422431896,-0.80328345955858,-1.2766394484303325,-0.4338164270970299,-0.3864797125230072,0.0817514496077455,0.8822064119563567,1
-0.0166183799567049,-2.967387344230026,0.2931597371300841,-1.187521174101165,-1.027763049708998,0.7444074024610011,0.2717135858798935,-0.3874299788591194,0.575433427466381,0.5704851336460237,-1.3004024203196385,-1.1916088902335216,0
1.8142077620879211,2.0239810972667764,-0.2772315827535443,0.4129582803027086,-0.2151317189256122,0.8421489123943442,-0.9927500104774624,0.3593977883997807,-0.621136149574937,-1.5429016808504552,-0.5043301234160028,0.4304393361033772,1
2.106166270555012,0.1494204601222823,1.824605265643372,-1.0435179769817111,-2.0468463021220216,-0.0840380438285079,0.379006993444727,-1.7069620836092234,0.6448040701553913,1.004853574340254,0.158340300262351,-0.5241954744692621,1
1.5156601013880664,1.3940315716111389,-0.0938574973244555,-1.2682729233392975,0.2423814887693416,0.4462833670089828,-0.2176534594934305,-1.271884375714062,-0.0605172051112693,-0.3822332687326949,-0.060293633502859,1.7798827316540613,1
-4.347617236981937,-2.501576883230571,-2.853210958729048,0.2370826058795587,-0.2112727676769948,0.3920619916250606,0.8087959041711857,0.7987929487692914,0.4742502395381581,0.7607785505761804,-0.8371236902417802,0.2476559440372598,0
-3.6890112949006473,-0.2099294636143159,0.2297461956334949,-1.0277825000660634,2.806209651941272,0.9161024106247804,1.1779154782124486,-0.151496821472027,-0.0504170047124161,0.5103633652198212,-0.685114144307827,0.5916766957476587,0
-6.283380681923581,2.5222934919892164,0.5638738041236343,-0.3755355935650189,0.9449840751371644,-1.382385498062762,-0.5390482439246022,0.3851855495426303,0.0277260995037492,-0.7194127474423619,-0.5656547112778665,1.0575745576820168,1
1.3569061179012378,-0.6801332613626732,2.493076760344546,-1.1138040563647609,0.8111681172631924,0.0685420200667469,0.0715031169838541,0.4870776261239193,0.3976548106750138,-0.7205294516043275,-0.187146781495864,-1.0846626270792454,1
2.2846811485287053,0.6142918400809235,-0.1257035810519177,3.626498472550381,-0.8641441328549943,-1.125357411750505,-0.0995817811568851,1.693846120997211,-1.188157116613735,1.9805283143230303,0.5131536550782618,-1.360626393554791,1
1.0356277603136912,0.8003071350573223,0.5699483758643712,0.206228838395635,0.452865038588379,-2.569242870933523,-2.2016511100135183,1.905048323191237,0.9867416176790303,0.4143585191750852,0.0513853969160651,-0.0088039154891185,1
1.3039629799406862,0.5939939139599624,1.1197726411737725,-1.0145888605819138,-1.8394157799332176,-0.1713051103018876,1.8245248439232515,0.0327577107106405,-0.618444494728036,0.6222419710900058,-0.87264696222842,-0.2983595907142498,1
0.3265522653951822,-2.00926838453198,3.542283045053709,-0.2459725487691557,1.8028644686288489,2.261816652065626,0.6750232122812327,-1.4382749131826689,-0.8536219905886356,0.5591300000415622,0.3400306315278286,0.8614062201508589,0
-0.7648509811430492,1.3957102578313347,-1.6213647288727275,-0.3008661055575783,-1.3575931497446587,-1.4145051597069438,-1.6058728835950855,-1.2850226157404203,-0.1964843916034497,-0.7429807532383365,0.4512059671875834,-0.176570556932873,1
-4.822758997251723,-1.8220545583779533,-0.7488396054599213,-0.1313542130871429,2.2401338335423517,-1.025232735750909,-0.8199178770383198,-0.8746046783865872,0.6814135549108878,0.6504632615358715,0.4604033513395311,-0.7674271013618964,0
3.744697149092097,2.0001791212845936,0.769691254716679,2.726187616087808,0.5077814145789383,1.8912011139976035,-0.8131074545262961,-1.1353626991110604,0.5737852268785536,0.3324064616470845,1.03579696812197,-0.4572728353926662,1
2.062986837703697,0.0430185109919661,2.3920215450430624,0.2594616322769671,-1.2342982014456445,1.0289279970239034,0.5074681953869308,-1.6502918399891409,-0.447797875972312,0.5406863964509494,0.4130187328135459,-0.2556169982825827,1
-5.205724377468155,2.621366175809204,-1.7885304729634488,-0.1948997127725451,-1.052564576048521,0.1468135595007554,-2.023652535632075,0.6139814639934588,0.0943362792533562,0.8389075476854151,1.6213013946330697,1.697741797656272,1
-1.7187848829292027,1.856920642546318,1.099980868170099,-0.0936213137157853,1.4222970592405288,-1.1105050755663268,0.7455087917157871,-0.8216258877577277,-0.1954071969730919,0.0693653869732225,0.7227897466770824,-0.1861853970306663,1
1.7714462067811034,1.5285756057838031,-0.8126843017809343,-0.9583671089664466,-0.283859716529994,0.994133079759418,0.1632045841127191,-1.262669599732385,0.3631642151531782,-0.089148825029081,0.8045259596010932,-0.3991321494173787,1
1.685330897441519,-1.981474258755651,-1.8063358154518552,-1.370296264109549,1.5377406783538197,2.1615609259461266,-1.3918130721540585,-1.96838614426986,0.4078134637557802,-0.0209423115648266,0.5233021308287142,-1.365195786692827,0
-1.920735299267424,2.790131597821315,0.5695365001480547,3.928136538335026,1.1479147068835127,1.5257812250713536,0.0511768482412399,0.5646285487388861,-0.8293060086945985,-0.6272362314553451,0.713658352190444,-0.5383346796246739,1
-1.8464995714930592,1.9096059055847527,-0.9225611653818508,-0.285968714610323,-0.2756534336211876,-1.3270959344928717,-1.3989716126491094,-1.172499707936412,-0.561227838503902,-0.6613888316738743,0.4532776282244794,0.2183750273984369,1
4.576983951762054,1.0056055179384158,1.6846687299833818,-0.9747087730450632,2.464698937385507,0.6315752342280111,0.208081068602543,0.3964620225877296,0.6775698045538013,-0.2914841389048821,-0.4535949170435184,-0.5279376381898363,1
-2.341246554995242,1.8242946810923932,-0.2648785800271206,0.1995395297879958,0.0004105355778571,-0.1451598171056916,0.7793550823493578,0.2481344566068868,-1.0817321377714824,-0.4450546015143846,0.5551424059427132,-0.4745449455206745,1
-0.7045992659415179,-5.476988647872694,1.7969980927779343,-0.7899854818331646,0.8340291388860481,0.2875945479278448,-0.6284842885684437,0.2529525658083068,1.2479937642537549,-0.0214907099369815,-0.986292697787635,-1.401934132838802,0
3.5353330689849214,1.1319980026869652,-0.0720310568616015,3.975018854744101,0.599867007938157,2.3782303169498986,0.5040937644214366,0.4239002972700087,0.9692213064867912,0.5712872609628968,-0.998663320181172,0.0371657575828911,1
-1.3332012890602434,1.49236701933047,0.8232286806214758,-0.9352623392394004,1.2427017177268531,-0.7646724501194312,0.1002308216028163,1.6768734255985491,1.1622914995933569,1.7752576892940128,0.7689724814098128,0.5950217758503414,1
-1.8656357530648668,1.4986936860667248,0.5326750482243328,0.1460515950255989,1.050678770250453,-1.8599406589341752,1.815677497533244,0.0490615424119039,-0.1609826169855966,1.1132821051149595,-0.6883709730719817,0.3715275707930196,1
-0.6958396648828781,-0.1272436509902015,1.88913867062344,0.3794036426702134,-2.1886419502756445,-0.6557661156577735,0.8744494650917367,-1.2410501192192969,-2.257327155248144,-0.6938462056179838,1.3980528887131116,-1.183485884849413,1
0.314019338458136,0.2836582162386278,1.6509662400796146,-0.1836889839300056,-1.946602038690577,-0.1289247916985186,0.471724210962714,-1.6271962669089992,-0.2939327092726858,0.682703000929546,0.3959837972541347,-0.6995278528746919,1
1.6031999957844931,1.5477172584928878,-1.0918319657325477,-1.3679430451200187,-0.787480902508774,0.0864172325267677,-0.5980171121699336,-1.2819756546718255,0.7866757854950022,-0.4684595268398684,1.03027359034919,-1.4911214224359155,1
2.981141277840532,1.0170979411475565,-0.9633267480261992,3.810470356211472,0.1294890791059778,0.0256676563000745,-1.0897039298763032,-1.2574134465984188,0.6965469392472595,0.7442454645885862,0.5851860249323833,-1.520916765838217,1
-3.3898305001322395,-3.4883846546132498,-3.306060437646385,0.1296472049588995,-0.0781007617151173,-0.5689629280827441,1.4090103647783396,-0.5301301670330256,-1.0882964280100893,0.8107220758680749,0.6765731146795385,0.7635629018103612,0
-1.9657749119760493,0.9080297442860146,2.260424797009814,-0.3623252767329979,-1.3684381961135366,1.178435923158115,0.80794950596264,-0.1436169650322791,-1.419312506581792,-0.4946257284079094,0.4931302698856433,-0.4664815310429474,1
-1.990950405724125,-3.3440574808930545,-1.8094980233548368,0.4992346676898119,1.5304320798718474,0.412588843757198,0.4755257124351094,-0.8609600717951674,-1.1072204192712976,0.2173921201629609,0.7459800460265263,0.1092024181874265,0
1.9924900671691823,-0.6018901967329813,1.294558522481685,-1.139511340780004,0.8978878771431628,-0.5371080315774266,2.182788332335314,1.1165469457034691,0.0943248747682177,0.4199522035969762,-1.2837935895591446,0.5312830279597281,1
1.859053075190971,1.4005926703133094,-0.7759751821991381,-0.7629417713085237,-0.4231081165532436,0.8488467140110229,-1.2566424054566585,0.3093219826500412,0.3857436650350797,0.6435664680443893,2.4198994783833507,-0.5548085557406316,1
0.7448979516531261,-2.7618127091638,-2.7369998567748044,0.2393577506789075,-0.268274998274903,-0.2958087767372014,1.4121040058303054,-0.7773163748491791,-0.0878773280566724,1.224360545730255,-0.5051492486416452,0.342190078404991,0
-3.5949367142311672,-3.805324165710645,-1.263041418977929,-0.3232528749051273,1.5309792057884417,-1.5004847455400847,0.7100817279455449,2.740882099109947,-0.7030561093528902,1.253930826571502,0.8987347365340824,0.6189011449668191,0
0.6664588513044375,-4.354677536307024,1.7499947031789769,-0.249406408184531,-0.1902856745640927,-1.7053524741331996,-0.4498477880501633,-1.6909424291644966,-1.323637185092882,-0.5571128025855288,-0.3399343826435327,0.1843183096741303,0
3.4895324470111024,1.3839300089697164,-4.131609169674026,0.6433495172126886,0.563529237085381,-2.0989635106384235,0.927235301408446,0.8015342403963028,-1.9601181805231636,-0.0551822302868937,-1.1519567260514882,1.1018225512971644,1
4.236706019991289,0.2712559728527188,5.32154792921586,-2.455044192880915,1.0143842981659728,2.480320795025793,0.7532474485780738,0.8844509086455487,-0.8487942055116044,-1.2704211647808297,-1.139742047477312,2.534064439193202,1
-6.298667675511096,2.8307359630062914,-1.004572962103645,0.4738072719413957,-0.3953909863886594,0.0354676831469946,-0.5275884958289625,0.1600974794570565,0.2265785119580263,-0.1748073476813742,-0.873962610712025,1.4825013392414828,1
0.618285369317667,-0.4713857895498968,2.7406947029412985,3.132110156834885,0.8867770107314301,0.4732168648850778,-0.2808819104719343,1.4598924862588758,0.5741681456490264,-0.1654278140688642,-2.415134826183688,1.1436440840702653,1
0.3059499269397551,1.5489391258826042,-0.4123782177219514,-0.6050260179024942,-0.1800454400001373,-0.3147636900073384,0.7443255374317831,-0.2407510913770246,-0.7868881144644645,0.011795704667018,-0.9765724978700768,2.029038574896889,1
2.9042955694812345,-0.8922239720381583,-1.783119506747826,-0.3805983228984637,-0.793693643033369,-0.6793664747550897,-0.615626046905515,0.3056821370422726,0.7171251275871529,-0.4523092804682067,-1.3820231462943664,0.5701966782769151,1
0.2395598412335562,1.630074577335507,-1.4576173966644064,-0.6215042673484475,-1.244592272286842,-1.059735606436838,-0.7513516771637284,-1.379076988999387,-0.4381844087816395,-0.305199984179939,0.1815295749669306,0.6838548043115861,1
-1.602796248263349,0.9374088488940376,2.370568272615828,0.210603471544064,-1.4859878533112787,1.7624807722629612,0.2190715081281591,-0.2752150480653885,0.1288419119980084,-0.3378523070045459,-0.0600010569389214,-0.6737346803543748,1
1.1521899083027207,1.945350936494219,-0.44467457027073,-1.5060565924446037,-0.1325820419080303,1.6878412671356675,-0.2620337759514385,0.3997169745010995,0.5101633008267004,-1.2924004716976687,0.1913144241090818,-1.3209982329642616,1
3.80791838992277,-1.9843277304280724,1.9863734779189088,3.101529966313429,-1.5596149693458454,0.1814733724594633,-0.4362462675235467,0.0479712675842495,0.6773577719648857,0.3877255220808671,-1.9272575385565096,0.8005411397956179,1
2.748480159412975,1.5011876582715338,-0.3945685890637989,-1.3122021452692507,-0.2204446282767088,1.6903811588341573,-0.6010655414736041,0.7559950208985595,1.5530934606953144,-1.1424734533959884,-0.5644639002834511,-1.7022157511708516,1
0.9122360414391328,1.7864098992103024,-1.03489777667745,0.8293135392637728,-0.4189984643085368,0.3006514156253809,0.3256091015084492,0.3923308083637747,-0.2881465150937765,-0.392413049704103,-0.2099876822666881,-1.1175065427705115,1
-0.2477400219011724,-2.567775274647913,-0.4807085499287569,-0.6251400313478646,2.708492822212913,-0.3392863941989985,0.0625265149175759,-1.430006275136066,-0.7952829142257405,0.1025507833892279,0.484046504659132,-0.8107915916960096,0
-3.075807150376266,1.875190563653956,0.1528101674574212,-0.0561456965561885,1.7554778097369004,-1.6223938420003936,0.9274905273173863,0.2050061794906688,-0.5067508315834554,0.4688051297431189,-0.1442682998331349,-0.3612846590121682,1
3.1373229202217496,1.6372376615034192,-0.3693587603269482,0.5076402157143965,-0.3403146769725253,0.7467234391988875,1.1293558453008974,-0.1161523658453416,-0.3388908765560321,0.1703092097416867,-0.0482023700300983,0.0848201217703803,1
0.6741501676883213,1.38080297782883,0.8120633291572585,-0.6498336270432398,1.0454140520637962,-1.357760818467067,-0.2525517983574,3.043814705463039,0.2089330977948964,0.4575424475304764,0.2685856961448064,-1.2030585309372064,1
-3.5153791545535653,1.8902626624316856,-1.0940144422441755,0.2845549900750699,-0.4991862615380096,-0.3133240395363977,0.6801762756004334,0.632894001913135,-0.3216653507802476,-0.2101403180453388,-1.4326265592237426,1.84164239854514,1
2.035858555114927,-0.1027855225528083,1.7736857613895216,-0.5858911122142547,-2.0842068876585507,0.3180658483007834,1.1365838015198564,-0.2283931143538365,0.6501837392614592,0.8303651573233981,-1.2767122330056393,-0.5063700735318454,1
-0.5677647423966669,-2.2220290631331645,-2.2659616644205376,-0.6879458867450089,0.9724200192696048,2.475177654024649,0.99067629372798,1.3224695037366725,0.1416313961943055,-0.512135965016668,-1.5651159476496015,-0.2897564971866793,0
1.104904452981752,-2.371159473751148,-3.09000566053748,0.4384608512240145,0.1288220546208482,-0.4023206993983784,-0.9853465444090448,0.1070518282108473,0.2867202250634534,-0.2887293424616235,-1.6680757006916282,0.2332968373224679,0
-0.7699561248121984,0.5712670634106396,1.99153383133722,-0.2858828066399703,-1.9830945866344023,0.6189774001923782,-1.2393255026469154,2.047273286741702,-0.823467127452779,-0.0276597435521776,0.0225944420677238,0.7628163796223653,1
-0.9221713479487448,1.5430306827535123,-0.8530784828521836,0.854596156815902,-0.1274265755792158,-1.1984008241459398,-0.4913922585986181,0.0228628881521197,-1.3594688904466314,-1.1010061880612942,-0.2680429173383662,0.3577043374276686,1
1.2903255660651292,-2.524117474932974,1.269703139070358,0.1913701704153667,-1.8519574908721756,-0.7248765499076851,-1.4081652973267886,0.5051622421122273,0.1473411365977541,-1.4200785926459798,-0.7834075686332915,-0.462682983170216,1
-2.081552888477204,2.3427000120812487,1.5746436088384212,-0.0503600777402441,1.731413259577179,-0.2562271538515875,0.2010622681971732,0.4493718770565205,0.5090578490774043,-0.4635766741920938,0.2181382280017246,-0.4751619442540379,1
-1.0731874645119048,-3.4828830360537184,1.4427601734577322,-0.150486890192384,1.353244833771774,-0.3727726254253961,-1.1715888216158026,0.301210329925374,-3.337431004831622,-0.8899844343320369,2.236498877308492,0.9950800119503348,0
3.779376527933837,-0.2574274408471524,1.9451719784827413,0.0621330118518105,1.2318062542995227,-0.3108861250360061,-0.64344669803901,0.2948907789055908,0.6728732342504016,-0.6058077329001862,-1.4799896312031393,0.943605168767955,1
-4.757087572777165,-0.939488189466328,-0.567841306626745,-0.8837873266703666,1.561218840395195,-0.990321382005405,-1.7499316147693973,0.0860928232506838,1.2176133608251942,-0.7318897701581689,-0.9402705872948234,0.227778884730365,0
1.8431137624861464,2.1331033641219546,1.6459063685703914,2.79511001384009,2.5011567809526905,-0.7313830986162635,-1.4720527262374128,-0.0636998948467024,0.2706716743532532,-0.231344717576893,-0.7898010327979705,0.3916775623245349,1
0.6875611680042841,1.603246821112165,-1.5553117862824224,-0.2522525920158496,-1.319437757691465,-1.1692181802176216,-1.514650449253058,0.1597515700465789,-0.6477175603219033,0.843958809979756,1.5288152245302915,1.133815332129516,1
-5.154495480137159,-1.0882484285002052,-2.4963604058699893,0.0733093937015089,-0.0996866405495795,0.9334764295739206,-0.8220412881081038,0.2958158053769006,1.1575757630206764,-0.2406824713416529,0.0444088301071656,-1.0068520486750083,0
3.135423233919975,-1.2359460130116386,2.137759142804301,2.929804925198769,-1.7663039668478422,0.0382643249856905,-1.1898623734616087,-0.102734197632757,0.8285794996394857,-0.0082799008883019,-1.6903342207199517,-0.1008016594274642,1
2.167024619662014,1.5385498179525936,0.1209808512394476,-1.150328838208779,0.5730216310080013,1.2135201162211424,1.0021437084541471,-0.1785830814662186,0.2759715373309992,-0.094772296333635,-0.1711558115349191,0.0498336981782396,1
-1.498505366867598,-3.991857048459139,-2.9921168239675278,0.8403915242677087,-0.3345021073242827,-1.3915588204936191,-1.662189808207214,-0.7086324013024705,-0.6152738671547472,-1.0820386445579515,0.5333322474884366,0.0522136206242864,0
0.0801086172986445,-3.856955371385707,2.158675340839778,-0.34962839303747,-0.9943163160161164,-1.1747045775962146,-0.616766306050537,2.191219210724913,1.4190169017599654,1.430583433762526,0.4613028632219202,-0.5164832480874673,1
-4.232029550115247,2.000526354316884,-0.73447811605192,1.21888875018577,-0.4705816558395391,-0.8936102244563143,-0.5914361348605993,0.1164749423784719,-0.0381434814259517,-0.4039808931720311,0.377439990537994,-1.769290875904409,1
2.0233853799075687,1.049854888510186,-1.1229771192371392,3.6941942704265873,-0.7601067464071817,-0.6631323459806977,-1.1387671208360788,0.1255335421741499,-0.0998955072275517,-0.4754684004597196,-1.206053827844518,-0.4064959268979266,1
-2.616122814310509,-4.953323517269693,-0.0312130216762509,-0.102660500419677,-2.553229896405317,-1.809632584018648,0.9539853009746114,2.2733908506948377,-3.1887644887037685,-0.4758676580647522,1.8849057165774536,-1.3926279490457805,0
3.873114578891564,0.9290334122837772,-0.9018360837133648,-0.289895324631222,-0.5922767861084335,0.2768476230245293,0.2175308067911257,0.8212413477007915,0.3375490343063605,1.9930090111006888,1.346537744224754,0.8011387213578152,1
-3.2937409762798358,-3.554981434999995,-3.054064066639466,0.9632892725387212,-0.2213993143511643,-0.2279452795949108,0.3493944744080809,0.918480533265082,-0.5667501930033005,-0.0842153565687176,-1.3913764547681875,1.982290658862648,0
2.404902864577073,1.721042183834928,-0.7544729017359547,-1.5930432696525971,-0.2600501171265679,1.0026415852190778,-0.9447213932508182,-1.4252373936199454,1.3419764495409547,-0.2741857732796017,0.8496191851768056,-1.270729213855173,1
-1.741108012430041,1.9000979455800036,-0.6215635205083563,4.044263325329101,0.5836483662031525,-0.0475763627065117,0.2325489572294798,-1.1576967450174784,0.0539951734989084,1.751485795328248,0.1097990239177237,-0.0213221454893666,1
3.588627865959872,0.1365344213563705,-1.0298264119246312,-0.662576632514427,-0.3427223420371688,0.6733173191870043,0.6170889207440337,1.8215053994035912,-0.3308100663989666,1.2355790648854543,0.808588540586091,0.4481886876232517,1
1.8849439744622776,0.8329254427585358,0.4876209994364066,-0.483975373998924,0.3243924692748471,-2.2765610137750847,-0.5367895937834899,0.2054923516574614,1.0177592712020174,-0.212314947905236,-1.659678405465756,0.3028805762828568,1
-2.184347891009206,-0.2280901641686839,0.3301343912600756,-2.1992122461858408,2.431403901139881,0.0061545611990609,-2.346975372105593,1.4034368059022084,0.0641544315472364,-0.3813597583586233,0.9389868416636786,0.6961371800290777,0
2.984345190269946,0.4360674439914661,0.6100727647381167,-0.4404512353845122,1.3901503679174465,-1.365604482538784,0.1932198560560435,0.3640575746010804,0.4273747013642695,-0.3690177624098401,-0.4972403379573712,-1.5850531437544404,1
-5.297248490321104,-3.2469756400062253,2.2488710801679543,-0.293865568480353,0.6577410000801088,0.4629682641197748,-0.4198706687547084,-1.0254805877971545,-0.1948241153827848,0.2492395695455288,0.6910537173744524,-0.4186718148834152,0
-0.6861442906705222,1.6085179384178747,-0.9663864151401412,-0.3143107470756402,-0.8739541667313062,0.8024262863417171,-1.971919772444788,1.403637183650056,0.6796327589730059,0.2363235254402408,0.7236850491173028,1.2690507375567184,1
1.2424019681415612,-1.723067964697825,3.1600221365058205,-0.5731134536410311,-0.5353697856001329,-0.7832548750499321,-0.7686708260757684,0.3399774106942923,0.860757117667765,-0.5056662763252012,-1.454570165997173,0.6063341710322517,1
-5.351353951448712,2.219433825032249,0.6413780196154132,-0.5556685949346823,1.4963549633781907,-0.4042514480893768,0.7227545662408899,0.3370258535224359,0.9065689688710042,0.623306050492837,-0.4067127142408014,0.2704905399535058,1
-2.182464541238077,-6.3630576361754745,1.8864820190907223,4.491448927581385,0.4832548376286525,-0.4454431450176941,2.154708610540091,0.6311136137179372,3.733780741776109,-1.046696299962812,4.377959307702175,2.3849378732560877,0
-0.3763781097278124,-0.7892786080519908,-1.9349212904436712,-0.6289015820241048,0.1121605319107804,0.532396409235149,-0.129627305706048,0.2223402024115146,-0.7609798408002445,-1.062320108896773,0.084902680113387,-1.816594292153896,0
-3.224659571554714,1.884874008647581,-0.4478210141408308,0.9903133070283828,0.196563726858499,0.6326493641293385,0.995620158941612,-0.8262380345429425,-0.1472874515538445,0.7313147370057649,0.4627296539605714,0.7807481490239704,1
2.7730618970594447,-1.434790662116605,3.561365775618033,-0.0219196430617441,-0.3760532437248309,-0.4998193686098616,-0.8176499981467015,0.2274373509367397,0.8527996898690319,-0.5674819292020444,-1.5288068454182182,0.5749286556222846,1
3.3534235357079054,-2.2341620029632887,1.9004471611547755,-0.0325983714605929,-2.063236686884887,-0.2916869224056323,-0.9180661630499888,0.1058819926919776,-0.3112713384949968,1.1935746049568368,1.0118831342026378,1.987448405491257,1
1.9961259722406477,-2.355662332318516,1.1431967011847473,0.0567868673655461,-0.059011756843039,-1.8379395262913212,0.5259778366288314,0.5219040522455071,1.547130147450751,0.5728788514075196,-1.1921225818639012,-0.9572318642129504,1
-1.5846921777299503,1.400692981839364,-0.7723527585590332,-0.8611872633976263,-0.4070979803380625,-0.3155503389043743,-0.0805115763406286,-0.0645995981825137,0.7694194604938001,-0.4214507232946073,0.0578060367695881,-1.39000035040961,1
2.1277127518653347,1.1999336633366833,1.263033475055262,-0.978121980133191,2.0100910994247307,-0.3787323793031436,-0.1347979216166651,0.3865814308395334,0.8851216223179442,-0.240763864505378,-0.4699646568952794,-1.15910215143384,1
1.4407427696540376,1.0928255754774232,0.5253809108522409,-1.5497072010929671,1.3596227062444333,-1.862429766955154,0.5606971159848784,-1.1811116578112344,0.105943742576263,0.5775423073349362,0.5572761120079514,-0.5584901240067985,1
0.3752028040985619,1.619238237702565,0.916751586475404,-0.8515420294488824,0.9588961158197968,-1.5670713107968477,0.4894460147002143,0.4535408225962295,-0.3284133157194474,-0.3427129683243812,-1.3097399305140125,1.4015149576534571,1
3.6978154551089406,0.7075440885524986,-1.113672009364754,-1.233977801626189,-0.0557390399321205,0.3628973020270192,0.4036548136849595,-1.2655002008900331,0.4348567275006956,0.711786780605288,0.5851867189520604,-0.0004988383281724,1
-0.954542141877553,-0.4769888066811906,-2.0335812378551306,-0.6169450324444089,0.2014602989518581,1.4854607642085886,0.3762586056231655,-1.4971138686286671,0.7844102449644211,1.0091346636313314,-0.0546918267293341,0.2916257272813873,0
3.760728623460187,0.4110728128219079,-0.5994720754075671,0.2134507791516176,1.7187648472409895,-2.0996828866668102,1.9756205388539532,0.6018597972956207,-0.4013881316538337,0.834256985090496,-1.080804199525952,-0.133806855111875,1
-1.8526191167073949,2.20624523166032,-1.3010304244671775,-0.7484801288705087,-0.3360810737476467,0.5472119147113165,0.7487996408527298,-0.9137950118485804,-1.541200981338992,-0.7321159996273602,1.5199177478102517,-0.433504742063055,1
2.069788880661892,1.268137926104835,-0.5958304700584468,3.337943526928099,-0.6821686875390445,-0.380237901375545,-1.6929012491553896,-0.2646982547475784,0.0016497818532209,-0.7666096286805911,-0.4488577308613051,-0.4605058398800111,1
3.716427860348365,1.4612897865139802,1.9798378951535864,-1.3871062971004668,1.99185236319098,1.1717605293032118,-0.3315632036268732,2.19878582140997,1.1780528310290603,0.6678865601247871,0.9363077598677696,0.4647425039835974,1
-0.4266430105982725,1.631364840721494,1.204245441982153,-0.6773041217642802,1.5930175802941586,-1.0888063499511322,0.3493090793458178,0.1477032534016254,0.7873246305032131,0.3851029617069561,-0.1818368341163949,-0.4033517272157926,1
2.130327791231704,1.3111041228668738,-1.294495426034888,0.3052106647812601,-0.631785869087978,-0.0466291189816439,0.3756304630730303,-0.3441850870288673,0.5814027544084176,0.4995773386904228,-0.4029183454176122,-0.7450511454217689,1
2.141057530866001,-0.0925406947618632,2.0094679594660927,0.0279403710715195,-2.1016427668320445,-0.0082892234378132,1.5444712404417316,0.0692335580002064,-0.797782731668157,-0.0210165358266744,-0.6125181081669276,-0.7093036575627346,1
1.8484764974956285,1.068833422665448,-1.0150264032347904,-1.236546260700345,-0.5276229832860725,0.3304501767606358,0.0159255339528181,-1.5281837561248084,0.6473363858945492,0.6456816425825986,0.511727031050515,-0.4787023322473262,1
0.3989063613692918,0.1651656637023254,1.9423587991438875,-0.1955975979301533,-2.1005501003887628,-0.0290858517998858,0.2669263228723547,-1.6810316415012163,-0.0852340834146915,0.5692060470399339,0.418445600494327,-0.8610361893947202,1
2.558672225563447,0.4300577804024427,-1.5385922808026595,-1.0008776347271875,-0.8792382262237856,-0.23748901005883,0.4634790053545686,0.0261377207033405,0.9534988462722632,0.333222432845143,-0.8403174428324157,-1.1066689484353205,1
2.164252997227321,1.3446433613536748,-0.7102041155778238,-0.4063923963591363,-0.3081959486894221,1.4019538236193154,0.3816031384796074,-0.2687437338651428,1.1562336275898886,0.1502062860040118,-0.3976861408301251,-0.2736023426839399,1
0.3227477993084364,0.4368124756024683,1.9828298877334989,-0.6606160915655063,-2.216771419902965,0.1668074489955591,0.3342088512708588,-1.6870189808396334,-0.0942566634490571,0.9074102424173724,-0.725730281592266,2.238572903698713,1
-3.366976166619592,2.069130947768536,-0.2816443217879672,0.8386287000066426,-0.0964041111546429,0.482582350761464,0.6685127619594431,2.201874326155544,-0.8524636474490207,1.4739617199660295,0.9336697031548962,0.908701624047978,1
-1.087170579482885,1.0848409399522256,0.3734856357226396,0.9259901388561228,1.5263729447623862,-1.5936774364859063,1.823809322311997,0.5927288448544878,-0.2942906582916001,0.9241961212372888,-1.1287596238858149,0.1913973233904968,1
-1.6607416362824794,2.1657025838628456,2.221216189441943,1.8864605291045515,1.9954102492333423,0.1840920782798424,-0.3757441079842554,2.656926564808964,-0.9209287236599512,-0.1036561331927254,1.9267038807974497,-0.4837299686247561,1
2.207909023842853,1.385312058313961,-1.0577080383468196,-0.6511540289153293,-1.124648305252326,-0.6014523389631501,-0.7129584567167795,-1.495679970927013,0.3833084373106205,0.1700932162868919,-0.2223256023299837,1.137434210076162,1
1.7150635779559282,-0.1875924281400802,2.066542005422624,-0.5720647594960699,-2.449021510903047,-0.4725708022849679,-0.187151944778403,-0.0126418044669343,-0.8199811674473692,-1.227370576465592,-0.9262034465869086,0.0731389216736086,1
2.7537034527028643,1.038748475893252,-0.8656483506446968,-0.1722805097096994,-0.6118746068681747,0.4765390027265229,1.5598925956917395,0.2196583929511242,-0.1941226994412051,0.3202621255789991,-0.7123925506429669,0.0193736527944286,1
1.85183828455562,1.2261029929891036,0.7291535715797315,-0.3645122031304116,0.7562767607274413,-1.162599155347387,-1.1516200853925989,1.428540407229112,1.6406050731729154,-1.3799155994376675,-2.129746887913396,-0.4717316056530152,1
2.4740594897307364,0.0978143694904992,0.0706863979487255,-0.9903663283473572,0.9928098646721096,-1.9824973706810756,1.0508814875997583,0.4472059317144012,0.3893762571916206,0.2161942200076474,-0.7702055296163033,-0.9314003317378944,1
-2.568424587908093,-0.5664121387795589,-1.2836364294217617,0.5081325299986075,1.7919862328481997,1.4393112203563754,0.5287255825300199,0.3354907190703097,-1.6133777386596884,-0.5798008814686217,-0.1978385156791959,-0.6469640361903028,0
-2.73159993805913,0.9486122163807648,0.1230074377697027,0.2504988308360586,-1.8533989271513684,1.1282631739589877,-0.5446348794871282,1.2504592789180888,0.2039580768207081,1.6028745759401486,1.189740063127864,0.1086745865195642,1
-0.916528716036988,-3.50344750888392,-3.150479140628138,-0.1759804499198855,-0.5416055509159471,-1.115387651034568,-1.3562453705144797,-1.1904962436473825,0.7244460704242622,0.2362700470188007,-0.4284591302075455,0.757625059320133,0
-0.3671494253084011,-0.0499412843171094,-1.815005138480689,0.479982009026377,0.4385955828199122,1.2200107009133407,0.2809043463604881,0.0169398687598525,-0.5415182598391896,-0.1503902292874841,-0.5799176894347511,-0.9850905789241002,0
3.297546729527016,-1.4029316379981993,1.040159889672548,-2.257930056628936,5.476877863265985,4.087299010654914,-2.687389719449583,1.031785792836578,-0.943630983175633,-0.5093606398285648,0.3199383270678878,1.2903473785673891,0
-4.488961689501938,2.136893359614468,-0.9956312195899736,-1.118608587547264,-0.3321216487369082,-0.3065986224233184,-0.2088559019581398,-0.9435062441567228,0.3292245193034852,-0.0453700452585938,1.0118797178193264,-0.8342090513624898,1
2.042514110103409,-0.2566406140282872,0.1523134125539847,-0.4762208346352825,0.838175445377474,-2.136553365502952,-0.7813851743652224,1.4433854991701769,0.4982212459782668,1.011333582256453,1.213148903171669,-1.1953955265326917,1
1.2651099108842727,2.177993029474089,4.722079786574809,-2.36811807189706,0.4150535454474376,5.424057196269895,-1.0226865324054226,1.6631075331183975,-0.0115026871668523,-0.1494980324733226,2.4203695714746454,1.1572693012105233,1
0.7499523308299024,1.6567823195837423,-0.3830787071422154,0.5705581928434735,-0.0149034773580398,-0.2746970405003119,0.5673811829512775,0.3398492861758015,-0.813853589550144,-0.2766167659170326,-1.3456058264752493,1.630550265144151,1
2.957877094484506,1.716412134267192,-2.367209761480584,0.3913139271886153,-0.1436921683219487,-0.7394715916727362,0.8633129944100248,0.4309655367005147,0.0156474112504456,0.5263080418804597,-0.7112534616938928,-0.8272406958406381,1
0.8504336486743114,1.8841376795418392,-0.1653108648805072,0.5321612341099743,0.2631385305099408,0.5966712922506864,1.0268911664411169,0.0129383119050832,0.1926652923614671,0.1208644441360165,-0.291807786303585,0.0109798254936272,1
1.1769748252959693,1.4083570485697117,-0.2579841814800442,3.274626081146343,-0.1274313810933328,0.9212529773071698,-1.0740774540884437,-1.465579791177598,0.1014456485601934,0.5823286434482713,-0.3202948188318716,1.4387369364530709,1
3.669989930818794,-0.4828182423246818,-1.6476660754850327,-0.2841903263921042,-0.8111738869160093,-0.7117778390510453,1.571696490741829,-1.2863083203666257,-0.0253357942432062,1.23676809688111,0.1034679759323163,0.4565306435620718,1
-0.1977869255070102,1.02360145292585,1.0172452386764506,0.4131779143603432,0.9000354646989506,-1.3462212902874693,-0.0112756147293374,0.3854103599800035,0.578159302091117,0.1043318868976756,-1.7600018629577054,1.3790088137826828,1
1.6482150046748691,1.172392412639681,-1.477239398076461,-0.2020976327573497,-1.0548402291993066,-1.0936626123109885,-1.87222172132756,-1.5089750224661993,0.585984920281291,-0.4006741989716821,0.0478739545045573,-0.1682052356461905,1
3.4500633362825304,-0.8216938118058706,-1.856430301474316,-1.2959482365624444,3.233767130640805,1.547197015701046,0.4418099986484465,-2.00031474722698,-3.5572381594685893,-0.6205839862719928,-0.0086635585767019,1.6524562507523333,0
3.011038757092666,1.410183639919833,-0.3352998175591606,-0.1848798150619529,-0.7225579804892092,0.2658293126385189,-0.6277882435638487,0.3063028322676243,-0.1640991613664373,1.1989702231940764,2.359643982828273,-0.028425762995384,1
3.275989952243189,0.454111080837213,-0.8107118849573621,0.4280296625581993,-0.39053353686185,0.4477365647660474,0.0127796711481529,0.3528714636315305,0.8987662869570945,-0.1172288698901586,-0.5219706791728274,-1.036259853089482,1
-4.423240674419707,-5.602495323293029,1.824319852887072,0.3321993190457237,0.2858934454387836,-1.1172919797616163,2.5454707629759614,-0.2880219659139341,-4.413581943378561,-1.0833160643107709,1.7659778108563136,0.3999878737599585,0
-2.394411994862204,0.4189003947018302,1.2945304888946052,-0.3408678632095924,-2.452529825039784,-0.0591351535795551,1.7886794140703115,0.0833575088972704,-0.4300256027935361,0.8160053045663165,-0.985202564513736,-0.0830718655655115,1
4.66389858982664,-2.1438135727541594,2.5657714754491114,-0.065205886014775,-1.2142013690732631,1.582003163889361,0.5444649638349061,1.8555948961030204,0.5246857694379635,1.6786345813302477,0.3748140925957279,1.0353151979572466,1
0.1730050005741855,-1.1841410973192987,0.5776778435360862,0.4281571960511606,1.9166050927534004,-1.0053302658325594,-0.1354335629262697,-0.480136665143648,0.2052723478041806,0.0801902468257331,0.9468742866089778,-0.3159269852643958,1
-1.1994250202760055,0.9463292178383884,-1.0050892986179756,-0.3882672076835751,-0.3576323393690683,-0.911401668261126,-0.1686145290692854,-0.0927008292632841,0.8644153565668096,0.2554369628401928,-0.1458431781523746,-1.234995491098801,1
4.113979113044564,-1.7926729497239104,-1.4379623298057072,-1.4461563328949854,1.444169776802101,2.1879525771949813,-0.2177386753163212,-0.4699376194393624,-0.9019058450340384,-1.2061730027120512,-0.2399934221159995,-1.8392749693304504,0
0.9280137185778008,-0.4939022804924937,-0.1275578413157863,-1.4664559772227532,1.8378424600818093,-0.5559995544848919,-0.095107421393072,-0.6876342053399277,0.1990743115357474,0.333720701365278,-1.6223378127925945,1.4238789589920626,0
-2.4136217211161397,-0.393321750136022,-1.7180728862868937,-0.6405651359030782,0.7330967398940474,2.385071063424032,0.8653989832944347,-0.26569124607933,-0.9239437192900812,-0.4063611428374774,-0.002327087670765,0.0238041108697697,0
1.0068766010162962,2.105877648453521,1.5483615001801962,-0.8806925021574107,1.6092313132015217,-0.2809881619717629,0.2820725207682172,0.2558924138347443,0.686348845533154,-0.5300351032388533,0.1729905375327605,-0.6491413611796675,1
3.358739916533973,-0.6876228260445999,-2.271902785132728,-0.7117966030967137,-0.9326385863901108,-1.0584936243396776,0.9833207619050798,2.095809210672952,-0.1482238861222192,1.62634512966821,0.6535007956002855,0.3153049969534426,1
0.7851270856534922,-1.8865585313861364,-0.9102093221047988,3.884769980840366,0.2876152942529855,-0.6064975443581645,0.114197151815305,0.7834702940491723,1.2632325300356506,0.9309737631815136,-0.99856483203236,-0.7993772184470157,1
-3.25300465793989,1.8850359721374943,-1.1201926390274697,0.1350736723502344,-0.1717410055765788,-0.4316895086782184,0.890673618168624,-0.0093630663348654,0.1479494864442651,0.931826295858046,-0.4001263048640657,0.0047162914722676,1
0.9680482241632432,1.065405705491428,0.483086145778741,-0.4375634987278571,0.9109721614743614,-2.227927345557475,-0.0662586720751146,-1.2145492248265948,0.429727368989585,0.7709295857676123,-0.6764378946870871,1.718060011107549,1
3.3181038187748677,-1.6184573738244394,0.6081743256524763,-0.5348961719423414,-2.533342719673532,-0.3335427162305577,-1.162338203001416,-1.613493227160394,0.4944187193351316,0.0018746544764621,-0.3041459572823283,0.5162842390921483,1
1.1537184877013007,-4.470946159640811,2.1222418754615697,-0.3645345083544288,0.4396442274765398,3.616138900690869,-0.4149857983761048,1.9134808257066287,0.1254043307147277,1.0874181736431603,0.7258916959993679,1.054298725062742,0
1.4319872184516598,0.1184991658419438,-2.0999305381857454,-0.9039599670445486,0.5106039788718337,2.0947293964930696,0.8461912163340833,0.6440292226339597,0.7730563852992882,0.0752538156128468,-2.132400122789573,-0.8319120014862128,0
1.8172418202998295,-3.1451337421435084,-2.185838927687399,-1.5057569810718137,1.2102927205681109,-0.488481180548568,-0.2631821206631012,-1.6920772178169834,-0.5584510031269814,-0.1164027927289532,0.5789896174944383,-1.626311452676826,0
0.4998624489523967,1.6702359062579577,-1.082151995708999,-0.2556874863472628,-0.6419660926228855,0.6649572384834658,1.54282092389253,-0.3106973199865638,0.1715992765812894,1.1317351567877043,-0.6359345430147224,0.6954128733817485,1
-2.1653485713814726,-3.1154939072482137,2.214101903944606,-1.198591056991276,0.1868516587343851,0.1637022232225416,0.1109291930633949,0.0741799604864719,-0.3599288990279998,2.1964462921296457,1.4109426024192917,0.8448955109595151,0
1.5560090289384232,0.9222290024785348,3.2905199443275954,3.2054407071879414,0.7282769454258174,-0.6223114632822693,-0.731131917741427,-1.084616923562142,-1.6816357828507906,-0.8819626328842712,0.5886643776623672,0.6550779461257534,1
0.7740856533429334,-2.200012350155661,2.8217968708295715,-1.196979529700331,-0.5517361942436523,-1.4717616889741674,0.7910631767281777,-1.188373630165113,-0.9911511598101233,-0.1903158337330982,0.9059517630275472,-0.9369906032028316,1
-0.1974836814880852,2.2507268468798687,2.427332207135619,2.5639178912113003,3.048545886160276,1.0228782630679778,-0.7116155508077893,0.6508553154454733,0.5246962183830317,-0.1266929415987684,-0.1694095520697906,-0.939355532667259,1
1.874654010665796,1.8769705378345776,1.7423323796229553,-0.4361678664859761,2.7570342622373234,0.3707766587867292,1.2902984548791208,0.5331399112804445,-0.5663539045095721,0.0037940636342327,-0.4711363213549057,0.2550090462801951,1
-4.70612400160409,-2.21273613498006,0.5389725101321309,-1.0197435484765995,-0.4329099444238276,2.4762215791959705,0.0262336849185508,1.2985406752178263,-0.5991072106679193,1.299436904601002,1.0379609976613782,0.7547003496326241,0
-1.8207415254279684,1.7723424592790815,-0.3324762668398945,0.7018175012834927,0.090807469784156,-0.3597761447506789,-1.4873967115670392,-0.038672350201945,-0.5477352776860989,-1.2507230155252949,-0.1864996262227897,0.0413740125137183,1
1.1396906762804526,-1.173184752196902,-0.4906113171863962,-1.543341187357813,2.42785524705536,0.1944530878425856,0.4476011938313709,-0.5213724615033883,-0.0139485402066229,3.0272407916515647,0.6206855154885316,1.1528796266519414,0
-1.120836196379311,-3.673641255573963,-3.152193436052224,-0.071943061165213,0.2986752013309992,0.4472555555357294,0.8328090459170319,0.4576201855544239,0.5794483528738893,0.8440724364430999,-1.1693369771894282,0.0059920143058203,0
0.3121062130086856,1.3000543070309043,0.9022460413621542,-0.4981656656151854,0.8868115097385969,-1.803419655860014,-1.4718219260072876,1.4168395270434506,-0.2313638259646184,0.3772244508948884,0.7168530380714963,0.9293508223197828,1
-2.617138814293821,2.0397157465423548,-0.6033453489181652,-0.2734866755004367,0.0460891679371291,0.613472859796358,1.302695217610932,0.0843179504613471,-0.0179109134047317,0.3295769924600128,-0.247476703360257,0.3792859138089783,1
0.3209712761726442,1.6525470707119867,0.9823092289079062,-1.384022744470146,1.1706370459540767,-0.8180704101076881,0.3052806323796668,0.5406581914533212,0.9655696174153529,-0.5679408312669169,-0.4247693840970891,-1.2259795938820863,1
2.5897072004151847,1.308451267800093,-0.7431922129658107,3.716146277954039,0.2076442569534542,1.160233213836689,0.6474012760577372,0.7053056874631252,0.3771509139386416,0.7904347100037675,-1.3766090909760924,-0.5979834611870128,1
-1.0933711896127318,-1.395795986704696,1.021410106606748,-0.281102326964804,2.773223712811866,0.7374890718523119,-1.7723354915241072,-0.2635398218473516,-1.260389806628643,-1.8870851959147372,-0.908541265501926,-0.6580935372466735,0
0.6580261172907104,0.5421517419755275,-0.904434150308138,0.0164302129198683,-0.5423228311180966,0.9132938728005034,0.9831380836404752,0.3173644692360424,0.4728142313959808,-0.0859138345549236,-0.0059791849997476,0.2535137409076236,1
-2.6985888354019774,-4.402247215238248,-3.0001087480695667,0.087872342276358,0.3056982558518573,0.3656729449751824,0.2097868405125059,0.8763995183070805,0.1365320104303476,-0.1641668463489423,-0.3893815188232714,-0.6011522899098456,0
-3.800037594136293,2.1915698101317336,-1.6190513632620644,0.8877489022557173,-0.4479702468480543,-0.1426246421635645,0.2818866508345437,-0.9123477128880638,-1.5286249609496616,-0.0662999434402904,1.3254878998488138,-0.606724682336494,1
-0.4008758269874191,0.0751475640787391,1.7999053620902274,0.831475260957414,-2.4134341169576543,-0.829621847306001,-1.1087427615747425,-0.3944507801655796,-0.90897174993285,-1.34856825083556,-0.3583437167517302,-0.533834882884562,1
-4.20189192499125,-0.84582679688638,-2.180897324356587,-0.591536986351127,0.5846881861989094,2.282508973521675,0.424190458217159,-0.0559762546803182,0.5449611657429839,0.4371401673635974,-0.4353808607729822,0.410490540254827,0
-0.1396439307793577,2.5435156667631507,-1.0490911697762364,0.4541300096323583,1.1708905676574288,0.5138712153242185,0.0934486097733899,-0.916791475312036,0.193334577070095,0.5358811580032349,0.5757612617977612,-0.0886851701459946,1
-3.576726523084908,-2.247471610151066,-2.6275370500227098,-0.583749174353828,-0.0610590646288207,0.9506314889579008,-1.3106388466419168,0.5582783666672693,1.042995653744667,1.5817381656132186,1.821591884409745,0.1741850548078558,0
0.1463355269066804,1.8860228637940248,0.0635874250164166,-0.6265053119654842,0.3241902225968091,0.5725491968200077,0.1563928466998665,-0.799454313984355,0.3110330980355651,-0.1727793715958292,1.0540104958667216,-0.1248883657174217,1
3.2348028485214524,-0.5538154023643633,2.163721774921867,-1.468014902343732,-1.4171768226839525,0.3453901405230733,-0.3420888721073673,-1.5221113973649665,0.0805469885286811,-0.2065107702446911,0.952112045014515,-1.2842383950167513,1
-0.7643852250632525,0.1068654509068223,1.820159525079791,-0.731361802469305,-2.2595301776253685,0.361914159543969,1.544582466692713,0.1053178895737388,-0.219925491984935,0.4634244897181554,-0.7953840515860492,-0.1486454355008479,1
-1.2168406481809857,-1.064373377192235,0.3568063433149674,0.4096143260031876,1.5641431901502765,-0.164002639475813,3.572211424885136,0.4786771910209075,4.885803988692114,-3.146202263681693,2.591980815463698,2.457318519567584,1
1.465609479713024,1.0291191902869503,-1.1053064679825335,0.7685047296045794,-0.4136990305527772,0.7454774417359948,1.348614311427216,0.2357121206082716,0.2986573094344946,0.8491167206540577,-1.0796745390822264,0.2934462098439925,1
0.7552244641616284,1.701421320994822,-0.2957192009265339,-0.5746414528828878,0.2472819005829797,2.1335925059612078,0.8903634818998726,0.3382146058879733,0.0501587972617716,0.1908349751816479,-0.4393114570249681,0.400926667315014,1
-2.9694610007471627,2.14488991453623,-1.0546981854801314,0.0562770213279378,-0.8217414109171066,0.8826865483470101,0.5562425687850682,0.2044034351680614,0.1959702107340264,-0.2186776750636124,0.1824526533450342,-0.2343351969156404,1
2.7183611484853705,-0.8547779232446404,-1.6197868242255442,3.1927445815048534,2.0966307922819034,2.279864658774537,-1.603997256241027,-2.1577418136633235,0.0816393913683022,0.6999617013609946,0.1272105786048881,-1.734226610315459,0
2.2162926157562857,-0.5240470766579536,-3.447520109065209,-0.1039093458305654,0.3537763947939455,-1.076091514987103,-0.8250851833439259,-1.7808461110708802,-1.062947851714911,0.0210570510776321,-0.381377395794229,0.2398708200188265,0
-0.8146153561840379,-0.0870838892410006,3.458757541574632,-0.006339028163331,-0.7122957152666024,-0.8401117733166742,0.9661360526675986,0.4851299067359534,-1.2447462991399234,-0.920984686400476,0.0228960454963045,-1.2954818127988588,1
2.2180876615387786,1.197202003212356,-0.7696887359575192,3.4480539086702007,-0.0348490502253181,0.7068870656407893,-0.2821342153196634,0.1567005654042633,0.7099868628455335,0.493771473636518,-0.745230112196203,-1.3756468582000834,1
-4.113055191669953,2.364989161509737,-0.774693151059969,-0.4599831350784616,-0.2252999294784506,0.318170586088361,0.227695282937206,0.1214126026959997,0.9237478593588462,0.2320360566190964,-0.1527654604816647,-0.3866145290475503,1
0.3283628873216764,1.5455167990112957,1.0060965258928556,-0.3744737864132452,1.373670990037556,-0.7032835256541604,0.0127190307579459,-0.0518532101222602,0.172549080470288,-0.4972495315242253,-1.068061755829937,1.423621975391694,1
2.014269361005362,1.1330522058978143,-0.5143321204066903,3.732644295324589,0.0728301455576316,0.7976351287793402,-0.41681383649897,-1.4006186614283371,0.5609604466614061,1.1608946915380245,0.2981413277510318,-0.6041886256898176,1
-0.2333237519104244,0.2931262504368307,0.3554746479691845,-1.7569884928281216,2.7508903947956096,-0.5662302478634329,-2.069572935461245,-1.7329996838706647,0.1955630271680383,-0.4394294699327165,-0.1395680306572939,0.1002872667354856,0
0.0718676178017002,1.6860743409889711,-1.3298290087249685,0.8805442169822244,-1.0459152242368233,-0.461210894020977,-1.1505787797903593,0.8493323828963432,0.3959869706782711,-0.9810292277405486,-1.4104503365002834,-0.1315884225807684,1
2.975901968417852,-1.2722410589050903,-1.3993869319808807,0.0025320551267258,-0.8428864599926802,-1.6622589464390565,-0.4495806535476764,-0.6974985457855304,-2.0621673250076578,-1.869994165300578,1.2194524886550986,0.2508947552096544,1
0.7380645054035994,-1.7782261327647195,1.0035496697245323,-1.0772902379778286,-1.0977949987329405,1.133974316721348,0.6123182401094192,-1.0262645610441068,0.3776752855431841,0.9221042231964413,-1.0137904639334634,-0.5450342161770645,0
0.6354913051475681,0.0734847440968947,1.744277591958453,0.307470704655904,-2.179749370957057,0.7007141301187917,0.4316593265322802,1.669689583153111,0.2450786020059103,1.3092951354738442,0.3680265983339782,-0.0038854649997781,1
2.741882074391258,0.1712553927237544,-1.040213667640185,-0.6249911696824749,-0.2836949640332082,0.3293239257839568,-0.1044572360144886,-1.3277818571250963,0.7428653769423499,0.548436191805121,0.5491812880460291,-0.4480777313208723,1
2.4038268147422883,1.4377371975291915,-1.210803552684752,0.3966501451600472,-0.7118768151691665,-0.0741399818043991,1.4588223944813417,0.3261079282852406,-0.2953096473806325,0.3409874238754829,-0.6734948853681576,-0.2464165184966277,1
1.4246184925843923,0.7681658104759901,1.0971673419521142,2.974852815687348,1.5266066319655969,-1.4371240963342131,-2.031904233803969,0.2383734331776321,0.451166957027585,1.8207577696740576,0.8218642985081936,1.3260148218694598,1
2.812441701247036,0.2361345701792228,-1.4425675078276363,-0.481866104439753,-0.4351768627615433,-0.3503284324379126,-0.6939195748199676,-1.4042662431001467,0.9031835943322656,0.3380030572954453,0.6217805566456304,-1.3456847256491449,1
0.0716515909160333,2.2790471853747327,-0.2371454855974368,0.112777553722185,-0.0787682295317856,1.5681685108928691,0.1101549507449235,-0.7778904365158581,0.0615836797521103,-0.294400465487188,1.202886230526388,0.1118586369712956,1
2.195221685642687,-0.7345308849206175,1.4261755674581318,-0.3126534039385157,-1.829307130653732,-0.1191677587284895,1.6829682825004535,-0.3321624005433768,-0.2992965132868681,0.7969752376199951,-0.5843788173089492,0.0522785705583861,1
-0.876760340740414,-1.499472985793105,-2.140107668064924,0.0922808165055307,0.4357596835373186,1.0728784612017377,0.9792635183791988,-1.4896242770186017,-0.645003125635046,1.087685679178268,0.1107252075660238,0.5777169313372367,0
-3.906029802232153,0.7595285878941855,3.35756710122842,0.5472761087732584,-0.3962081763363326,-0.4275415710821902,0.5738167429440981,-0.111941578270985,-0.2781345412355631,0.3195884610118012,-0.234956423948193,-0.5576867325072141,1
2.959013884827068,1.5690129966290325,-0.6514268614482558,0.3077776762258845,-0.0462362659372775,1.2322301593236145,1.3575074395552562,0.2933459780421048,0.1488992353502967,0.5964551139146755,-0.8381958790904929,0.4504981060189623,1
-4.33410787474981,2.034952513275929,0.4931968659418843,-0.2388650745091313,1.2232955105068044,-1.5270997938750677,0.3181243948926212,0.1200927395736418,0.5819513421903535,0.653360680435904,-0.3078483162899686,-0.5461944190848672,1
2.5276101938664968,-0.1393437539159303,4.186650495929681,-0.0826339660767852,-0.7088544925340117,-0.8202166546646563,-0.094741984101081,0.4722687107859751,-2.831436471040244,-2.991315406029037,0.2504692640779686,-0.4293448617038012,1
2.608183907941674,1.4627990608580117,-0.2518848629864556,0.4270300465580118,-0.0973776540196633,-1.037243630609493,-0.5650134074104428,-1.2495715636045823,-0.4747120833333449,-0.2379876156136676,0.0239818354821682,1.032058556742719,1
2.450765369518942,2.7940892880015413,-2.157317426826996,3.96358273535463,1.6503273407785353,-0.0400524270193835,-0.0606507058686151,-0.6189837324147289,-1.6757364939521926,0.5450636985469227,1.2872424551783574,-0.7605468361288579,1
2.808257394957621,1.362186107147076,-3.82860253439992,1.7771828276518824,0.9830281997060312,-3.431242217657879,0.5706123509866862,-0.8329507834409811,-1.9467510956350127,0.8251070626289752,-0.41921997606321,1.179311159191792,1
1.2579034178407598,0.949388977480912,-1.1630100065253048,0.0873722336459728,-0.8908729893416775,-0.0096136086001335,1.2667809446505345,-0.2778523809459893,-0.1362887444059312,0.5362413970274559,-0.3563600969091051,-0.1070554184473994,1
1.0394389448768149,-0.3199937884724573,-2.1797415830525115,-0.6964408839804656,0.5719334210638868,1.7546986514286749,1.631247199714989,-0.9375051430630862,-0.93067257342612,0.3593838973934545,-0.8438132689804113,-0.0209033294740969,0
-1.2732448871673778,-3.2630143525645336,2.1266218779087542,-0.4179370185841815,0.9540812909139172,0.984800910525762,-0.0864974066426142,-0.2990054377976084,0.6072056779873358,0.4562991756282371,-1.3836056464540567,-1.0599505018989914,0
-0.7434367860720614,1.3064335898784911,0.9376561022004783,3.1600093691238085,1.7320401312244125,-1.4414297322780885,-0.3232936922467463,0.526056650799909,1.042172640893665,0.7045630210126033,-0.8561700827376263,-1.5352674675868458,1
0.1874908421581052,1.6152967447525135,-0.9060220433498896,-1.17230598623745,-0.6698204296799383,0.5979600421284943,0.1630423742730454,-0.9684758572734472,0.4517321024717196,-0.1321182002233363,1.0258441465730486,-0.3194307323243316,1
-0.3890784116600951,1.0364419663950193,2.8996259876172226,-1.105113533208366,-1.7584539448193852,1.6485176393656042,-0.559176439746494,1.202359676588185,0.2367961583488102,1.170841223355037,1.4546848596464284,0.1783338671063404,1
0.8414530517197131,-0.988093103202777,-2.36752196578274,0.2362761312961548,1.040537270683376,1.7801037063290288,0.7147164910395647,-0.4183118859688431,-0.1106786685575454,0.8219542918015944,-1.440419663849441,-0.343845791236486,0
1.435858734903646,1.0698612460239176,-1.3114726717532446,-0.8477767414252525,-0.8514966551359282,-0.1180876802908593,0.8446004899357994,0.2366059562758239,-0.0035144017875612,-0.0556094359753332,-0.4152445622834175,-0.8886941983410224,1
0.5750772955132086,1.4540126362100911,-1.1163915086982097,-0.4172988360136047,-1.1849322939679985,-0.3583738226225169,-1.8806034026862413,2.299898714742568,-0.3174927062286303,-0.4884139321064551,0.4127530505200752,0.0343186036591208,1
1.768834218604451,-2.223725538022668,0.7730703561050867,-0.2709332009947864,-1.899736631040715,-0.3263091767697251,-1.47458483557737,-0.6943789680806843,0.7810298019843225,-0.4161044513197016,-1.9470081485523063,-0.8461775821761173,0
-4.555485643022902,-3.457548340802951,2.2500496070419835,-0.2421469483730754,1.369362390229795,1.6659597792687362,0.6590883873188695,-0.2591290079265709,-0.6695688173334416,0.4516179757023139,-0.5238858217170098,0.3001708574543497,0
-1.8578982020480677,1.858212028424435,1.1732648832265102,-0.7727299494583533,1.665513075741433,-0.4792132032913384,0.1682099293054733,0.1725454497340282,0.6372171390962147,-0.3606435265749865,0.0210107111621572,-0.7761794523229745,1
-0.9499303203775,1.4932910006414144,-1.4730903716374433,0.9585019611263654,-0.7418194019351638,-0.6887199001687233,-1.4574839620301914,-1.2303601453584367,-0.6174823303257456,-0.6364592742258626,0.3524959739308965,0.2808201643314155,1
2.7574188411671527,0.7284110792240267,2.8240638808116576,3.277013252530614,1.7095459358576204,0.3116560298187746,-0.4219360615372812,-0.9472754181097818,0.8825536959630503,0.8799802443067247,0.502269561855756,-0.2049159473676224,1
0.9325041245088256,-3.4656617892174166,0.9434365433945192,-0.5838113158129393,-1.1637230593028394,0.8429602532983979,-0.571733137018911,1.4564852755925926,-0.0375084515891054,0.968428305307656,0.6024511859761672,-0.8124257250387686,0
-1.1056285132799586,0.1230272039313697,1.6128931491146368,0.4758489296281453,-1.8234891404514717,0.3940338633775936,0.9910129486721836,-0.4484516416947047,-0.4619999495012208,0.5367091570109821,-0.4416979357241318,-0.4201493636975899,1
2.068606548100977,1.1420507271466165,-1.5203902738878246,-0.8666037236857799,-1.050329075062742,-0.5671822150833751,-0.8291736970904169,-0.082545951613553,0.5196890023254506,-0.5636740978949123,-1.332398903511656,0.095231082449697,1
-0.7671553152702693,1.7926225063503556,-1.1311410847429797,-0.2909149531971706,-0.6821120438387389,0.6399803111118654,0.1679986840719443,0.0174089299798709,0.408278302873257,-0.427395653984524,0.1809620822254263,-0.8861249245642403,1
-2.917186404002184,2.076643975314996,-0.8020841670388236,-0.1162240437408631,-0.0198527225833256,-0.3053906838411817,-1.1770037459939782,-0.953307368970572,-0.197894274472829,-0.7473936261033615,0.3426602031787385,0.8374988795554446,1
2.4297015097345533,0.943912168777204,-1.969257593383722,-1.0112572378479594,-0.677040338152916,-0.6250675783501892,1.142640759039681,-1.4533952939277652,0.3236237719176568,1.4851611194467784,0.0450269823978256,0.2167161694462629,1
2.299190205196177,-0.5837793176496482,-1.7571580684951675,0.0263598381155367,-0.8112779997428775,-0.4612668757503739,0.3468249553691508,0.2892403866947314,1.0652051848895243,0.3510996501452509,-0.8662081492497645,-1.061879452061531,1
1.1822683763258506,0.5987235250416424,1.447821525548111,-0.0491019299492373,0.5540328098828406,-0.8381745714585409,0.841750688801812,0.2748308146731097,0.9622742601473356,0.6287699304168872,-1.1168857553516724,-0.4599105940681781,1
2.10717114405969,-2.2521961857518726,-2.695932695752413,-0.5762716107367915,0.3905608284823915,0.3765538338753033,-1.2896402038146164,-0.3997264976296551,0.3670079267628717,-0.5138976292570248,-1.7422706440893307,-0.113840479010674,0
-0.8880787589830539,1.651617495312032,-0.3801134518703806,-0.6594108356898365,0.0182194935989326,0.6454152615711843,0.3622491996670992,-0.0990692727001505,1.1427007408974734,0.2567266719516331,-0.3649959144614736,-0.3092943710080019,1
2.4489006977436447,-3.479995201374133,0.5410176097444608,-1.5302962770230095,2.319736415009655,-0.0496241784544587,0.5035614193918287,-1.690774973064472,-1.2697705221936813,-0.2824289943336669,0.5705781330701962,-0.8580873537019402,0
1.9968512019880729,1.1067451833972703,-1.1138132804772247,-1.046582009503823,-0.4808717562237025,0.2835176653287606,1.1163706329076788,-1.4694312298145469,-0.364126658468112,0.7867166928642687,0.4778781678811299,0.2565133326606071,1
-3.775457203814176,-1.7887024956191633,-2.6221581818063977,-0.9110674597502656,-0.3333282707928877,0.7066862246604937,-0.147250632811875,0.6251946898023618,0.0214654030285015,-0.735586488068127,-1.2067520655132244,1.451714816480415,0
2.463520054314653,0.1269399485143098,-1.4964972135152437,-0.5339425160431526,-1.2469835395231197,-0.647044842647474,-0.4808058161534905,-0.0422435044630367,0.8374102149777345,2.188393429386742,1.4803578814029643,-0.07277378043859,1
-1.8607086124515888,2.018291169886097,1.3393851231132474,0.3409235423254211,1.226757040910204,-1.2150129629806834,-1.3103573743680073,0.2813712814756804,0.5131971926864713,-1.3065798101857875,-0.4537210552716623,0.2782595865429965,1
-0.906692929623709,-5.001616526820076,2.1177394382049184,0.1672887014054709,0.633729045720634,0.305181045564251,0.5570256663115309,1.0230792052625537,0.3228001693137261,-0.0883083950719789,-1.2895413431615368,-0.6968537673800783,0
-3.458292784263908,1.852224545093566,-1.4954005421115677,-0.3966998510844456,-1.006810982490982,0.4363019081477847,0.2156601665801199,0.0457677105087695,0.3697820241342464,-0.2892224714224037,0.1504946700494007,-0.8288285771222473,1
3.6110071101191887,-0.9060050189960712,-0.9733418356861098,4.908360074583055,-0.1214895046549963,0.1275069923699777,-0.7938447749545555,0.3907735526271959,0.6004576089902176,0.2280270680797295,-1.740639794148085,0.7996209796019129,1
-2.842057985262984,2.273425808030729,-0.0579129574373503,-1.1267388902806523,1.6233069034579044,-1.2064405007811456,0.1662653921758199,2.3299456967198693,-0.0628463610817218,1.0665710773818693,0.9141484963923076,-0.1384419108058269,1
-3.589960379509295,1.0811987720836829,-1.804671977869076,0.684394684772135,-0.9958092651752006,0.1243111512833433,1.9280902747638728,1.188295679254863,-0.558926166704782,0.5392897204775287,-1.048959007637619,0.3893759033348035,1
1.548347993001981,-0.4316349503335086,-1.1396831377107226,3.4460445981744274,1.2415948363694478,2.119531477660568,-0.7980172358669505,-0.0808420598143411,0.3982302330582515,0.2672201739798154,-0.7928781741798625,-1.4332549038693687,0
2.7166018501225198,-1.270691083807059,1.2781131136258954,-0.6175668753953252,-2.4026984320082065,-1.151680163793579,-0.9948620034279696,-1.7988844897914609,0.7230151849596048,0.2999212329078886,-0.6276091633873995,0.3789804387354599,1
-0.9053664781121574,1.2925262046920276,0.4520769254675258,-0.9838300602480692,1.0331342394455665,-2.229615815612682,-0.6402568939347133,-0.140496511037811,0.5963012731063897,-0.0749902699899065,-1.0732853226876664,0.6840156393734341,1
1.1195102807453576,0.4464590228646656,2.316860410602782,-1.0931174638168817,-2.094302056936405,0.5309159515612004,-0.1716135519158829,1.075357499299887,-0.2519422494107225,1.0746810279620358,1.3889551891396548,-0.3179382142583464,1
1.6172866853853882,-1.6449990273405983,-2.157262403037508,-0.2148757398939713,0.6366250122543685,0.4114499360205463,-2.23526945941645,-1.869541533148028,-0.4499248817980866,-0.939527572900944,0.0634287371014544,-0.4684268375692926,0
0.4579373106109417,-3.8223462646844975,-2.882563899495243,0.0096827901977801,0.2038850819992542,0.2697207719818063,1.2878387819802533,1.9313774636466745,-1.824496691761456,1.115709489581869,0.7255029061079125,0.5521355452378809,0
-4.012491999770562,-3.010773325454602,-0.9466919076284972,-0.6934235543509863,1.481890961645745,-1.5833860167941682,-1.3951990953785167,-0.8840454088498112,0.7128429900264484,0.1874251028522375,-0.3202428125432505,1.1313774550385582,0
1.760870136880046,1.8551632055533496,1.4236679620623869,-0.1521785876463471,1.5787510068276376,-0.7170906184964392,-0.965578415438827,-0.9079735871644032,0.9526889679912376,-0.2693430201994949,-0.1781529435739144,1.444858914563225,1
1.738559961270891,-0.0170978815030006,1.9584127031650111,-1.0164899131159235,-2.053280166396028,0.03473241662295,1.0428296084556894,-1.605833508990525,-0.1663075272591722,0.8349882380406665,0.3243727500833878,-0.0777951218522942,1
2.4259534415803734,2.030773286816041,-0.4938300983371895,-1.4208460784458057,-0.5529920793212025,1.414706083586457,0.8948929727670538,0.3953205402665197,1.14130384972841,-0.0253516646405356,-0.5817573425910754,-0.0045697980844105,1
0.6154061398913708,-0.1598649380472002,-1.859401249906225,-1.5347271726907632,0.4622426660749408,1.4819821502746904,-0.3184312515680809,-0.7311832145287143,-0.3379532573762489,-1.058450959089354,0.1409884486256484,-1.8598643637481316,0
-1.9571534935970425,1.1114809378052124,1.610491304322608,-1.1932236157491631,-2.08359868741,0.9393487001605364,1.9151447685027136,-0.2892606574993089,-0.1217790596923435,0.737156899967144,-0.5552743044273517,0.5811135723837865,1
2.3218316326607558,-1.119389739992679,-1.319202937628114,-0.8731364237590009,0.0809178425155056,-2.595658822700511,1.6804701290996265,0.4743828342357178,0.4179924023443621,0.7801018588522314,-1.1347858954274808,-0.6139926751787531,1
1.5155266018132767,-1.8376059037710992,1.2855087213668297,-0.9337209770980768,-2.306668995215617,-0.6774789271516668,-0.5081942073399327,-1.7199076082640634,0.6034431347334321,0.5715325583436034,-0.7400763429366977,1.1454540376419011,1
-0.3220887354492256,1.320246257087606,0.5438634770875531,-0.8582091857153377,1.3146543824535206,-2.099027654110209,-0.7925526733328404,-1.3162683085887432,0.4117942812272666,0.3695755885881285,-0.4370069600096579,1.032264371131438,1
0.2156650735754152,2.0834635199314864,-0.7881849772266877,0.0895692246744548,-0.23237633089279,1.1801968001379457,0.7524575272031304,-1.0324967745217033,-0.059410933411725,0.3273215107159515,0.6991558029224851,0.400694410029888,1
2.653684585722965,1.2924732286620362,-0.6611676937718627,-0.073681025290087,-0.4835000872984988,0.4188172045750817,0.9617479145138108,-1.3832024305629576,-0.2971880754952644,0.689647510757113,0.5114790784881326,0.2303114168906974,1
1.1990717903210573,-1.6217164289184551,3.208599820900877,-1.4270815049128047,-0.652011888876562,-1.0365613970864824,-0.0237013635192916,-0.0342624434270489,0.710011777281301,-0.3483998732028499,0.0790260154523965,-1.3859193247631862,1
1.9441962143096283,-0.3404942426319335,1.384283179149019,-0.328383881701776,0.8571914781912,-1.0063280303841853,1.4723465559330746,-1.0924269860465288,0.0230418309428016,1.1461240655412936,0.1163942054603613,0.7101132434845945,1
2.9943897070028016,0.0954302205868857,-0.294204963654015,0.1026276715228871,-0.1108527557926178,1.2673828614123286,-0.3409480698661245,2.762229361433697,-0.1080883070807683,0.2112725587656286,1.1027041188357862,-0.2153782688153186,1
2.2628847093035627,-0.0598714618730935,-0.6250442246618924,-0.8542911716213588,0.648616480590561,1.677675525955327,-0.4466818209583159,0.7182283419960768,0.5793680308528084,-0.8019139199700294,0.1850866745053319,-0.8032050211724651,1
1.352867278878833,0.9240457434986316,1.3403214830299066,3.493890047676447,1.6772746773124203,-1.649598979369972,0.847469452541036,-0.8588374442801766,-1.2979358570870547,0.4376807645970156,0.8533447323543588,-0.582215563681034,1
2.447393558620114,1.2908474003628845,-1.303377003006953,-0.7644741326727027,-0.3495286438652045,0.2256442620167108,0.6581291109256742,0.1589109226648072,-0.2114326683161736,-0.2529402275875352,-0.3465342094243527,-1.0417828366195838,1
-6.04239667319467,2.598255737930096,0.5963865352164939,-0.8042366369491575,0.9795563414735188,-1.1611627211261746,0.1492141270137637,0.3511843012961053,-0.1540790476929862,-0.35290361717637,-0.7507736234246812,1.762737665986281,1
2.5693662247029487,1.881851510673339,0.0380181802121286,-0.5243446738466677,-0.1224842394693138,1.8970930739032497,-0.1239927418311816,0.470007176609308,-0.1065147554759435,-1.374322623291135,-0.795284197782788,1.589185462316409,1
-4.16204198709814,2.279100574387135,-1.00154397051072,-0.9866478580643468,-0.3890378286983566,-0.1384514551801656,-0.597815982776301,0.0123220348785258,1.2278093692679175,-0.2233295900199821,0.0720853078182302,-1.432973749083858,1
2.72365761529821,-1.4379019770442352,-1.4158530425987903,-0.9211846293467107,1.0375693456611317,2.2126718356671424,0.4873248749342372,0.965903235665884,-0.2520251064802352,-0.8006470513424098,-1.246703620298058,-1.0604538747087728,0
-0.92176555482511,-1.5247277422022412,0.2602528681092089,0.2117358512522819,1.3274347752016058,-1.7048302350972435,-0.5866334803903321,1.1436142713861868,-0.6082231446182104,-1.487115719443984,-0.519095563927996,0.5401131941178557,1
-4.996535424873595,0.5842896795306731,1.5367701224113848,1.0693714597114734,-2.282766646101819,0.2959069758093339,1.1508116470769876,-0.1755870389827589,-0.5935045617545578,0.7350602308924675,-0.3683937136792142,-0.0237819310263118,1
1.2140290794125108,-0.8224528086202753,-1.2317474222483384,2.969771803695974,0.8567691914730691,1.3313679366854894,-1.35167855978887,-1.5642572185432415,0.6620106902985579,0.6864398506756068,0.4521252518410322,-1.3540468110823811,0
1.4753705844369802,0.9353167132119368,-1.0131611573541763,0.2215764258608675,-1.0045423370252462,-0.3830082524834836,0.3197013972920517,-0.2606860349834883,-1.1687225017103529,-0.7153325412061317,-0.6067543320208261,1.1717251752415314,1
-0.2214820602428969,1.264648484655215,0.3352180316287911,-0.8436539700118786,0.894194647863215,-2.3623491386161466,0.8182508201228459,-1.196488604755318,-1.265292088011413,0.283831560632302,-0.2582273426847746,1.85965129223126,1
-4.670677776129734,0.7759279336588945,1.0787500635756857,0.0569584054460342,-2.622288461722822,-0.4153918512589107,-0.4701683236276625,0.1120908975691439,-0.008658493403236,-0.0573960883047941,-1.4527592559887457,0.6428813225795025,1
-0.0062827893502092,0.617694079123444,2.0941941300580917,0.0337795266064711,-1.4526643690863223,1.2832503913066555,1.117036761823332,0.0993941003977685,0.0763505014757484,0.6610806306009585,-0.9260505611675636,0.0484314178002663,1
-1.0905159206661657,0.6296860280102836,2.179395383667765,0.1667814446074109,-2.0194879137387187,0.0256413464312149,-1.1316928892642462,-0.4128255845191703,-1.1891577656814365,-1.5202524596872673,-0.1379510058566936,-0.2724691702382891,1
-0.9692010647668754,1.1738930521869544,-1.7126674107421234,-0.0604104524449333,-1.1063827494780691,-0.2207327026766735,0.5554239254041181,0.245571472009174,0.0435643974086641,2.812712853603518,1.3991443967438502,1.285773302008027,1
1.7477443689067236,-0.4860896261974934,-1.1793988446628214,0.1245137668811217,0.1693942661788728,0.5124601095579296,0.8377246074448855,-0.6956855175500886,-0.4012800187640479,0.4357788915651425,0.9064461809212616,0.640711536584359,1
-0.1351119271621915,1.5311350706023823,-1.247909491800031,-1.3053629999499896,-1.0588482867817517,0.075854861514688,-1.1345886841509725,-0.2828202657480442,0.3701867445784729,-1.310396226018302,-0.4314434071634655,0.0981009581308396,1
-2.04516184643482,1.7263968437258708,0.7191301427676554,0.77977216842689,1.4224960925867849,-1.1393052787590845,1.526976551759729,0.5721398995477736,0.3913689238325793,1.2034677637131124,-1.2564688292702606,0.418298506428858,1
-2.5902676195359944,1.4837983274978177,-0.9099639845011464,-0.4204631519761848,-0.6537630564551539,-1.00411907954775,-0.9504499876742056,1.4864237746388569,-0.065210112367311,0.8308691214990614,1.6760608231131726,-1.07594482043079,1
1.8372770218407748,0.618189721588537,-1.966747457677542,-1.366361526407384,2.1218747828772115,3.178445455015593,-0.4395385563342212,-0.857995012425015,0.0363024114099548,-0.2581490783177835,-0.3338168538953241,-0.924623721505484,0
-4.94317144670967,-1.058797510976476,-0.5857835685644519,-1.1259595187728844,1.9653068394191555,-0.1151112811595391,0.0159469643552542,0.6545750836425555,1.311569783939138,0.1434236040814808,-0.8872851467399094,-0.6431816545955821,0
1.2025866742776812,1.5827685998782983,1.2226708320876714,-0.5942155272992269,1.2780467453819442,-1.0276567741477989,1.3322961719349429,0.5401592057658948,0.0633960168828621,0.22494342007193,-0.6274119486330312,-0.1864028683248494,1
1.0109569422094855,-0.3458272769004716,3.412249375646571,-0.086933123285019,-0.7080882467372116,-0.1975861979683752,-0.1115722745378084,-0.4501274567303696,0.3596924602402939,0.1810395130736512,-1.4105169378094833,1.4942567967941651,1
-4.5535021365956325,2.530701737336251,-1.338917987522854,-0.1474372367149564,-0.4504790420535465,1.1096672353853192,0.1527426260345573,0.2474399889201047,-0.0998642303914595,-0.4752474734804079,0.4416644988587877,-0.5374232394000409,1
1.99777384822712,-0.9783388923983078,0.9978627502538852,-0.6150101064309785,0.90890242535584,-0.8250666501701828,1.2556875992584886,0.4306215140575005,0.9719372269389088,0.8419088936858246,-1.2263105194853008,0.0477067940440975,1
1.9317269416987093,1.261607681158398,-0.5185750596435593,-0.3911599401857241,-0.5966612571340218,1.0256900541188154,3.2480813721571837,-0.0653885562369135,4.070570138823277,-4.1856944360106825,3.3293226352600693,1.4170274128050049,1
1.52246492538065,-1.4983317072671,-2.5086978849791404,-0.9798644559853016,-0.4224788342884064,-0.90848687226578,-1.586126386068903,-1.7202888482382104,-0.1053410634090259,-0.5448695595396014,-0.0575034469634498,-0.2168181563884693,0
1.5786001829151255,1.0160743569901054,-1.4722345517760262,-0.4707312665640278,-0.8783684733312257,-0.9009854233499964,-1.2380215960955123,-1.5047812931277615,-0.3129128112484752,-0.5754750775653036,0.1975643177856735,0.1791199602020066,1
1.2321580202998474,1.8695733364390172,-0.4623522304889213,0.6223095882613083,-0.727588050564723,0.2142974378074975,-2.232565793017563,0.3261052559909604,0.0084051601048197,0.6963469139610637,1.6407765579841913,1.433723326052535,1
0.6692257575320335,1.637583684229734,-1.6210591373298326,-0.5763601942699242,-0.7039781618825117,-0.1866523562980148,0.4083013110382988,0.1293532199347373,-0.8782908175306159,-0.3761122994205306,-1.2266931062919346,1.2071733114012666,1
-0.441398965676246,0.9126556008783772,1.5416983229778818,-0.1907635956154503,-1.544881061021227,1.0823267843643471,0.1558225724294867,-0.4856636483140617,0.1083677805830938,0.1500620732341236,-1.4335823615585963,1.752801302716556,1
3.4198234186463803,-0.708415744572026,-1.7903135226935922,-1.031979195946847,-0.638849086361859,-0.5663793906624316,1.8528020641971272,0.5167650612412072,-0.6615147735703607,-0.0628598625484573,-0.3973712344405663,-0.2339647481317207,1
-0.4167507476480616,-3.821450880830488,-2.7747888048917617,0.7088037628016823,0.8527160753406171,0.7040790188808639,0.3502465222785737,0.5108190416405367,-0.851515310506237,-0.5345304539886034,-0.3631623471707765,-1.0001395782061278,0
1.356454155974839,1.5395732136121876,-1.4149257578806205,-0.8463848527943348,-0.737230753485352,0.5449133959208049,1.8085721767964336,-0.1925120084209217,0.1589098918671274,0.5628609800808774,-0.5193211676457747,0.4693842494866811,1
1.8388969915378508,0.124649733132606,1.6380475574934446,-1.1007414807104297,-1.5357333837714802,0.7478142145976535,0.9923478891086094,-0.2091549008137484,0.3307217884024162,0.6226267484369666,-1.0640915354435554,-0.5309309261834576,1
0.2203401121036192,1.6753568114529225,-0.9615640607623048,1.0197918066542309,-0.850671631052537,-0.2204299576440709,-0.5148714541938791,-0.0957180537778706,-0.6023446890653016,-0.6935177883267294,-0.5295281709389905,0.8618383764069385,1
2.132653900256306,1.2620946170911982,-0.911090751314328,-1.1826036653762135,-0.5139115102217845,0.6738411836521545,0.0924715320557118,-1.3628057510344105,0.5703644459852877,-0.0413007762631283,0.7159110076421938,-0.6514679299220159,1
2.001048079587657,-1.9934576450546704,1.121526327258742,-0.5492375829799987,2.3894712697131806,1.1004356879115236,0.7566331926996075,0.1587735117504194,0.5351676162284946,0.4944736899197342,-1.1851745608448792,0.1471347246613287,0
1.027861307544161,-0.062784300292851,1.546864790778656,-0.9719360871631096,-2.1019439092821464,-0.2721183731124595,0.3032582863000808,-0.6153001956374151,0.0587189460758428,0.0245943626121461,-0.1887876570544999,-1.5084313049927611,1
-2.536237934129618,0.268620740188507,-1.7177016522716948,-0.6061153741435347,0.4941518739730769,1.6834215771912158,0.555538125860371,-0.3786686987473436,-0.8225724969276028,0.0999128693398039,-0.0275012262096195,-0.164731276723085,0
0.8275053365150428,-0.7223967088154686,-1.0292762975236387,-0.3825231413971456,1.3382338144187012,0.9283938988614292,-1.1031176375103586,-0.942073239476444,-0.7181966188615503,-0.7676252846071515,-1.0344685626551444,0.3096497074710944,0
2.015473550771268,1.3714571506424058,-0.3028536232020162,3.199123406194249,0.2602249295414012,-0.5153007534146442,-0.2391288225163768,-0.1989926795251222,0.8379461027700302,0.8346112235137355,-0.4161576195923837,-1.3213570145932467,1
-0.8014879662571746,1.4163436541398784,-1.6190110967368607,0.4459143721785121,-0.7454414911585807,-0.5920422045044328,0.6689076454386057,-0.0913437813023618,-2.406780175103951,-0.9514754603730448,-0.2735478341547494,1.172715286264576,1
0.2686528920182275,-5.088881821090806,1.5210604897259907,-1.4117828551922382,0.4017155458531902,-0.4612131520734159,-0.3656925429578805,1.688642207780028,-1.140031392528638,0.5458566872018445,-0.1805780937906124,1.6384300642596783,0
-5.724258809269654,2.113671347034247,0.6240077760456733,-0.0777188471266034,1.328471589774994,-0.6682530571883339,0.2525514779328162,0.3625482479074168,1.103366068929719,0.4155177414629886,-0.3255493894435521,-0.2302194706708808,1
-0.6971277727214266,1.3368182692241648,0.7845999306963092,-0.7423481360996297,1.3693836623091016,-1.8343886898692128,-0.3965919576716339,-1.1096182758132327,0.9867343153746128,0.6267341670210271,0.4927124067134898,-0.9678657207444216,1
-5.075732911489235,2.337265954580323,-0.6167327776716445,-0.2001813604642099,-0.3171245708752143,0.3343669044219503,-0.4151123234668588,0.1941217772013787,1.107522666096043,-0.1452034680582102,0.0891400359724073,-0.906357012211852,1
-2.283264367095972,1.690287049112133,-1.1855952566645154,1.112683361499148,-0.5806249770973396,0.4152767488745373,0.5130684200842519,-0.0089799489687371,-0.486986451820232,0.0962374104537216,0.0804831218757702,-0.4463476061726381,1
0.025055836727154,1.1808533103115104,-0.6270326174830764,0.6089404392276634,-0.3730390404939447,-0.7100003395707758,0.8511244461154663,0.8117402743871335,-1.3007602329667256,-0.7110926407169138,-1.6123790024780622,1.1428353161077347,1
0.947587672150246,-2.784128772679785,-2.6339167417905283,-0.2819591793026471,-0.2482365870786896,-0.5539582350366417,-0.0528378483228824,0.32078825767167,-0.2353996901369515,-0.8117923883078675,-0.2278450281688373,-2.0287549349062166,0
2.3830523354921205,1.5875019057198612,1.2040882554886667,-1.8296113197334016,1.0938351057108526,-0.6046039846499119,0.5711668791010261,0.0472993597453818,0.9451178627516738,-0.3445943713545835,-0.030034035575535,-0.6794442039428799,1
1.0406281276872025,0.9103324736898756,0.6586448214455396,-0.0670832123255472,1.268033196551247,-1.622684821473798,0.6895841254161522,0.5079334846567788,0.2655776486593,0.0178663633612165,-0.6262418103764847,-1.0316723165821906,1
-2.4391640233970677,-3.4244707474345257,2.9068329299980817,0.1600859344084353,-0.2031314152754685,-0.510891077695762,-0.725710254619421,1.292156810061101,1.4402721595727956,-0.494527288932469,-0.0974793627782898,-1.110987511230302,1
1.6812751183264063,0.1781544713111835,1.3558194940263646,-1.105024556083115,-1.6484115172457694,0.0200662187472892,-0.2524885411441565,-0.7469748916234419,0.6017698595486473,0.185221087682682,-0.3473844775863646,-1.7502439613008307,1
-2.2044731782831084,-2.660454129507778,-2.5864976986265766,-0.9134603348201258,0.1729536499334294,0.996050935508703,0.8673438378287281,0.7837338754271914,-0.2353139783785433,-0.6226008598290353,-0.2587536538972665,-0.3545786769944215,0
-2.408740874984613,1.187270127357585,0.2493847414299287,-0.8203918214408642,-1.8857840344590049,1.2396098148927088,-0.4068897279587703,1.267160603171635,0.2151758702124435,1.4895263439611262,1.346868046974327,0.2679659636976563,1
2.9416580355930644,1.1811131481049342,-0.6609575711637077,-1.4785271441450267,-0.3053107665535666,1.3101631832678031,0.108985082841517,0.2482580841843616,0.0194088693625134,-1.08511483541802,-1.0708541778075802,1.4293486447900203,1
-3.6056275012882,2.2949703841004445,-0.9611347667386754,1.1521683292808698,0.2754655020562898,-0.2850759586504169,0.0455624466634739,0.6957567318072848,-0.6127032420217497,-0.3908813429992699,-0.027469732625788,-1.2620199507594627,1
-2.356189976097736,-1.509466677136304,-1.7913596482851264,0.2387171105075879,-0.0237154961317103,0.8160640102300386,-0.8918354163792279,0.1659864732898059,-1.1515716412733512,-1.4541414755789692,-0.7934157743318841,0.2993950853944151,0
-0.9141697837233104,0.7244180081340582,4.260511084516113,2.752997343710362,0.2243611715868166,0.8051588678661975,0.1009933481412746,0.3073756284587453,-0.0878682851800403,0.1427557867386942,-0.4669770052668784,-0.9934304604670038,1
-2.5155924360602016,1.817213201022316,0.7604384108162988,-0.856588566232076,0.823479000433725,-1.7329240368657275,-0.6338683518948148,0.149580584969549,0.5146458875064229,-0.8154704004131762,-0.7266225007424967,0.6384082789176106,1
-0.3875583248098608,-0.901878966798995,-1.140376706891625,0.1332661734722547,-0.5929562016080414,0.241765367946862,-1.744306840220202,2.377681313360441,-0.3208303263784391,-0.3030232634477018,0.9082334038226524,1.2003619462703083,1
-1.6333942788609297,0.7872576606701389,1.9516734988682705,-0.59960390560822,-2.0838333932528816,0.6609827540662749,0.4162261773021104,0.1012061878667651,0.4878759775475796,0.2552172250533973,-0.6510266751269558,-0.8004394628219004,1
3.288455041604217,-0.455835866306246,-0.0593455237636053,0.2537753701762139,0.2175283036781488,-2.56931924085451,-1.590745250139722,0.3043299331399006,0.0676993395482381,0.9856655130844976,1.1109475825357735,0.9152781931471416,1
0.9673528576991536,-0.4176195320789574,-1.2634655221825086,-0.5381419093948128,0.7356835394650619,2.9687045218376142,0.7594231528175363,1.077122438345616,0.8729195541915259,-0.2519313980967849,-1.7743233672153529,-0.2124563407014622,0
-0.4942017660894771,-3.407825310786472,-2.8783499837752973,-0.3791970563506527,-0.2354791220400995,-0.1774132674373231,0.9904033854368148,0.5673759207716079,0.1716103510983734,0.333899391879585,-0.7789242469122241,-0.3395718075508156,0
2.7292060219507657,0.1009029141755788,-0.650163616017911,-0.3526994220599773,0.0998628422862255,-0.6672787427360306,0.0090594325330964,-1.3652680705293825,0.9022651800360556,0.8062566473377021,0.2609622279896813,-0.6174703607695313,1
-0.3300007743632807,1.3533879778885614,1.1551279841133413,0.0952867191030607,1.6535910378644745,-1.3427478012805958,0.3468092566670225,-0.4267624027433935,0.0531149371435566,0.2489713105620768,0.2921462089433548,-0.5673281893890427,1
2.590514555400909,1.8134351292539896,-0.2352368284939549,-1.581145695038015,0.5745388921470285,1.3499047584913826,1.5254362459367703,0.7785808542272878,0.8559763462599758,0.2082830576340287,-1.3432926037348716,0.2816827816989959,1
-1.3605515902693504,2.297333786457388,-0.7353814597393845,-0.3474007568436805,-0.9348123969130052,0.5568017429585711,-1.452118939769626,0.5920017478042097,0.2581894743094359,-1.911925239914012,-0.3768483356142828,-0.0442264574631305,1
-2.349841783275209,-2.8141031112235844,0.3867629917620582,0.0822338631535218,-1.0924649959558843,0.2122414376783145,0.6741920864256951,-0.4081194618420957,-1.774085428067278,-0.4929677923688031,0.0907571968069171,-1.3342906660556957,0
2.5569454916912946,1.6102339098148368,-3.32892144896262,1.3109313562713245,1.6442250783698076,-1.7366545172905752,1.911353706364254,0.7534881015714956,-1.767380841458407,0.8072729157846249,-0.7757828719964849,-0.3552867901224553,1
2.5770639809519515,1.4180272349868506,-0.6285268203372711,-1.1975295640254473,-0.7259699995665067,1.5075936269853794,0.1162473619582587,2.9017241287944966,1.204124384715323,0.6807887073054011,-0.0148410089842255,-0.0530754053955224,1
0.4024002101556228,-0.1179467803069959,1.844371729570023,-1.170923511753002,-0.0528269287316304,-1.244312241759569,-0.7477592984877857,-0.2901718336772618,0.7371184133636638,-0.2574334378456844,-1.0604920185097109,0.7023616944369188,1
1.0571576465428023,-1.7725944332264971,2.909032884905764,-1.9384262461555888,1.0876521558025891,1.2929180760355616,-0.0572458000692659,-1.027047230364616,-0.9101377836138445,-0.2804400350238202,-1.3315903345656386,1.398265672723266,0
1.7339474312219043,-0.2000074737909351,3.6847357769304687,-1.3055941713780006,-0.4892970104056646,-0.0705575768848485,0.0969265917433163,-1.3154886090997244,0.8582872509979544,0.6688274668093112,0.4488186168721753,-0.280798663395044,1
0.3117214102200455,-3.007721916058529,3.380483927468444,-1.2470363743286397,1.3182242295435656,1.4479619584486905,0.2448888201365443,1.789378662008954,-3.271871307116333,-0.9825678948322224,1.991252026418273,-0.6833912896626982,0
3.157381894958274,0.8397318427018707,-1.0103799068996613,-0.4624121040068313,-0.7961825470130456,-0.3019349704043444,0.0504804630046928,-1.3317374295642646,0.862214495538241,0.6819576316677208,0.4888039163777872,-0.5637943448422377,1
2.881657201994379,1.2764944181310844,-0.7021466532738009,-0.912893989896744,-0.2123671346798099,0.5340095609449227,0.0744239126705123,-1.475543671414978,-0.167639716549228,0.0499944844383023,0.8872720536845451,-0.6743675259098189,1
0.094786740111504,-4.884180012571747,0.1001980697159172,-0.7073896727611942,-1.1189397657789302,0.5384193363715718,0.4830297363625129,1.6326958800487372,-0.2188470897020187,1.7335699152165782,0.1856709465604802,0.2382311766214836,0
0.3965815370190199,0.0151005840435223,3.5002034491754936,-1.160090106483156,-0.490476201077986,0.1484556338374048,-0.1379762158175628,0.9808039382941292,0.5523809427579248,1.7946305023916145,0.7236755923725824,0.1392945371662552,1
0.7952144416924383,-3.437264382418019,-0.847984253643918,-1.023330425295521,2.293188239252208,-1.039602298590311,-0.518066705533796,0.2302108488554612,-0.6866675069658684,1.3240516862818257,1.8265130941680527,-0.3167083761816244,0
-0.0647190385031691,0.0167129725001815,3.3883107496141203,-0.371136892423219,-0.784878231662828,-1.4116256855680005,-1.250623484525223,-1.4391632527495617,-0.7813813560307873,-1.0174856030314516,0.3386901992753686,-0.095082681009746,1
2.462548157706164,0.1476859035022718,-1.2627872672793448,4.225300689667189,2.7800472941560024,-2.8109082990877003,0.976637086129122,-0.732065352211126,-0.7957331685354914,1.834772740875861,-0.0208868229125329,-0.3623077882688756,1
-5.168286035575525,-2.8547664508925674,-2.90855144890403,-0.3573407207738926,-0.4168487216359028,0.4366555165050979,-0.5974131825382798,0.4987150813965829,0.8799743112218363,-0.2027066556146845,-0.9551477729905258,1.8760500270482388,0
2.7946023861998976,1.5350312490223466,1.7431600159881733,0.1099116369999727,2.440890489357128,-0.2899665693550451,-0.0525430596832468,-0.8854141755078249,-0.2059465211892372,-0.1176670776238645,1.024869804513651,-0.3687807584215675,1
-1.1284352246582086,1.055069831014603,0.3123055566831505,-0.6145820625283972,1.334114893400652,-1.9262081015932548,1.654850519420727,-1.1348481358560636,-0.2530712479347597,1.498751129081038,0.0018194299929892,0.6173303252164474,1
2.437342197607568,-0.2401519105865356,-1.5787868386262065,-0.6098759510496534,-0.5178142938272094,-0.0112479976046303,1.223962298911902,-1.3391677544963525,0.5061195399463437,1.4991091641807084,-0.0312396446932182,0.7127537378940195,1
3.210822929763096,-0.9068098769279638,2.094083023987265,0.0342953584109193,-1.690033265912689,0.5358361591554334,0.2262748640618858,0.0125305625625462,0.9231618951730048,0.1482156526934233,-0.884090279008543,-1.1217816238994942,1
1.6001279230129994,-0.2765491422795567,-1.181291576349586,0.3430778510107542,1.019892541109324,2.0848749609589023,0.2361386613796019,-1.6099070436221383,-0.0659141757399158,0.8930696859787031,0.1831890192578624,0.4021729534317014,0
0.597711143382049,1.5944086366376242,1.3505435756770356,3.4574178077775457,1.7302607165960986,-1.2083717372800178,-1.3516470865433328,-1.203764407488278,0.4176035095513472,0.6142237792759064,-0.4342723740162869,0.8864443821367879,1
2.198571014123019,1.959560100306297,0.2523863108438091,3.5193873646963976,0.5912925449837162,1.795951941491319,-1.25843448662537,0.2914345815577604,-0.752556061047285,-1.0749584385137996,-0.6494526266235237,0.4792300075404288,1
2.177634011007377,1.811119191308033,-0.4511213381939503,-0.2292984370834061,-0.4170761924206196,1.1447688290066715,0.0564671936438367,0.5732658008536469,-0.01087309906381,1.343687392730765,2.1722939601802658,0.9715366883434328,1
-6.550942949031306,2.5045184766996824,0.476826707349085,-0.4360255298108483,1.2235335577661244,-1.0105279399757654,0.0405055870300023,-0.6854438591431402,0.975553522874252,0.7924538222528085,0.4825331624852664,-0.0217469113705382,1
2.071544157748472,-3.470210129639862,-2.401751400691554,0.6980920976694294,0.7272560269200323,1.1596230153365223,4.226469474189879,-0.2503307798299757,2.495844233526619,-3.461743161558556,2.01569361013604,1.61968380201921,0
-5.200786838777724,2.35251649480556,-1.544143606307781,-0.5891325818673613,-1.1491542382264497,0.4376854099833749,0.3463717006110857,0.1919764925014001,0.211825178521776,-0.2495403229291334,0.2859652997509693,-0.5947667259912125,1
-6.264243326365547,2.259957878869986,0.5516042435124959,-0.3813777824953414,0.8749025187786197,-1.7732882076618732,-0.289731398465209,0.4257470190194591,-1.3034310492960306,-1.5936759364286452,-0.0145011610347705,0.5224257985749121,1
-0.0353779065816183,1.7792457515054607,0.9097021740968392,0.3138848715184467,2.182583587011081,-0.8675533713596293,0.1841976347397335,0.0152519886311308,0.4226847946240415,0.4185580169514683,-0.3214947636904157,-0.6119793746462959,1
2.363222629126644,1.0125234087708044,1.0838916827259593,3.177612662802044,1.3216629673265057,-1.1526471998723422,-0.9018923847714412,1.8938242985570264,-0.377622099816247,1.1592139527156793,-0.1449115646057309,1.339484014480567,1
1.3197564980820766,1.0603008360805848,-1.814956640909457,-0.7774696784447916,-0.6468935279666717,-0.5551788906509988,0.8400349092430386,1.376757964099863,-2.0565183651880403,0.7126355295413582,1.7922563169716328,-0.180911273136083,1
1.7219764538369169,0.9774858975771809,-1.3355462074528568,-0.6411340136178408,-1.1706735739023355,-0.4547920266269804,-0.8059423296869773,-0.0728132072186223,0.6134923037395219,-0.5165353207548772,-1.3802207005086664,0.2079735587828894,1
-2.125918444739124,1.2591265304388464,1.9512522347440715,-0.7454481889673858,-1.7750584473338498,1.2188866883768168,-0.1044340422832194,-0.169064157243075,0.9188489527496791,-0.0815558749872387,-0.0773724099138204,-0.8324631775587006,1
2.5899087752870145,1.4058776747330763,-1.1510473343710266,-1.1987261197716648,-0.3189262406872331,0.1448347739838565,-0.5026391858392675,-1.5338010833204307,0.6223153147854559,0.2727041756605952,0.7258687900914923,-1.1045313629600546,1
-5.559084603228836,1.265522542148241,0.9484668618215552,-0.2724178347263319,-2.4592365085569123,0.0843618426812008,0.2914610066697745,-0.176555007603658,-0.5504410515435196,-0.1170401724525722,-1.0049819588905406,1.4886153960568795,1
-1.3260230850397334,0.2247930371946649,1.543296932920533,0.3366765321747481,-2.446636716875745,-0.4372615490358247,-0.2559740404429104,-1.608070388528928,0.0321075420742702,0.7921200562627987,-0.688685052826814,1.5447313477245912,1
-2.071578179233083,-2.894434754440068,0.1700014640396362,-1.3133674970388414,2.298631192063959,0.5025879576755294,-0.2802154106977433,-1.4577388756604028,0.5491689016597439,0.8639394054832229,0.0635276766245528,-0.1816349357136728,0
1.7766520635775127,1.305876367921919,-1.3139541418330811,-0.952171606440926,-1.0530162790348845,0.5263113626551374,-0.0986181472908469,3.03225540740544,1.2915152587737178,0.6912569786174941,0.0202347912677724,-0.5453164672683544,1
-5.650663176074989,2.1224214064464677,0.6558776676559218,0.4057388506768168,0.9506397711935768,-1.452176029641997,-0.6548259993536028,0.4170934140686916,0.1545933327305143,-0.7183265893628964,-0.6481900237230819,0.9643397541239106,1
3.9245824850838655,-0.410304475946861,-0.9000669330837053,0.7232955991993081,-0.3879792867516218,0.2216291461367507,1.240249151437426,0.6974372324641398,0.0719656172699107,0.0440939379778107,-0.4913782348658081,-0.0354237297965678,1
-2.623610719261153,1.6191731126060425,2.4706442243237445,-0.3279790894457718,-0.906337709744954,2.478799798715533,1.154829172478265,-0.0486415734216326,-1.2690460255224685,-0.5405964470886824,0.3446177400706727,0.2543057816508541,1
0.052199667030851,1.419579718057421,-1.3758021107743557,-0.8178252094257165,-0.7507718532732726,0.0372125621840515,0.6696404806034487,-0.3265769193154976,-0.2160864743517143,0.1100108124645794,-0.0116416867155444,-0.7286970087193115,1
-2.3769682073652376,0.3145299947779353,1.8488921200129285,-0.2947469547272766,-2.0447218581375752,0.6129501655658443,2.049918144254978,-0.3179832347000612,-1.3429346724916829,0.5397283802307964,-0.2501210418472068,0.4626792165282465,1
-0.7004367158056045,-1.368554841560599,-1.9547056191042207,-0.1197378943190939,-0.2378503862952226,1.159657212218841,-1.7441204546963895,2.8441941568250115,0.2012195933583875,-0.6051840798078709,-0.4712388807504832,0.4813166976857364,0
1.9252069165013868,-2.71696841200439,3.090305400698607,0.0238180287210798,-0.1697294987045806,-0.5690546232410848,0.7412639574703977,-1.0366669615115602,1.0139557563134634,1.286384554096334,-0.0861958617247244,0.4873913722865148,1
0.2309914815897149,1.5893731672393745,0.6616160072648627,-0.7144132937640103,1.4654682222629412,-1.242808096154279,1.0141825509794788,-1.183983838816386,0.4299654765903389,1.4573025868927338,0.0337892822481171,0.4690930476579242,1
-1.071887640118476,-0.1932923487122029,3.229816127721854,0.5621003236956029,-0.9482272870860364,-1.0713995807123602,-0.7057561668142909,0.1949100239801706,-0.0657395284374349,-0.7739358990353966,-1.3042917827624612,0.15911061242181,1
5.421482484465714,1.3749288720864077,-2.0616920660965112,3.877082274793996,1.5754409490610588,0.2920724950286513,-0.1588379122565225,2.3482950695052978,-1.4526305444192011,1.3298685735590157,1.2251287899007048,-0.428001590469046,1
1.9336442450860103,1.667794549981771,-2.085222359897238,0.2257403568981354,-0.5399738284062257,-0.5687819542558986,0.7005667047019823,0.187167747114836,0.2891469293488914,0.5426870553862188,-0.849386071279317,-0.9881337961302104,1
1.792690579466795,1.1550404680785151,-1.019201694440517,-1.165683269269179,-1.3157365771420804,-0.1906962343985358,-0.6825303610323528,1.452097564111745,0.1631940793835641,0.0488494155020384,1.866385277190268,-1.1909375269793034,1
1.7402434427877886,1.7070738668861174,-0.8235075935511257,-0.8771174511752197,-0.7121573703420395,0.1353983281275993,-0.1127187951785788,-1.054238290990832,-0.0636082810772484,-0.7959980272752228,1.342405479624079,-1.1883000761430278,1
3.0738072660543354,-0.8837907486326042,-0.3332829756282834,3.9480833435814366,0.4514850917749237,-0.5530236609151493,-0.0538368397882773,0.6353813753042815,0.5414381017502743,0.1894990396920411,-0.5803097054370433,-1.466004313756836,1
2.7969965080268184,-0.211475936034023,1.9839793975147892,-0.5529150827058918,-1.761070067981016,0.9083125687669664,0.6650184122204204,1.0670421169336866,-0.6249007712949458,-1.4633486371236493,-2.036774347167234,0.6764817083254218,1
2.4898344177987064,0.5699011783748539,-1.4899314953039944,-0.8494988067577659,-1.1221478477680285,-0.430274876673574,-0.6548713579469418,2.6708387568194927,0.2205572753255124,-0.4368348721437558,1.1980935017454215,-1.7238627795757495,1
2.1406321748051025,-1.0035247416738475,-2.264121547604516,3.277837790425996,1.3287221734494137,1.551478630433543,0.3592654006639403,-0.3594812651202401,0.0317142377297162,1.2447721637410647,-1.5286556368082895,-0.7785533446239018,0
-0.9064394470236768,-0.1820260440131556,3.5848351008573918,3.4234064927005177,-0.1996668664519916,-0.0825440738256258,-0.5840171242354483,0.127661520974527,1.06079294105205,0.6027299953952869,-0.9920086506876976,-1.7245529561280124,1
-1.0555883613279036,-1.5241549723793464,-2.4053062378134014,-0.7274086323151878,-0.3598242353291235,-0.0924529367987245,-1.8257337953107184,0.1075185868533827,0.6397890411505615,-0.9798468696570334,-1.1122061856839491,-0.3931292079654771,0
0.7976072417337393,0.359256321132297,2.3233316726458946,0.4920173884728096,-1.7331102791430004,1.0080127291773588,0.8227709559733981,1.124646014030468,-0.1490927923635647,-0.494926169360916,-1.298141860216982,-1.2027773371706627,1
2.9732700136808177,0.9648531932967116,-0.944127402663994,-1.0255791207451226,-0.4411569186637515,0.6669218192996745,0.1208265478871039,-1.374949233957079,-0.0844011810148362,-0.1584042848451405,-0.2380967732382354,1.9903220842080929,1
-0.4275282532724098,1.3055302169158816,-1.4050453171122708,-0.3114176809630745,-1.285399234525125,-0.5627369357817252,-0.6178702967006665,1.3979914163058504,-0.0719631893451,0.959397227683228,1.5895948999620784,-0.7966051005337528,1
0.8128935677881703,-1.000646136012162,-2.019579406122005,-0.4706398501547028,0.2117931578793792,1.1171879802307314,-1.4077940498149712,1.1917913736600143,0.5181792490228825,1.0124748130818062,0.5426565193379282,-1.3037927370759457,0
2.0776989337538936,0.3079754228046131,-1.4082282911871455,-0.1365956455060323,-1.100308239616237,-0.2473330418482433,-1.1925882218795336,1.3580961783929486,0.856423571222795,-1.9550456158743348,-1.681198995800537,-0.847196050407273,1
1.4767315023538834,0.9570010528456018,0.4944897945798618,-1.1298739817422268,1.1018065016162588,-1.8872695136193731,1.2498450556269003,0.9737160783811792,-0.3878911514660572,-0.4988912341564419,-0.7480006043840054,-1.27322130622445,1
-1.260520379251732,0.4683120670671359,1.776764134986352,-0.6082542551571016,-1.698289566867939,1.206447224245062,1.77745899039469,-0.2918050112118036,-0.793258721492708,0.1369258003066321,-0.2857515751677776,0.2376265136982211,1
2.3237912549109234,-1.1663235090992508,-1.821056643587521,-0.544589722361731,1.4722345169918851,2.611980393950745,0.3619256921201373,-1.9682900694139935,-0.2197262450284858,0.466399627507659,-0.0382301521143112,-0.0236622363462367,0
-3.48694697713129,-0.1329461102848718,-0.9781050512541648,-0.5652916054261075,1.632903968179714,2.134855895311789,1.2432222461231015,0.2581095382237914,-1.0876385676209566,0.2621943013078737,-0.6129611336944522,0.6001696955160171,0
2.523269339883077,-1.1984782010283388,-1.596332687773501,0.0704000651918494,-0.4164630630131413,-0.8124057475677919,1.506337323997856,-0.598159414790657,-1.4953698733938667,-0.0883068152613551,1.229792464871309,0.1908796844527367,1
3.348497344161395,-0.8308786671875249,-1.7354572718518655,-0.7756475208078292,-1.219330244101585,-1.7360496577794065,-0.6813384060071331,0.3951884344904773,-0.9610812227334244,0.3602102955916613,2.7692460475379588,-1.413272762770154,1
-3.408067655150865,1.9946157044467911,-1.186349626003513,-0.0617996125650992,-0.6818317585037079,0.8767768709087246,0.8963840572801746,-0.1159081586937023,0.066343391367754,0.7906194803130716,-0.2635148262586149,0.359939514289231,1
1.929706588332972,-2.868381797165988,-2.0254868116738143,-0.3809895711754893,1.061900329550966,1.254539622579151,-0.1724186893510063,-1.4488526803929918,-0.2178924040748634,0.2011685604685837,0.5328999710786354,-0.4680893854970068,0
-2.985970616091358,2.02260933263378,-0.4572260308010514,-0.2322271587368721,0.1035862325910958,0.9388765941152628,0.7954216806861198,0.085994104747598,0.7671933796339612,0.525848983476837,-0.382042827702394,0.367892893855177,1
-3.809388279223423,2.1022433537947074,-0.6078770627956819,0.2961840354866001,-0.3753612736034056,-0.5076044989371719,-1.4437686996350154,-0.1212569634628814,0.173243487332395,-0.6114211409658619,-0.5614373389754443,0.35488521143091,1
1.8057880807816031,1.0735193000144931,1.2215527377521798,-0.4480123563824058,1.9648796401527,-1.0212411533823476,-0.6395252448971424,-1.094655767207843,0.1916750648810216,-0.267731208576748,0.9979230732293876,-1.3047228450172146,1
2.970770467088404,-0.2444101219787399,-0.4079996271687792,-0.2270365524887657,0.7704885921140461,-3.2504357229508782,-1.2937713172459029,0.542290570347294,-0.1956106537925312,1.1095418644959765,1.194382582099088,1.1032804629654864,1
-2.5407453102831346,2.153346585157509,-0.831468606283002,-1.227771655414408,-0.3407843601635058,-0.496537318241516,-0.4213833064311916,0.0920597424465657,-0.7538047923934104,-1.4339571982311758,-0.129627704272142,0.586890983444543,1
1.2674898217478898,0.6905033843991473,-1.036381582697232,0.2525911606284234,-0.9307629723002684,0.0054930247175721,-0.9191093984354034,0.0852346060350103,0.6459229671785505,1.8802800262241997,1.747614066053128,-0.1393593548058391,1
1.1170007598628249,0.4048130410031276,-1.3331939518888811,-0.144766787178962,-0.4914881770243411,0.0440885179488164,0.9784472319574664,0.4526304063529079,-0.8243866322264327,-0.5068763246189535,-0.1065223799242276,-0.8539195225695357,1
2.854965812647495,0.65756451641676,-1.525465762549941,-0.1358528175115704,-1.020292198809838,-0.8828489060797741,0.2795330395823655,-1.387358981396001,0.846641017588655,1.012593982245103,0.2316803792849667,-0.602353046079991,1
-0.5750866434210646,-3.767644323967919,2.484722826392653,-1.013189970347968,-0.1696376260521445,-0.7396537022116324,0.5689485141410007,0.9063750159960138,0.5596749411800618,-0.1603778502241611,-0.4222332521982421,-0.6175298615226174,1
-0.645432818128438,1.9645980980531943,0.1157428965856629,-1.111576826937902,-0.1408073099429281,0.3397943417989367,-0.7082257824872906,1.5330557555300512,0.4524004762516236,1.139312362964902,1.5953459496899332,-0.0347315735374301,1
1.6947424677906666,0.2765422325610979,1.892956451453537,-0.3734441906807772,-1.7195458787482456,0.2440696203301404,-0.7886769881635444,-0.6156276715899728,0.1171338604939532,-0.3319570937073665,-1.0054097842828242,0.5873166625919171,1
1.7719685932226392,1.289810028528089,-1.3191788608643544,-0.8891636648331949,-0.8627697462256377,-0.5902642922153719,0.4073220521850843,-1.2845787213921671,-0.0695032149926576,0.3863818592131365,0.8021865846889739,-0.6471618190776753,1
-5.500361935919597,2.3864808121286467,-0.8858939064580468,0.7214262452851302,-0.1893173840438995,0.2291881634117246,0.0767767961648454,0.3481847697392742,0.7995256831166273,0.2375290586499081,-0.0934939877772981,-0.3805247289895025,1
2.9473235867147207,0.3934994946825292,-1.2889987963177645,-0.994282094845753,-0.4774546737440236,0.0432881497928814,1.6975301484321834,-1.278345409058127,-0.3626676697912631,1.1175117016570628,0.3287860992926915,0.8406364707088229,1
3.22036497249934,-1.1185801041301364,-1.7361361961175266,-1.1797922260700369,0.7345846148822429,1.769219429812216,-0.4457213361006226,1.202914325143944,0.1973263603097733,1.3691553516483543,0.3891703111034414,-0.2189991391327947,0
1.3741605138149102,-3.2160483843735967,-2.9052413369580266,-0.9188235625567012,0.5459188854848276,0.058718458746516,-0.1143563514018101,-1.654631864627685,-1.4027279521122948,-0.163710224968578,-0.3055285414561053,1.3031551572874946,0
2.6541183706801315,0.9745129946416862,5.695354739672292,3.126725512109015,1.4871771342915194,2.4811676659483064,-0.7614766290218381,-1.2332010231911954,0.3100742675173523,0.5159557094651808,0.7489491053064049,-0.0996747031316,1
-5.279137385669401,2.2284125294250026,0.7676093600678244,0.2647948375691897,0.982073169112845,-1.5897303774394471,-1.5846013919781896,0.408046293169156,0.4007679310350599,-1.3318841457624668,-0.2952283254411486,-0.001682298020322,1
2.130063009128933,-0.183375834237905,-1.4020465391561665,-0.7517664568226913,-0.9909883511817856,-0.5340971991030832,-0.6839159642760061,0.4353086985101908,0.8081321490358537,1.820229876409416,1.957315152444788,0.0902949675370972,1
2.7670058609707286,2.076546872925828,-0.5595511169594537,0.5306203441178422,-0.0176349147022779,-0.7880524368706479,0.8782451544552388,-0.1047083321616368,-1.2890918224493555,0.7670895012943774,-0.2488589471702179,-0.9161684542630656,1
-1.4933876439208975,-2.88981369723402,0.2277986640770581,-1.0485634970680362,-1.7693808897798553,-0.3307357587904353,0.1852228349990371,-0.2159155296078113,-0.4668081618588333,-0.4479706763138509,-0.5910470633593252,-2.165335819187043,0
-3.084862118450676,-1.7694118018213842,-2.537788547641091,-0.7083118804929442,-0.0072475470225045,1.2644000071324022,0.0224668756071844,1.5552108808194829,-0.0537093704930728,-1.1323358915293886,-2.0122571350900507,1.1711625978963098,0
-3.4910378003419544,-3.06891836247085,0.4237630686909234,0.3910715581802816,-1.1130298461279264,0.949097664736732,-0.9628610441104282,-1.3408260306454307,1.2179424948639563,0.4782095548159228,0.1313924040688683,-1.0726841988335796,0
0.9496194630490344,1.3952575361984276,3.605343692417384,2.773395402072054,2.12816299260743,0.9960680290941304,-0.6310702384269905,0.5827906428433252,0.5727874956085948,-0.065857163343265,-0.2779241404977804,-1.0513562493029545,1
0.8004736940009127,1.6133924039141998,-1.0544212296180293,-0.6538180685565902,-0.6853684713037878,-0.1687371749494959,-1.51084952798063,-0.3690157094763637,-0.332942084108365,-1.4184817296927903,-0.1592233055916648,-0.2992455491138189,1
0.1241638253429354,0.1883467331118173,3.66979505429914,2.870757341073201,-0.5942106856961712,-0.1989039814679769,0.1418893624126692,0.1892680887052749,0.3044375739332757,0.3627460093841023,-0.7255346735754118,-1.4379858216926098,1
-3.25446864379821,0.9622590293249456,1.8744705853931352,3.045017127225029,-1.373255046682487,1.100515440802008,-0.8012344916708406,-0.1597621396921785,0.2893704465431205,-0.1670565575255863,0.0918174638397876,-1.8400562207478344,1
0.2013506846171569,1.655588881248245,-0.2593952661578754,-0.4857218947645674,-0.3979407518404775,-0.7955104061366857,-0.994922562116649,0.4078652860251915,-0.1734309117892657,-1.3347501906606476,-0.6360434548834115,-0.0089464474699927,1
0.0992347843683052,1.102040851591658,0.6111395461427529,-0.6422224975073024,0.4311699223260884,-2.508037256983279,-0.4346312058055794,-0.2126989801249553,0.1893732200299354,-0.43083406090562,-0.9419942672009076,0.3999361924640182,1
0.6555084240954931,0.5651441907814546,-1.011224709650438,-0.4978813552255661,-0.4736730899243958,-0.205201299626491,-2.067147855076706,-0.887362717706722,0.4640919605798711,-0.9186511510870532,0.6868787119419186,0.4277405030505518,1
0.5890466873500079,-1.402050465596441,-2.1803302973059977,-0.3484785158286848,0.1478527784232525,1.481951498207322,-0.2093594704916337,1.0740805508956976,0.7696777948719474,-0.6814039289436293,-2.607606315596428,0.9654276371085972,0
5.373645837254152,0.5098346293923879,0.310931036999521,0.0223083301397841,0.983725027716037,0.5334558002849483,0.9600953070328636,-0.8747100712929078,0.3447528997588307,0.9021360199614072,0.4856134019690505,0.9613420860554056,1
1.29405092326807,-3.375024060345399,2.259877634574865,-0.6497157991748359,-0.859848128646481,-1.6901539657641615,2.619290040190226,0.483917065132075,-0.9869702364868754,0.331147904519347,-0.9235450860618232,0.02114091637699,1
-1.5278418323305247,-3.1554405582146767,-2.550311411209377,-0.9198655066941378,0.6052121105199676,0.4688685442016986,-1.7729399681137823,-1.2049047995323512,-0.4445257019766367,-0.8278382081111572,0.3406991965185622,0.5703906409117587,0
-1.2006949370572948,-1.2047866547979438,-0.4346093408014549,-1.2068044917480658,1.7920680657175,-0.2257306517277042,-0.0307213107773361,-0.1925065991424475,1.5144169934629617,0.3554955298017917,-0.7496477518150282,-0.766600331606274,0
-2.215732998864264,1.7723162072119545,-0.776594869316499,0.4172750483910614,-0.2780912486429227,-0.6618658160778729,0.1932259328320509,-0.0549587404223945,-0.8636358406401232,-0.1605177566266529,-0.8038453710811324,1.5379105695079838,1
-5.212777853754518,2.3421853067849403,-0.9079025450955084,-0.1043654046585491,-0.4605545672177003,0.2841907561562031,1.0948726474954849,0.1737900138553987,0.7316815594551026,0.861037106838747,-0.4946811534555989,0.5076565285993727,1
-1.0917483918002062,-4.929774771803464,0.0031928037819951,0.189010095795197,1.7692099905062628,-1.047420886730693,1.4144213299963273,-0.7658063399575674,-2.3624727431104224,-0.1604969820150077,0.8571437604636353,-0.0425658172249571,0
2.4270626687975176,-2.864813871380401,-2.116568668440908,0.0362065110875627,0.841403482879655,1.290559499967303,-1.972920782066513,1.5484401068288065,0.0555556773620691,0.4116025557250163,-0.0845886484684438,1.11392282116464,0
-0.3415975709739645,-3.7753051185641833,2.5217965084374265,-1.048968884579386,-0.5160290037156519,-1.6842851423047118,-0.0529829582841131,-0.6582120932495231,0.0885634922702593,-0.2570342103392826,1.083760230635257,-1.0626453250775243,1
1.932367473726132,-0.1513090842660359,3.8439355638823383,-0.1726351025727059,-0.5009113693942374,-0.8213935329361122,0.1989891306302535,-1.3017120029381604,-0.4142439579775354,-0.1816115126422908,0.8609949065822687,-1.054745912203376,1
-1.50719274170976,2.075217495791424,1.5089828792231206,-0.7709101573828853,1.7369233173570373,-0.3158916227160103,-0.1150046564141466,0.2738971541608183,0.691045221196865,-0.6322574273484806,0.253427325308821,-0.936089839176384,1
-2.602882965790428,2.030637574389554,-0.9461638993227524,3.4097751591787184,-0.3747955969669639,1.19695633365069,0.0277808640915703,1.12750329525424,0.367345446360646,-0.254392573892647,-0.7016585007699813,-1.270853193483351,1
1.1814001136746957,-4.085366331603006,0.3326632403851953,-0.5409239764550794,-1.4265220139019053,-0.2472648522597677,0.6250180112356872,-1.7202108786560766,0.1282336040389395,1.0813683689035598,-0.1688956665345297,-0.5148642235410527,0
-2.2417017649457205,2.190784231588869,-0.1892685662697459,3.936744762756821,0.8202766317892366,0.7310760609154644,0.3658528613854423,0.1169158607868413,-0.0224017023728457,1.1051947158774675,-0.3104781995062919,0.0002830008676347,1
3.461505247314182,-0.4133155272425983,-1.3965680146628678,-0.5476606245635826,-0.6976475034014626,-0.3010600279815413,0.9097283333914132,0.39712555095908,0.2783569212300722,-0.0539846078726487,-0.5035432005093616,-0.7721356263685789,1
-3.229451000015386,-3.345299881723653,-2.816994463600889,-0.2684622136606293,-0.0679873623069266,0.1865179298307994,-0.0748850212697133,0.8042057029256839,-0.3993572879055012,1.9374796908436385,1.9797895477795784,1.0709716760945018,0
1.1297925042148065,1.3118509461485002,-1.0310024598948102,-0.7463710453048834,-0.5923519224193446,0.6389700107164651,-0.2011855933611498,-0.2031896786159544,0.6924847537416455,-0.6646922181518575,0.1625252823315064,-1.4072292051678863,1
0.9023612287321968,-1.3790455945899365,-2.5730764189413327,0.2008383935506438,0.589227243172366,0.181563585732689,0.4764116319161525,0.2614537279778873,-2.5018994099307243,-1.2174339702051216,-0.8478935914659455,0.9016659485249676,0
0.7496826730855845,2.0272453154436985,-0.8722956446035189,-0.7921116721821096,-0.8837615374610164,0.7936357410835531,0.450294530887404,-0.1614607743748366,1.2162998841434052,0.1964473214093685,-0.2821692076167436,-0.3599207674849307,1
-6.322597869100556,1.6220680703365524,1.62364189895182,3.574378729377682,-1.6102831205366936,1.0865071674489124,-0.028158181121246,0.0450688625933985,-0.1456484797732413,0.397098490133926,-0.060717330045436,-0.9238309860592518,1
-2.978707745375114,-3.723094619399428,-0.4314410132253743,0.2052337113369428,1.2676712307905906,-1.1922331348902804,0.5307126169436566,-0.7905428345338624,0.8548387705745686,1.5085079923030995,-0.15187038468952,0.4910326182350861,0
1.5554405914971616,-2.52494551742668,-0.6334083963533814,-0.7937130767194048,1.7537487687094977,-0.4962957208420632,-0.3430034736018462,1.732555075628078,0.8471749304568545,1.65467253525347,0.1586204956270698,-0.2088047650815401,0
3.2419681949581345,-0.4730523843011238,0.1394874054149713,-0.956066405433326,0.7770707173426573,-2.8713143080470926,-1.5472978923628635,-1.3205010327037896,0.4898242488998542,-0.6298437234851761,-0.0069734517264708,-0.4111700251301595,1
0.8080882139381601,-4.838570043647945,-0.7398283621583638,1.349367068136131,-0.5638121019463873,0.9038195467417296,4.894866922996645,0.280252787890028,0.5919729502043851,-4.778715365976254,3.0292125408774924,1.5285077585785791,0
-4.763374194752862,2.220057290928949,0.957018680961982,3.184157117469988,1.5195563409034367,-1.1805050452535446,-1.734121576366132,0.2737291392184042,0.3345260997822288,-0.7178012471430231,-0.5569712734059195,-0.1047950660976933,1
0.0797311924105099,1.0598953121531185,2.255698755987717,0.2063018807671019,-1.261025447726159,1.2530522405650797,0.100633369813098,1.0165873247443284,-1.8682345610165465,-2.2720265546502643,-0.7110082551043345,0.50815559264689,1
3.38977796044182,0.638049652891696,1.3062062298891373,-0.5009087403503591,0.8214819806864943,-1.415403201028291,-1.2558103900770037,2.036872610498045,0.0537317331611562,0.0422723169723353,0.4038792676770472,1.0124529427095024,1
1.535758229492196,-2.669097110192675,1.0948199767971378,-0.0436139220089655,-0.0294499620613389,-2.319183118795626,1.17339044927204,0.8097884480872425,-0.6412364723867754,-0.6780977872547144,-0.2428038014198462,-1.325377939980277,1
-0.9221975591581912,-3.9274933737084488,1.94291918270526,0.2639855271181429,0.2426918344284769,-0.1517113120925855,0.0138240984787573,0.0717725213235255,1.0559078826255155,0.5682540030330768,-1.387610995653798,-1.0933871689424968,0
-6.470306905005942,1.8609959522231407,1.673571331930404,3.90947974195558,-1.6663941792768893,0.6220278392685138,-1.562738621862022,-1.0642394639537611,-0.5816275739936919,-0.111274300410721,0.1688124788433287,0.5798485409723774,1
4.77353689699842,-0.3439001644938796,3.479436849585702,-1.336848812393286,1.278514946162545,0.8899052107111621,-1.0529511772300884,0.7919174442302808,0.0731157905407712,-2.053847936765875,-0.9983181459935356,0.292162627612189,1
-1.329673791083669,-4.173919546307306,-2.720719283031872,0.8213457013918113,0.7564741356608411,-0.8286332742411179,-0.8417460413782382,2.3293916787554863,-0.6137213678896302,0.8450357180440121,-0.0865942682451283,1.8075551050709788,0
-0.0780084401902829,1.5867783901025283,-1.2666102367626344,0.2583286638686383,-1.2493723922652196,-0.6445451809251527,-1.517348755247723,0.2434263087769003,0.5954715605392655,-0.9703321603068484,-0.9527187862926778,-0.3121171032055788,1
2.576182912405122,-1.9967365123541123,0.2744781929773819,-0.5822863142802885,-0.1670176823737137,-3.043558440390739,-0.9004465092798573,0.250921012477649,0.2554983127496226,1.5192814711941804,0.6980869103326197,1.4580366645240987,1
3.0452446071726182,-2.047652233992537,1.0037331233052202,-0.7776145359761228,-2.071795921696276,-1.0726585278271368,-0.0364181649086887,0.0190240381205672,-0.782030773552066,-0.9962352904248708,-1.1740700052254107,-0.0194181055170243,1
-1.1507524511575975,1.1634973887029318,0.6081195733710284,-0.9636807662053364,1.178535379336643,-1.8976425057667163,0.6859811551611069,0.0074049829940836,0.2259446068799453,0.2717969877159597,-0.1882315320119843,-0.7793086032643972,1
2.7279606369149967,0.8896451745044247,-0.0231693286008763,2.8828158977828595,0.4188705465746298,1.083928144478956,-1.6680893140863051,-1.314986742045083,-0.4944999115194948,-0.4768235490496289,0.3934452345810279,0.6383027362050747,1
3.0887954856400555,-0.036896484756992,-1.207622734111,0.8648199559683606,-0.4646314997785541,0.1741149458065068,3.522505260481151,-1.5494398583041669,4.049234671771673,-2.439192097273596,3.1161645864785488,2.131853972383716,1
4.26707499796353,-1.3928087125116049,1.2112320607757927,0.0087053395373613,-1.8120332193751,1.4288824840506458,0.550965132912998,1.6270083066955705,-0.5312316871865751,1.2446246975608597,0.6598338785466159,0.313232132500465,1
-3.959110395119255,0.8706409819588156,0.978270204249069,-0.2308287140768306,-2.006810339803049,0.041383720520816,1.7371265094217452,-1.4621008608515034,-1.0401805910742432,1.551310060801265,0.110426886217644,0.7288061637205393,1
2.085231120852942,-2.2131344345812813,-2.305994913579103,0.2515580858121131,0.9612277726191452,1.3235786958830695,2.326892520892052,-2.2567308995076165,3.8494851208355767,-2.796894208484736,2.911090141730871,0.9995460609011056,0
2.5612938456919814,2.339793538572964,2.270209245936628,-1.2611461465748657,2.781034553617197,0.6371730451842542,0.0994867875114476,-0.9014151024504132,-0.4801871973388794,-0.3245371206773748,1.3244939555779538,0.0665721847849041,1
0.5988324200140541,0.1160637382908792,2.022703444377214,0.4992002677367056,-1.9600832176602887,-0.0145162739286682,-0.6971052419573981,-0.0449695331724338,-1.1128199519219784,-1.4387649490209873,-0.8517004888608637,-0.2549033589715812,1
2.7642174827762096,-0.0098695076920926,-0.6838891912846515,-0.3149416842637198,-0.25622327930548,-0.8575350416328453,0.6502901570286869,0.192868965857712,0.4236170979444829,0.0021299090553392,-0.7069810835927479,-1.2386330679546629,1
2.911833855598003,1.3939910241460007,-2.939765882590394,0.1264320076273497,-0.5293158966410675,-1.607582343632105,0.2114512866716553,1.9719203699070609,-0.7566973403580596,1.2799972748035608,0.909102330204362,-0.8945392623219847,1
1.5565350672861002,-0.3502009957126184,1.3700792056343762,-0.5995757921290086,-2.304126067049302,-0.6141205083704119,-0.3065528652441602,-0.2730210504417478,-0.2622975277538412,-0.5849336356631901,-1.467300813616938,0.0408423870640356,1
-2.602579990373493,1.612261580183325,-1.4458357583611172,0.0731703530727342,-0.9367329264598268,-0.0355038809281443,1.224472457630799,0.5527639596833753,-1.1135743382856078,-0.2796367269606445,-0.0624917940531338,-0.530777024529212,1
-0.1307538712216749,-1.4022609892357782,-2.1823247312888108,-0.1125836838698796,0.5876086529658331,1.3306139239786008,-1.295815700079186,0.986559228811734,-0.4780534739950279,1.125810518538616,0.1361050348386966,2.0198224641066345,0
0.5490036277775653,1.7612049410893649,-0.7173894897837721,-0.6356043782182584,-0.7552130702297224,1.0212295507643832,0.5056651209296923,0.4052855734782227,0.573093455277813,-0.5701889995290219,-0.303003452762362,-0.7739563991615777,1
2.9314893328555343,-0.5794413524005189,-2.483902002712293,-0.5328252573972004,-1.108074691781286,-1.563058578354882,1.063925311510868,0.3147489104925622,0.2907160229166243,0.3175942955065858,-0.7769659616113019,-1.1883929293110531,1
0.7801839577550971,0.2762944243419075,0.7119901292876322,0.3685704425887678,1.6293973166363698,-1.0740263884119707,-0.2221400165739762,-0.8150358982838539,0.8201847773758626,0.6060861348068208,0.5333656404963196,-0.3737940840766255,1
1.6231672359094722,0.0296634443534488,1.3933150809941677,-0.9223301291731436,0.2870198397453139,-1.2247066673603546,0.3198669980317827,2.049615819255137,0.26351239156112,1.2040381105422855,0.7583862354303434,-0.0557799907226925,1
-2.414612123573323,-3.8433562247072217,-0.2767582608441684,-0.8420742630686454,1.1888723577807632,-1.0142316777763132,-1.0515979729066856,0.4786441707727495,0.8951895490044305,-0.3825248196015719,-1.5972432918735258,0.6477805926584748,0
-2.477744370708592,-3.806178117209245,-3.3301734807461205,0.5885631382476533,0.1769680709476218,-0.0758939151860623,1.0508049503756969,0.9562369875746496,-0.1996406237473183,0.398166495705255,-0.6641986881239829,0.044512930304405,0
1.6987948976526912,0.58389237834793,0.6263532508909601,0.2594210363912082,0.8733859968553898,-3.257575021582874,2.5930842287189844,0.9085396300872614,-4.698687619665633,-2.504863818144633,1.1527217754427772,-1.90042947340462,1
3.145150831303383,1.6368410133066695,-0.4772758014665954,-1.3146269400383834,-0.6064447913462714,0.3730213775062826,-1.2870105887716634,0.2376467708323431,0.611715536494449,1.1628652709679752,2.402910439002345,-0.3741032853427221,1
0.1640468393232543,-0.8601466075756451,-1.2153169415277247,-1.0481630190657554,0.6317208208800491,0.5264214658135906,0.3118131069657166,1.058785227197497,-0.4872181322465379,1.6446160154656218,0.8879214178657605,0.4379899137670071,0
1.812945860249365,1.0504739503347438,-1.1862257014646542,-0.9575436906828484,-0.8409268523933898,-0.3833833819247853,-1.3095411110034956,0.0944832178104458,-0.0882825856113209,-1.5147667655075014,-0.6537453917649605,-0.5058755716582417,1
0.6117975393181625,0.2325050506773288,0.5989575127577114,-0.4352600939901322,1.4171785641318213,-0.945419541719043,1.6718309812484458,0.6474223695410024,-0.7438199279451043,-0.0200298868098169,-0.4768232112147589,-0.0843275387748898,1
2.1895738661157527,-0.0805458431500654,1.899201018312478,-0.5474771111257744,-1.578515619036742,0.7344645610240513,0.3960775166128686,-0.1923125537952385,0.595197401099257,0.2821661390518625,-0.933601055524256,-1.0632740685675235,1
0.6230332638913642,0.5727622570223646,4.594792383296843,2.993600874563875,0.2924076213974216,1.0939601951854163,0.2249355196134418,0.3766194958616626,0.6737620165330361,0.6477163753045815,-0.7920926262748853,-0.4006789613816859,1
5.178547838849467,-1.2067221199746967,1.7879449697907768,-0.6760491384772416,-1.2722849944300008,1.9014774620742492,0.168987072843749,0.2945176141360028,-0.7783319551776977,1.4395558626976823,2.1982139434416643,1.0509300879294514,1
0.534257666726789,2.0016639551992674,1.3121885278436538,-1.561980163740616,1.146443082432956,-0.7289021409580567,-0.8840224859637436,0.0400423432455172,1.2133284151359585,-0.7696170453080705,-0.7859357844211433,0.9222986218065924,1
-0.4226080178475314,-2.5487448880918717,-2.430674847032952,0.4073588936892358,0.4461196128374872,0.7531209933683416,-1.872874807829748,0.592411086619989,0.4721278232160992,-1.172232055889112,-1.6518636365786157,-0.3925152772374791,0
0.0822998692831026,-3.3108410434314086,-2.910498019613593,-0.7627654201713415,0.0680619472417861,0.0555351129642897,0.6164509376207286,-1.2994445259598322,0.6515874158727447,1.412673158905137,-0.1103253094723785,0.3291092676160948,0
-2.864988782542332,0.628625517568681,2.667421925126745,-0.6568999476915054,-1.626258291951919,0.8268715595920407,0.7657657267792181,1.0491384773106458,-3.7959344342386334,-3.1631366949560644,1.2526899071015591,-2.370557356384462,1
-0.5427905244650391,-2.1169454481370344,-2.8630722979266143,1.3055655678013054,0.2854127806403849,0.0408768026572483,0.5484551301421225,-1.1440094935531042,0.2062944058717931,1.4773254341252653,-0.1086044554129549,0.3284300919157564,0
-1.4726944755378797,-1.9202238445329032,-0.4246443531177382,-0.2726455858174082,2.9308434972801503,0.2189618332205408,1.017241450619251,0.1978553728485098,-0.4270498216568432,0.4895031901972021,-1.1340140167882056,-0.1114927892689119,0
1.773289429885323,-1.0842257947430405,1.3161399175954671,-1.263403393574863,-2.344062536802829,-0.4786914928964536,1.0315375128268818,-0.0809290632395751,0.2726683824364851,0.2611696625637509,-0.8757810402534933,-1.1198852713902685,1
1.5301890397677689,1.7276706249323652,-0.5210139615211355,0.1707275769709935,-0.2534169792277671,0.5848571700699624,-0.3571077735721613,0.4219618893136545,-1.3468201083477431,0.8191679880174016,2.6999778736609144,0.0856286869031098,1
-0.4727291210896717,-4.091546393986628,2.076663071953112,0.2252161018833851,-1.1625583907118715,-1.91670397575114,-0.4614198711123515,2.2273337308138035,0.1836537477489443,1.0497812536983158,-0.3259831155540635,1.7555901856806757,1
-1.6232841645758485,-5.431037818119636,1.7365396161112958,-1.405567617540063,0.503306065121891,-0.6016924111769915,-0.8200825014224894,-0.986370644570863,0.5882318065706493,-0.0397144949894084,0.720265764231692,-1.2028574802126368,0
-1.3254163980166922,1.6268269553986014,0.633002437675426,-1.570418248173394,0.8911221592321739,-1.4278139432821764,-1.0544916033621143,-1.1030861282394686,1.1624499078501276,-0.1112743399825609,-0.2562723246267114,1.0234847692651163,1
-3.837064236270798,-4.1294440470279605,0.465501943373329,2.042226552596968,-1.7103532003769322,-0.5021720228259975,1.003537543299551,-1.272289408149505,3.3178094290011457,-4.074325942397163,3.027086969326021,2.134869972819778,0
2.11154734780517,1.0376852216187904,-1.3324606021360512,-0.9756541149522172,-1.03782864478652,-0.6473397096873468,-0.7619360108111173,-0.5656317614051913,-0.1817058640085336,-0.8287726417064394,-0.6485537183886559,0.1079218254666542,1
-2.996226968214472,1.6804161269131666,-0.7827095150052432,-0.68054342030769,-0.4339416066685412,0.0462076289835439,0.61172523637346,1.663285996112133,-0.6675546591470057,0.9993791793188832,1.4559492724897771,0.4564182101566587,1
-2.926363750621169,2.1094061697538806,-0.4858289093478753,-0.7992397453972259,-0.0285575720298537,0.1794267152148162,1.4520081620138932,0.426254336286737,-1.372796670817828,-0.8258938517320226,0.7001822586411633,-0.0988806227805723,1
3.737068586774654,-1.4783745822776972,-0.8797330245514384,5.316201535093591,0.0063296077331926,0.4384148712288025,3.3747676669717395,0.4012831214488701,3.751180027961541,-3.0800659139503472,2.2046767246005783,1.2533050499313867,1
-2.120802457940216,-5.746226955035475,1.2907464127255386,0.5804241025650718,0.1307093194117362,-0.8766704742014659,0.3636895384380887,0.5557838179823195,0.5356476277342459,0.3112340345598861,-1.1079151037106978,-0.9539415587186976,0
2.8031836792691585,0.0794350137419322,-0.7882973903762103,3.244863982335754,-0.5203541425484675,0.0534014434967814,-1.1636380603472711,1.9242710244238044,0.3353276914366949,0.9565341463109632,1.0745587744717209,-1.355670521939826,1
3.793527315666092,-0.9034726418873972,0.686382096036648,-0.3581592021641159,1.835512632160971,-1.5486528627701688,-0.2034191779184692,-0.8760676773504867,-0.2291885754552079,-0.5123827901964383,1.1159604016931983,-1.292079047560008,1
-3.9054765751504585,-6.456301061990339,1.3983021011146244,0.6934219137582894,-0.1119979033321884,-1.96046853528078,-0.5019214210226114,-0.4239659390165768,-1.942483990141147,-1.287909087692809,0.6236360150621892,0.7455112173776655,0
-2.9112125051328936,0.334295517188428,0.1902219554366534,-0.5710057318406982,2.346067678265652,-0.1480488830565126,-1.3821790336341482,0.1501798444072813,0.1353915700067198,-1.2777169215645774,-1.2716872071232754,-0.0756227321331871,0
3.3807226540210915,1.7124671989246136,-0.8947171269510092,0.3417953816462705,-0.171335261954678,0.3372428466397265,-0.8816008175928026,0.2172733109811453,0.0483800578078102,-0.7998085592576015,-1.051766448211883,0.5027299916704914,1
-2.9667518909048765,1.9579356559621808,-0.6390457295938695,0.57122206347581,-0.2940238710310019,-0.16790823169046,-0.2868513065093305,0.152270553182836,0.5414290647706558,-0.5013914155532174,0.1759938559660533,-1.359150876261383,1
0.3405797271947286,0.5583744281043291,0.5166389517365363,0.4805912653991101,1.212061238000197,-2.2296541063873945,-0.2380115655750756,-0.8526841405844183,-0.333192413230843,0.1155522322258901,-0.1655302648459539,1.4891952954574,1
0.0690814498121587,-3.764378524008747,2.495116567905331,-0.2834122094304769,-0.7077954163216206,-1.7340539474357932,-0.6038778802726668,0.7524519936436515,-0.2060546882700287,-1.3548135492053055,-0.8749289631081061,0.1225542519208978,1
1.014763194661935,-0.1924155510642206,1.5641296963655202,0.7002918971354186,-2.339840702097767,-0.2873276154711301,0.6107407953717288,0.4055376130340579,-0.5170056394698082,-0.1956589526357445,-2.1506295969269136,0.9074317501877112,1
1.293507276181349,0.9014949375188054,0.7416769458752225,-0.5043763749271555,1.213697080995752,-1.673805640274976,-0.9592009857337038,-0.2780480848295329,0.7025949076583773,-0.3145066028596318,-1.081998460002972,0.4479246441102935,1
2.2057168670985683,0.6539962536493081,0.8569690836791767,-0.9905469837813312,1.0985235002078626,-1.0629510732596126,0.8387677260303729,0.2460408105928947,0.3950827963305094,0.0134840712743786,-0.7185865550262092,-0.8819973384763579,1
2.1196918762182984,-2.4334102756619758,-2.579642409772493,-0.1350361013532526,-0.2239582287321505,-1.0689627346305357,-0.730272269371144,-1.5925361374983062,-1.6073005060284336,-0.9964372336042544,0.1868712029144637,-0.006519996788284,0
-2.242880132111571,1.4473593161483456,-0.8964626899298479,0.7390021822946351,-0.3819626883012132,-0.7078400216796481,0.2357048361515658,0.3953994289094179,-0.6407285177878616,2.1797470521782376,1.761310146170744,0.7079996498503953,1
-2.730076578527268,1.6462540327258324,-1.3915469295247431,0.2523674623754837,-0.6942073769343351,0.1140272293440489,-0.0122860151990283,-0.0074153862619386,-0.3044361807095202,-0.2640959314963138,0.35249754512143,-1.0785953563792177,1
1.6733495757090433,1.5358477687439775,0.2426837749936763,-0.1048096867936395,1.3937185892734143,-2.9189016800706185,-0.2871839377518342,0.5723032891790829,-0.9811662782018068,-1.2053303015054078,-0.8228520430762405,-0.1772600036899995,1
-5.413862113034893,-4.366755742637541,-0.100620449354249,0.2789402843911668,-1.7281749525503485,-0.5503930451672533,-0.35485761619114,-0.8582512480310778,-0.5529403358763293,0.3457632353306359,-0.2489615621791996,1.806383494463914,0
3.8032261850701055,-0.8025495513057646,3.1539456054424684,3.485751275139071,-0.6168646050199715,1.781800053035863,-1.0427578766452992,0.0336952889837891,-0.3318835177028262,1.6767319900738047,1.932575737088808,-0.1110432543059511,1
1.0564186996436382,0.478293570896431,1.4761616239500357,-0.9142543350011464,-2.270373190068051,-0.0820245036195341,-1.491620521334557,-0.1099538195978597,1.1712420787078806,-1.0678816191133569,-1.348750544030423,-0.6317374136722841,1
0.8463961374265001,-1.5137266791997144,-2.1003493713145005,-0.8373568643579846,-0.0141699428204374,0.4057561388505569,-1.256799367248358,0.0539359685080161,0.4552278238474325,-0.7770977554287009,-1.2685930523406392,0.2612366057461271,0
-4.311379390620079,-5.910503061430498,0.1606923253894537,0.3420840950101302,1.0343838716425275,-1.2326380616222208,0.793239597358178,1.36114787162295,-1.606004734637506,-1.3243710924526495,0.3212459348794453,-0.9998195048531128,0
1.5560647051071348,0.9931479081865228,0.0875362068852454,-0.7661554064850362,0.5928434296758202,-2.5052720456586783,-0.4836540015248196,-1.473657212893546,0.5969186302540243,0.6392283221006628,-0.7091860805407256,0.97932478215095,1
4.562960895171562,1.8467834650803736,0.0910726141783646,-0.3784064464788957,0.3286216964925312,1.6201734699595334,-0.2256959071630086,2.20968095005314,-0.6119540635765456,0.2104068317532017,1.7087297898994194,0.1627086200879732,1
2.580048777225121,-1.3378879036230311,-0.7639094547729283,-1.1802108507765885,-0.4316006254239238,-1.4003494002147725,-1.8607412372930248,2.323589736662917,0.296162772017234,-0.4073657956564044,0.850589981670311,0.4654722844286178,1
-6.141003361549768,2.501963895864832,-0.8137972066278369,0.0825458646883067,-0.547209877986992,-0.390148175411281,-1.104868040893538,-0.8775819124099653,-0.2010275464378435,-0.5840237109155493,0.3389224604517177,1.0209032589624836,1
-3.970087393573208,1.2082975132279823,-0.176909162473912,0.2672657922996694,-2.32233735313828,0.3888868718156924,0.9142211563357392,-0.3120363592887367,-0.3140266740413776,0.5317691384941882,-0.2161168235703136,-0.3146375287622054,1
-6.10526020267483,-1.841087250214697,0.8333340815934159,-0.1608563440245083,-1.8197187065287252,0.1755715022347324,1.4728261941401466,0.3646577177855388,-3.212781697147433,-1.3521335159067696,0.4304035031792692,-1.2728926090465422,0
-1.9442644897844168,-2.110589035774903,-0.4330033492779905,-0.3087082183891322,1.8651972353222188,-1.2655306590298805,-0.7824466511489928,-0.9147974011083287,0.3567212656290647,0.0257886509669794,0.7754598777047998,-1.2427167640111063,0
-1.3960206328612073,1.868567707527499,-0.0488364882058278,4.256372998114048,0.5106410637005937,2.1723140281586963,-1.2415340732954625,1.627475228466358,-0.0949370065173608,1.547257757836851,1.513094601277417,0.1283182307604868,1
3.173927760729648,0.6176177943689687,0.8614741577280451,-1.5405405015468672,0.8448834233498629,-1.4962112885439192,0.1418114615705893,1.4807316898337597,0.2779694575597001,1.2509175585299783,1.2373292764633643,-0.1043293606570004,1
-2.2418708118757964,2.019073294447227,1.0893930731098094,-0.4068290896951448,1.3386948684808009,-0.9927858937410216,-0.3381514679301274,-0.8247895662708914,1.439061013828015,0.4179889404702817,0.5041860194633657,-0.514112725298851,1
-1.7295573858034528,1.5480605907554472,-1.5102852330040584,-0.4023541001309239,-1.2214607749189583,-0.5976107874093564,-0.2961780545524992,-0.2119897740314406,0.1360891950628507,-0.3687652710977696,0.3014863664675546,-1.7578849375535257,1
1.7999230282810297,1.052602784082478,-0.7518264315579433,3.625304612638128,-0.3153254232192399,0.1604147083206774,0.3529653194303986,0.3743756812972899,-0.6591477241747796,-0.1836757426168124,-0.2167190067225484,-1.4656160357079997,1
-0.3723912485964034,-5.2967279554474445,1.696568093286043,-1.666049277417321,1.3404697981612936,0.8919687454458867,0.4673651708117297,-1.6701686552163073,0.5339406479711565,1.4196921198523886,-0.4449499422719374,0.4135175717689511,0
1.354713248877274,1.1619070501820588,-1.3418877466875665,-0.5438622483664618,-1.004028446353316,-0.6755166924766262,0.3871025444087316,-1.3015862223560182,0.0056174234752834,0.4426633856381581,0.7173834847772008,-0.6703207892671849,1
-4.62493253662459,2.36205528587816,-0.6722402312528927,0.5983900426697951,-0.1909535486321067,0.457937216035379,1.2771575512046422,0.2371206182282635,-0.1010033274286462,0.4262487619397234,-0.239019884363897,0.453058003430711,1
0.2420594143386185,1.4830653539233494,-1.1259520663193736,0.4110802468178123,-0.5653892436649797,0.2183390140106208,-0.0240015906656958,-1.3939088593996791,0.4300960201885075,0.800482262486575,0.4241500379927321,-0.4269178603600658,1
-1.504440007053535,1.8964679378077185,0.9843457990755492,0.0104122204957086,1.5898240582391443,-0.9395269355276108,0.3794933674503459,0.1793310929884774,-0.7998413356897665,-0.7784226652830543,-0.7466833641127153,1.556702277541916,1
-3.4412250695362823,-0.8816805437223884,-2.155630636501694,0.557032501105665,0.6850604625381744,2.088479378431172,0.5274705199221104,-0.1211227220378799,-0.2035603336681009,0.1188572033367744,-0.3631799426442246,0.0632292448405637,0
-0.4402535167383731,2.3743218820954106,-1.1680021715193185,0.1547200823773914,0.8148520670056415,0.1651144608644999,0.1229817912880985,0.706233078061081,-0.1315783920042723,-0.7091113286091272,-0.0959772910520545,-1.3028722349902064,1
1.0407596825167704,-0.5072776877992837,-2.144875849155872,-1.2583376452888002,0.9979859628083008,1.1115547904041752,-0.614147890592721,-1.512638402481335,0.0879955563846494,0.3224149811112407,0.6729788334196144,-0.7956598749216268,0
2.117822423292006,-0.1393913944116446,3.656926909873994,-1.970747859527355,-0.5712997995880357,0.6536709060219168,0.5905800818485142,1.5633321479070534,0.5270331774186564,1.7403785992172365,0.3569172765387621,0.7141341929261862,1
-2.529231655384182,1.7571054794953835,4.428592137157792,-1.5863907113591265,0.7220178833484207,1.7446057387335263,-0.6079867648192401,1.6477896196047863,0.5022815140124087,0.912822103623636,1.5013195336550051,0.5968235393095356,1
-1.3481317991617376,1.1889857685830756,0.6010655188724038,-0.6678424147242307,1.1084225452045833,-2.2518929869590703,0.3460710463305054,-0.9700372245685768,0.218167981168092,0.5914599578961358,0.6024971470612064,-0.6311225414965889,1
-4.623326017332365,-2.263352771072204,-2.750522443852996,0.0158528941688325,-0.2804528516620795,-0.0301014214078151,-1.9588852407398627,-0.7123674008023223,0.3003536250051886,-0.9982941773320908,0.4032419774886274,0.4630060323111162,0
2.2783014586268218,-1.161099121532836,1.5924455258227033,-0.5711983489378915,0.8346573128363929,-1.0539102968878062,-2.23818840886152,2.1202131230152266,0.242808251190264,-0.5361503978074914,0.6950824648452487,0.2775257517560088,1
2.5527204959490533,2.6261615204181936,-4.0515977830611885,0.3917038456100493,1.2888196366832914,-2.774103412382255,1.2287616185411474,0.4618812568138762,-2.382465315612996,0.3615223393413702,-1.5117611348896285,0.92771025524546,1
2.791580853692123,1.5128790279396294,-0.3014922166162796,-0.4674552795987483,-0.8424951576995484,0.7291219080202022,-1.4182351344094648,2.9088688082470138,0.3461636914586337,-0.2507387515540994,-0.2105223091910392,0.9848552856268058,1
0.990021229936059,0.3150519153962486,1.00718544010322,-0.6542724724090145,0.3776681680289611,-1.7618502253956012,0.5856156436917493,-0.3161660252039891,-0.9822717838505572,-0.3692315542625008,-0.9950841943904788,1.1312769571609296,1
2.721843674327562,-2.315726388533605,0.9318321783375152,-0.4310599816878119,-2.2739476745563456,-1.2956245543368223,-1.0099454142366229,-1.678590304770614,0.8090157301479151,0.331172574415524,-0.6857868771815205,0.434472160606764,1
-1.7030715159929348,-2.484001136816239,-2.899000045968311,-0.1180755810451461,-0.2251487921205444,-0.0261300398949646,0.9447557383566616,-1.241886893703918,0.4409731205164813,1.6990216068787751,-0.2072938368312263,0.6775424923255883,0
0.7999665085649011,1.5187360357114277,1.7662010427123185,0.3517547342278765,2.37908359533766,-0.5677618907615971,-0.1010270831665877,-0.9484393644235526,-1.5381369523784274,-0.6094528082074959,0.3208554990636318,1.84249267259934,1
0.1491926639459091,-0.0515219321561202,1.625102303291897,2.9473999551149377,0.9688129978928876,-0.983955848209894,-2.078158138150134,0.4021413418256913,1.0263180390065385,-0.5901806690523748,-1.2077771122932994,-0.5554853012866273,1
1.9586551198037063,0.2430119740636918,2.824801694816129,-0.318495691804017,0.6746427100716647,0.1753895310609057,1.2441964487397466,-1.0780848708574786,0.5491642543089691,1.2727552209388826,0.0957495148895972,1.2247321873349195,1
-0.8018509998944726,1.5929251148358092,1.0055403749494114,-0.0118228368621563,1.1220893356708412,-0.8211247295437814,2.2220726297145323,1.4323664398309273,-0.918391423400164,-0.627356058602523,-0.6873426409624729,-0.0461475184761804,1
1.2244843859500365,-3.205805909289135,2.180674513405702,-0.264010933966806,-1.0244125179155683,-1.314381595102782,1.3274473070859003,0.5759886165472927,1.2966033603595322,1.0556365724262151,-1.3725615119663035,-0.0469130782476178,1
-1.5303338246555016,0.0530616190061832,-1.739103302653605,-0.0480381225656587,0.7999781770662051,2.1200418236452045,0.179759940054881,-1.4158352374922452,-0.274678691478195,0.2578550061125813,0.4614808197880128,0.0509578051262686,0
-1.084824036864599,1.846169106988968,1.0957466863114964,0.0451186226741879,1.5764274898429966,-0.5642043138759093,0.940555814325544,0.3014799957491207,1.1527930800639248,0.6898563332732656,-0.5978036944359078,0.3339997950432185,1
1.0655248543513174,-0.8290333272507733,0.3618727289842437,-0.6384523299592048,1.56073649379031,-0.8999835154397577,0.2722371307854299,-1.8799166012177744,-0.8015719550684322,0.3182606862290376,0.2367516474027201,-1.263476162764389,0
-1.328590749348592,-1.2142418446524974,-2.299506753856619,-0.5290146190410768,-0.0358267915902241,1.3400878320444445,0.5256934630741926,0.2130396325792304,1.1176816083825427,0.3923462360460428,-1.1371170196980984,-0.3081404370689591,0
-0.9983888775037296,1.667920188291977,-0.5434719894850191,-0.812817744992996,0.0685504708705309,0.8239783491830901,1.4604901810475777,-0.1060891885634754,0.7994640312348879,0.9322785717292312,-0.7286362079386373,0.795466162587237,1
2.7068206413014333,0.3875202399765015,-1.582439753188695,0.1058504802649325,-0.9273769214390049,-0.6519491365812128,1.6598182148239673,-1.4094179287465125,-0.2100619028365785,1.3894405370078444,0.006123821113712,0.4824157568856969,1
-4.422315127974113,-2.4863494255799403,-2.1812279569929567,3.6535568803297926,0.1116020969241806,1.177884640683572,-1.705789939349291,1.9963081928207973,1.2100341369829586,-0.932651856583213,-1.915946905297668,0.2084904872556987,0
1.4346793600627723,1.316509970401075,1.0996115056097735,0.3221771061259982,1.756459071338463,-0.9460885404499576,0.5356758913884297,0.6075833155563147,0.0263443267424065,-0.2134838642777544,-0.4201781739841523,-0.8911759696984463,1
-2.245671025580399,2.0496731865270736,-0.7682732106096405,-0.211436637855362,-0.525198502311184,1.249095725778633,-1.238211269920807,0.5508513391545845,-0.6363695108841325,0.569031637245527,1.7023333318484135,2.4910885952244968,1
-0.9917021904323692,-2.4263511646595988,-0.1436546006221957,-0.6647318112622123,2.516154576228401,0.0220243073249305,1.8790404852190528,-0.2453612499942966,-2.436324850229838,-0.3982675174947509,-0.0265267783438433,-0.0214794464680954,0
2.5413457933396963,1.6642170987508431,0.6658726089488798,0.1390777984096307,2.410983831921637,-0.743997587307326,0.8827414552369428,-1.2024394352334102,0.0322064841356608,1.3024823808263923,0.0478272186348723,0.4174490377678687,1
-0.5208800215818422,-1.3691420201552489,-2.1558134832470577,-0.3789783752154722,0.6129194682526117,1.0271290416257073,-0.8421274809606696,-1.6227808781449893,0.4179536405052908,0.4826872756608968,0.4029986220838331,-0.985925202373514,0
-0.3790829012741228,0.155419157255625,-0.8282538741538922,-1.2787801607662173,1.7634749461059296,3.371880567880712,-2.5390284492941877,-1.575972917119313,-0.5510706757005384,-1.9026269357801275,0.7433444895135982,0.3943772813433001,0
2.003667566774884,0.9898471967441064,-1.26109296122203,0.0922769183199668,-0.4655652725945422,0.1194028517159122,0.7930926383932368,-1.3109856669359192,0.3451017635674672,1.189886079502272,0.2020878712054747,0.3412349881176461,1
0.166438105338841,0.3115513790834724,3.410896149593308,-0.6964949090605629,-0.8098528494001975,-0.658200025930555,0.1091600126098569,-0.426512972570337,0.9989612316184208,0.4413317887383181,-0.4967677340526415,-1.0752511874906798,1
1.644892796252966,0.6855399328475279,-0.651322725599613,-0.169518525937995,-0.2599712927590963,-1.2670920479025265,1.0931817397578585,-1.3434876850159776,-1.4051072753153322,-0.0057119734450115,0.8668844383769354,-0.7806446773321549,1
-4.799761411406789,2.424685772901071,-0.2565206565319392,-0.1874223295830038,-0.3202211731259526,0.0094312074000826,-1.1348902685623736,0.3895581170210102,-0.7086762258110086,-1.9048379700315472,0.2799001484491983,0.3767226774070301,1
0.5775557072302963,1.790352171503201,-0.0449218331780985,-0.089138719020917,-0.0535624845998562,-0.3912694936635787,-0.8263204482996566,-1.1914429410133274,0.828813176550907,0.1458672104315449,0.8639975627512194,-1.1919184020689804,1
-4.298491168545373,2.930663240211723,0.5147608555896025,-0.4223732975727753,0.6413396747730851,2.3480084547992948,-0.9437550365389128,1.843677802873114,0.3795396273436703,0.6946404564096723,1.80779388697414,0.6103828338215224,1
1.84391622730492,-0.0219140037402005,-1.17604072841841,1.088312442784438,-0.9460480399476844,-0.1464767174881775,3.927740662282889,0.362745007961463,3.6045031353650296,-3.506671509580184,2.484622484420421,1.5185176390428683,1
1.4632574818654882,0.7143107680517174,-0.7409953470586779,3.188959680550556,-0.6765101082698739,-0.1123395045793538,-1.976193978862636,2.020682370681949,-0.2653826237359246,0.3074747769273847,0.6029780724192753,0.500542741657409,1
1.807074437364625,-1.2827196742976943,-1.699394490515455,-0.4592862642562226,0.4679609738421999,1.15013423332874,-0.4328587738537676,-1.8340709834834048,0.5730216424053052,0.67155421217776,0.1416035542126944,-0.7070213377384675,0
1.9616357302035925,-2.817845616069988,0.9612516736929464,-0.8918405414099454,-2.533710611830688,-1.5056540135836252,-1.07957987543943,0.2833468102425103,0.605614217395394,1.3264096381820856,2.0270816907667264,-1.1415620999726586,1
-0.1058600527850642,-5.253664680091356,2.2657308458300203,3.321988239328172,0.867929460084437,0.5068253246982979,-0.2897836563323172,1.7781943193530878,0.1535152881625515,2.029945009217091,-0.0149673453874932,-0.0867885639435415,0
2.9097755717009632,-2.37960569544561,-1.9834561797736605,0.2259763325411621,1.1455959294261264,2.046171981276602,1.1051815199238093,-0.2117554300689725,0.1851839431878295,0.8817662107626026,-1.512240562651158,0.3149693776924752,0
-1.41625484256892,-3.7406152823856833,-3.2608324151402592,0.7848101145692998,-0.2855312343345702,-0.6431715163535181,-0.2722068679001919,0.7724930854426363,0.4247088036650421,0.0799676319672052,-1.6349767780206783,1.4200176717832949,0
2.5634929538586864,0.6039138181183731,2.1445602257341645,-1.4633836640150104,-1.8549372520132077,1.25927148027931,0.9924401440311622,1.6926288355557315,0.042300583981612,1.241339126242196,0.5750363106529721,0.6538948705457962,1
-0.4272763997066868,2.177609628234308,1.8113321020423852,-0.7724336240309406,2.483743699557603,0.3531812819750668,-0.220466454227063,0.5861958404940556,0.4953613122615651,-0.4089268411918461,-0.1722408349880301,-0.7745963754318812,1
1.9749229469780296,1.522572466869134,-1.0253754984244277,-1.5084425929960228,-1.0052253372352642,0.3549841960332745,0.5544384633965537,-1.330896528816377,1.323044652488382,0.7581408727547049,0.2776085881075417,0.0319074806181028,1
1.1134275594350462,-2.128120928149941,2.4803937563327567,-0.6986958469265345,-0.8473363457299581,-0.7665500904453432,1.8808541759323296,0.2041476922123349,0.2245161208773501,0.8836032366030859,-1.3113324569017204,0.063463186040264,1
-1.397588857598398,-0.3213472357935992,0.5728012043184592,-2.3073051333021777,3.3969364072386115,1.62441017284292,-1.5115233048819958,1.1218773471253918,0.8148460582715927,0.7147180057218689,1.1277452797575456,-0.4096386799034794,0
2.931164635311024,1.700268539449873,-0.9217251994002748,-0.6606302904534571,-0.4224226260670313,-0.0683915544676423,0.3194325273831208,-1.2355538650408522,-0.2549951422073225,0.1720213490651227,0.960059416827847,-0.5509900488693893,1
3.0492704178939523,1.5981203965527233,-2.599970288731324,0.956901133827996,-0.1544275541845817,-1.0362463780201263,1.7330239584281746,0.4933065758565322,-0.9229334067376278,0.6353849723026794,-0.7556212762890369,-0.4104721364908089,1
-2.232544726724011,1.7937186876223392,-1.297493417454472,-0.3998100702983818,-0.1989814136321075,-0.5588634302054307,1.2338871409181231,-0.2052982236948317,0.1429984728375539,1.1694378911133323,-0.6253837692202148,0.1246822882761825,1
-3.1356238020035025,-6.085835554307007,0.5581378301790128,0.0359096449892554,1.910085225111891,-0.1163751058796141,0.3223980207286917,1.047399237565375,-0.3126019947012996,-0.5939293040243198,-0.3202390549414419,-0.5652621506888313,0
0.0676544978723644,-1.06002648929416,-2.243142480751465,-0.4416574924797831,0.7060771663862155,1.533628024564654,0.4526606970272598,-0.8261728102027263,0.1039687046622562,0.8170643816893869,-0.8568585505167268,-0.2980678575214842,0
-0.3068746596951418,-3.657488474560144,-2.793367408495385,-0.522692384935036,0.4465455100092562,0.2065074441787053,-0.2180047718484045,-1.1840308913129336,0.0490668273152026,0.3260731372149555,0.5668623773646329,-0.6585315996428657,0
-3.5931927924952,-2.704725075268972,0.0056645243966035,-0.5168299721918882,-0.8843395419162338,1.066164653294856,1.125003504817201,-1.2539075703589169,-0.2475279678323851,1.1001285453704954,-0.0276595286217849,0.6187993098559403,0
-4.1329043088383575,2.538241471820432,1.5390154165127854,4.095639796062477,2.369351105120496,-0.0175311927654368,-0.3478364369339051,-0.5160901284801113,0.1269546436426293,0.5598549993791985,0.769489148365428,-0.2828716970444436,1
0.0248422464776509,1.6932314727053357,-1.1275051420584845,0.0119556974126967,-1.2775935083599448,-0.0356064314073864,-0.5387925613198798,0.3984127386153269,0.3293640917103532,-1.1302317388746888,-1.0305270056683014,0.4862273185001687,1
-5.576994695942588,-3.606605210357069,2.5726876661146023,4.16851222170379,0.7038083729415008,0.2414215471044517,0.1953683055916734,1.3822862068650963,-2.0311987328434427,-1.160545154708321,-0.1540099319656797,-1.7557910032268862,0
2.489896845137847,-2.387047441328419,3.243789552866652,0.9701479211638476,-0.2622846409032213,-0.1949105669602581,4.231276480174219,0.6838127344238253,3.804404028457129,-3.380862837350698,1.5587390587513186,1.5614155646432426,1
-1.4991895600224403,-1.4741410123495386,-0.2736066441305204,-1.302639224457552,2.2354183226368245,0.7713906148813506,0.3195972404537857,1.4407804837844824,1.413074825354471,-0.2990085787970962,-1.7712171652325093,-0.8341634163530589,0
1.8116993739800564,-2.7850555543618727,-2.3004729136250823,0.0599463138805691,-0.0626080971170727,-0.4152131476247359,-1.790936634324944,0.1787078426766926,-1.100387018309972,0.3072837811454422,1.5482657372535615,0.9809525999309716,0
1.8028887766989123,0.9462936578808328,0.8553733023344096,-0.0621530500604778,1.5979917990564616,-1.0477785142161975,0.8768079541578591,0.9203596393318138,0.1527431797186394,-0.1458259774040146,-1.0604872661981362,-1.0115792307999776,1
3.782653632502304,-0.2659866406163713,-1.3403389816953808,-0.304443222895582,-0.4124617053052147,-0.3305817098912843,-2.474973639083042,2.0518656621308438,0.5202992532995495,-0.2555580375120878,0.7077381806601394,0.2135728964398145,1
1.8954175571129952,1.487649030548779,0.135708804312639,-0.0949560988919968,-0.4292710531986684,-2.144252772692649,0.2847180208377409,-0.9151731392512424,-5.235466160506995,-3.550256315082485,2.316189942613214,-0.6512875216691038,1
1.514998062350937,1.4806532138279305,-2.0684240751782483,-0.312154516347932,-0.8976124851631393,-0.9340090009230944,0.5546593279573347,0.1572790548249744,-0.814997426812653,-0.2056139774021065,-1.3664271976377134,1.0541758655995872,1
-5.3124772938335365,1.5144529994724087,1.1302364961490283,-0.3881716678982853,-1.8484934280258396,0.8706985401674411,1.2805222657952782,0.0267686796069987,-0.4483833431209512,0.4077208899045971,-0.1692305624572005,0.1780099018600688,1
-0.8073964554446219,-4.45777030364666,2.2265038936627564,-0.5928974031599068,0.9727583524537898,0.554622080988476,-1.0394620185369,0.1335606514303435,-0.251021507977203,-0.9629048786346716,-1.377555179492863,0.4934615171272204,0
-2.6993044224935767,0.9024829926761576,1.793648873835653,0.1036809813773433,-2.05584464235055,0.8957436472012346,0.8470924762773402,-0.1532865741008713,0.1331381537487643,0.1595620123281963,-0.2721979856351542,-0.3024529688625768,1
0.6867872629448319,1.9298100300053755,-0.5105823330167925,-0.505401246972428,-0.6121227142952252,1.1427327945120165,-0.9831951012422784,-0.1637785983443094,0.8114713148883652,-0.8622648629961421,-0.6743667659177573,1.0524087824127872,1
2.081542967609818,1.047770739883882,-1.0666409697381682,1.0174318667391555,-0.9897553251653852,-0.4637973193686848,1.7297107484921437,0.9696066088689383,-1.4598794217595814,-0.7101812705273901,-0.5143615875870575,-0.9390958896937088,1
1.9192613942202852,0.629224480162355,1.880811155412622,-0.8817477939025731,-1.2472665841939383,1.4717083231598218,0.5109561556968447,-0.5829932750107586,0.8138178268128329,0.3371924952867203,-0.617953911274052,-0.5124064555118898,1
0.0740466393300388,-1.2257738724702751,3.8434109085042714,2.9774566281413204,0.0220977000903059,0.2136980891178015,0.3919527529899906,0.2478514427919871,-0.5241101086931422,-0.0290047022012708,0.2193532963698951,-0.6690146563185323,1
2.8394183799577037,-1.4483844881906964,0.5052154663414758,-0.8799273586600118,3.845212226218824,2.022700726279503,0.5100670409259538,-0.0408589992968459,-1.9057825710291103,-0.8972558371521274,-2.0976896131945377,1.4552439744288763,0
-2.3270193435418998,-0.7596529969579521,-2.0850031115976404,-0.6718418982435793,0.1705099983420296,0.7193139778166733,-0.8411028424217961,-0.503750404276968,-1.4817391552102586,-1.236609984266981,-0.3805829851263979,0.4017387630559416,0
-1.1439749429255304,0.9274668953447842,1.9875782800185955,0.0617908721912089,-1.7775054478081382,0.9237744406535244,-0.7733653390077349,-0.1748729570612385,1.1923987863789014,-0.415005992568768,-0.0031952938955295,-1.578262220385128,1
-2.418255310001225,2.1175792102747413,-0.4860299314433569,-1.0362399357540928,0.215446192430438,0.9922664904391878,1.6619655363764196,0.073036378156575,-0.1640301813215396,0.4194580020003646,-0.2318022707551535,0.8330837625246923,1
-2.076510916531652,-0.968386349514379,-2.2140588732646598,-1.2972685762284288,-0.1500274061453245,1.3542886467157642,-0.0971238455174652,1.4582893293974435,1.391764309727548,-0.6681835998063714,-1.299297884049517,-1.3347650292548252,0
2.261985239138224,-4.238595541237134,-0.5027158838293799,0.4355072391553987,-1.3829030854981703,1.1058863502438498,4.219572752176124,-0.635872908844822,2.411006925758519,-3.3156793471850925,1.8096140530201517,1.0694215215845604,0
1.873155123883152,1.2852305340387402,-1.430414357112693,-0.7997446387657285,-1.3955483389027283,-1.038413449751293,-1.3907817669328757,0.0582309113705884,0.8212595107459659,-0.9378279283481068,-1.0526979647857853,-0.5135736822927189,1
-2.77092149003374,1.8127844225340533,-0.5662287922440188,0.5687502164182563,0.0603645239083446,-0.2063223325368345,-0.4831713767750409,0.6584850416463685,-0.7428893382672912,1.4983037300365591,2.3568535531746417,0.352883733709253,1
1.475954422197725,1.3018721006680771,2.9640886237126733,2.481988048099544,1.6149533103205638,-0.5169450139186726,-2.2231750695923385,0.3805724407096069,-0.7609530310516681,0.8193559824213511,1.6462101604950383,1.0719673703793555,1
-0.1254784778884621,1.1246844828459492,0.4299268178872712,-0.4096387111212178,0.9757557838522164,-2.183314401103861,-0.4842929728053022,-1.2231940613398262,1.1227975465592597,0.7106907002769808,0.3481592514049192,-1.2939365058359316,1
-0.7685678854708509,1.634669294002198,0.913227933698396,-1.1276714479693672,1.195382958891325,-0.5272548379308323,-0.5910026115186223,1.651331103892073,1.2815928381634014,1.2570722772395286,1.0906909611953244,-0.0539787429790805,1
0.328933108767079,1.2075339385329833,-0.7804935965426889,-0.5574300315434181,-0.3746225580846699,-0.7976808741420934,1.654467119765943,-1.3618029705049377,-0.3120262718355937,1.3553346819397214,0.1123530475576898,0.5977685738269647,1
1.3527328851404687,1.1490119427655312,-1.3545462201275136,-0.9143382630212732,-0.9948221960384506,-0.6499019222084547,-1.1220388391540967,-1.48163503295673,0.3942839689179922,-0.0723929775192295,-0.0650724643298301,0.7435900782051948,1
2.805041301072196,0.4576475962323168,-1.7591828236586131,0.2283331994342151,-0.6712708589251565,-0.5608659564791024,1.5541032736127964,0.4717139221205308,-0.2020433424395167,0.4248124274052387,-0.7128550538423958,-0.2444050779005935,1
2.074036066033335,0.0496584219873274,-1.6065862915509364,-0.2312893852413264,-1.20646934571566,-1.244749689191032,-1.2814636344609251,0.2686573185579132,0.2196027682905315,-1.3214623011654,-0.8156654042537901,-0.6447850043205638,1
0.6507457172197498,2.325146696234749,-0.0692400685386865,-0.7604998416479523,-0.5129133173636536,1.9945790563863668,-0.9289454682002124,2.6934774477788954,0.3877377374806163,-0.0394064363687224,0.1459459303848677,2.270917096334858,1
0.8982051630104309,-2.221607722555612,-2.2288790905233324,-0.9521882178976312,0.9128673186116713,1.6641987811650578,0.6209043137527992,-0.1843193859874133,-0.3760641191809931,0.0314155906518622,-0.8601745842649032,-0.5963855293718353,0
3.2298738882281173,0.879593369502509,-1.0441125383355494,3.710896820715229,0.2913220883505053,0.5941210350607168,0.4968485953964042,-0.1444085382172425,0.3337248340489094,1.1402229859615398,-0.5618909669677973,-0.2945661254670965,1
3.206355322386317,-1.0215583434028843,1.1615851177328431,0.1747124754605791,-0.4017379799423534,1.873568576540952,-0.1416583817682496,-1.1609369504254063,-0.1152555342810108,-0.2295941305452128,1.0355087435167922,-0.1776226616960197,1
-1.5104658175237338,-4.890202754316617,0.0254034195168619,0.666274137248057,-1.172752025120017,-0.1322482494293576,-2.315920167304648,0.1973231145497631,0.2205000036446669,1.3164030155601774,0.8340874510669312,1.2508575402111566,0
-3.2028284747765494,-3.3137651872528,-2.924887813795699,-0.2414463398488558,0.0962036202952486,0.4963436575785565,1.0270005309112569,0.7102733963582114,-0.1848908859185424,0.3321634695149487,-0.6504220566374844,0.0958738490230687,0
0.6636445140322561,0.953802696134404,-1.3329009402275365,0.4427137378885275,-1.072720141554254,-0.1237717335883422,1.0166334648318809,0.3259959206889585,0.6840719391251922,0.7197741669834812,-0.9454835084179456,-0.265585543659611,1
1.3228185019792724,1.9373466750543935,-0.8697297734064646,-0.131418270753726,-0.5268624440130787,0.0603856679212833,-1.3198226294804,-1.4126622593230491,0.071014866361384,-0.2807860520418456,0.1142985539687004,0.8403065575344894,1
2.4018601042180463,2.686356281922553,-1.9618829091258525,0.7647359659654477,0.7869783568765487,0.4400793193197928,1.525134791074178,0.5763604844644215,-1.5160013808957018,0.186826376343143,-0.3172598883780462,-0.0409515254500707,1
0.0183981869104936,0.5387222415645883,2.385362291719189,-0.7097814530047597,-1.2152677872717748,1.5795755078317644,-0.2917636654469591,0.0474615353544948,0.4129770304033401,-0.3511066629061152,-0.3350142434401305,-1.2244472206380337,1
-3.597558643373614,-0.968834151106201,-2.232855619695833,-0.7514533391741477,-0.0061634028795027,0.8669523312865894,-1.018571905939695,-1.0939634409619186,0.5163848961148844,-0.4171347819408692,0.9914305969137344,-1.2661495213870992,0
-2.2868426351827056,-3.873074551478651,2.2248822841339786,-1.37954733604046,1.0462930351481607,1.2059979035090798,-1.8057322582470825,0.9316365771486952,0.6216592111655497,1.0441254478390103,0.9620234594879672,-0.9414610797546012,0
-1.6259593595524406,1.750145798127502,0.8906622706023918,-0.8169770157426298,1.308149005488349,-1.270796147906292,-0.5615108223101604,1.5470447328609274,0.5972778693910311,1.5472870456255177,1.1544063934968427,-0.1858768962073758,1
0.4376744513035897,-2.150393624776872,-3.435057911053303,0.2533605174166299,0.95501794113285,0.161681527046908,0.6135855991943058,0.4332980275598515,-0.6865253790215327,0.0895242341068578,-0.6314445153072827,-0.8538816555885314,0
-3.4274200643575043,-6.528398141291526,1.8248832734092049,3.5373066287295165,0.0168466831066228,-1.3570563130070823,-1.174759373983312,2.7046783936446777,-1.896935584491888,-0.2605382364459667,0.8026582645557729,0.748670941669974,0
0.890911004338516,-0.9077010467047318,3.6264572486813154,2.7660813897840213,-0.6586648654044475,-0.4116571720253227,-2.890583808903768,1.7119759406728845,0.92685609446142,0.4771966777382097,0.1361098475355114,-0.1939680918914682,1
4.593910549806488,-1.607846498867611,5.004675680035488,-0.6779818203964163,0.6392802798966248,1.1359810215124817,-0.869346749731349,1.4417329993225385,0.0611814184855016,-2.1357132933064364,-0.6708452776076804,0.9499982156991564,1
2.8978623044182044,-1.7702653777927004,0.8505352596595892,-0.4424490600147851,-1.8804993610628664,-0.8808897638819047,1.0822225729875223,0.0762424737309078,-0.5880011579907803,-0.1572820220503469,-0.6321460425493542,-1.5173289899920668,1
2.549265890650621,1.9740991403629196,-0.5289378627058585,-1.3797838048776276,-0.616043715114552,1.2566655049449524,0.9908593418843517,1.5192101367287452,0.5879270078313353,-1.0097781817790257,-0.9229556731435228,-0.8120739212889126,1
2.6604405489429177,-1.502128850322118,1.1897256217760104,0.5639490278331039,-2.2833044550121446,-0.990660134343005,0.3540554723856098,-1.5644274090935726,0.2809216998076939,1.185886803848287,-1.0970640048577622,1.907893550129228,1
0.0289615690597109,1.473312220600176,-1.0828786983128753,0.4352671460204722,-0.5616409696783035,0.4325016554936419,-0.2602049912802596,-0.3134928937472707,-0.1077773155022139,0.0038817677410284,-1.024111760971117,1.5368020044319104,1
-5.37629819950173,2.204653786726168,0.5198090626163229,-0.8833201690382816,1.2588420402941902,-0.8750602874185414,-0.05427229976223,0.2819958167239947,1.2347870138088457,0.1726539090343443,-0.1745165552883995,-0.6864808083281618,1
2.2929898033766416,-1.5046299142774693,3.842813272939959,-1.6530248225433828,0.6020265876468122,0.967095363092194,0.7350321046805538,-1.272305710154803,0.5489221492532508,0.9397615796103111,0.2464305182384095,0.8020820049694846,1
-1.3227890848580297,1.305173991988542,-1.7474362334053593,0.871138556865055,-1.275575883242104,-0.9436922905056068,-0.9098322894340408,-0.176514168126718,0.2899502034790001,-0.1763210598269093,-0.9049021299304428,0.5228239358509958,1
-5.596121518623394,1.2552632075334509,1.2396436724290871,-0.2064161820048057,-2.090328403778864,0.7230141537580579,-0.3850954158571292,-0.1717757961230328,0.8494453617498112,0.0455124387530377,-0.1500018502281173,-1.2163726451634769,1
3.1991255853331,1.369739985107601,-0.025930127405104,3.207180280416388,0.3766227255181638,1.7186779079052168,-0.0952621836903289,0.1334124163736179,0.5774093242785786,0.4025648683070931,-0.6699075505873358,-0.8413744769234786,1
2.5703114494601134,-1.0148443327104766,-1.1726500786049638,0.1566996652157714,0.176246077181987,0.4582291104186748,-0.6334165686272707,0.7478061623841484,-0.4135897895596309,-1.2679359636467908,-0.6443025557262015,0.9282909123317492,1
0.8418554308098022,1.8521134219687767,-0.4423389383216675,-0.6007888917665071,-0.6067515797889285,0.7620398914873259,-0.9508861734281616,-0.031677060944005,-0.5187226369966741,-1.958952905674982,0.071808961897257,0.3543194907310725,1
1.9800363845373703,1.3202017568657076,1.271527168274627,0.480923478169541,1.565246483374318,-0.9166303798132064,1.3973015096012598,0.660760479850465,-0.0460361881325836,0.2860292159898049,-0.7018403202520974,-0.005629434172546,1
2.9327006044801696,1.6158528674596182,-0.7643629673213062,-0.9720999351506135,-0.5137081498178621,0.3951892860149314,1.522512326749507,0.9499821823881366,-0.931893628941232,-0.7304337825080086,-0.3505930253302778,-0.5843368200258486,1
-2.881848430100143,-0.6426990937388013,-2.3611945854296,-0.6411924368862073,-0.1723755267921556,1.0757557367527184,-0.0588733543567488,-0.205676492535269,1.0863829639059266,0.2577401759517421,-0.4610569378634097,-0.6141745761962669,0
1.9618085761262225,0.7495807055220478,-1.238436599327431,-0.7685111707097925,-1.1756902218186054,-0.4901017697029365,0.5781280635353071,-0.4220590009496372,0.2938911739361448,0.1240697242025614,-0.1734427399833565,-1.0591611594296908,1
3.122452139307996,0.7141856720063801,-1.336354084356562,-0.1434153870989883,-1.2120700855095288,-0.770838486460526,-0.3515171482587471,0.1433608472231355,0.6096062326790342,-0.2815647730550161,-1.4708494041488391,0.630836226723811,1
2.0601660666142334,1.6168817655466097,1.657836190872119,-1.365452990132606,2.099479690344785,-0.2188958539868272,-1.9313186043022188,-1.032780822182327,0.4004642132634246,-1.575739733536823,0.600921628292957,0.2683381978699851,1
1.4452110424729714,1.245344351283337,-0.5002394248028692,2.964228248609193,-0.1174148539295503,1.1995462963040104,-1.0088255065235088,0.3567024537397529,0.301502183774325,1.5715337028046097,2.017631814374967,-0.1207672851986687,1
-4.271137147472894,2.578215241779921,0.7875800506301178,-1.1118099356678337,1.6859115787543768,-0.7983684072256336,0.0517878921608435,-0.6746490544792202,0.2171491917930661,0.0487586771561987,0.9854842677833604,-0.3508948007341704,1
2.2310118834847423,-0.0306853047637454,-1.2632631862970929,0.90656906226977,-1.1108140296319475,-1.325448815843568,0.3361051415332032,-1.074456731326923,-1.0342301188214142,-0.5165595918366226,1.2096631605944026,-1.404745658117139,1
2.0199716781555157,-2.6483167561592573,-2.087874851011628,-1.00114121993328,0.9465376439414273,-0.1506616827072115,0.2607919050341861,-1.938091127382672,0.7142056274500489,1.3846472115005315,-0.4733621571148331,-0.4809416876270119,0
0.5475951969618948,1.8051915515067696,-0.9875160903526232,-0.7443730219954623,-0.8587354205931503,1.312333998785703,1.5698818318271717,1.3470144827934394,1.085710739749436,0.1790487330940136,-1.7513804359533574,0.0555084944881279,1
3.0716003918530896,-1.4173487733732102,-1.4773292747623217,0.31888379482188,-1.0695327427874248,-1.2203004536669415,-0.3164030778662061,2.37302407502701,-0.879528154484123,-0.2347124655123738,1.7761960067015092,-1.360951512703256,1
2.2049198374411474,-0.0943513358312734,-1.1101895424988526,-0.1797920022948586,-0.5835635620658594,-0.0481119791389459,0.5280633609159846,0.7072586011993668,0.2043324623480928,-0.3945078884062661,-0.1149902690899653,-0.8153387863412862,1
-6.105326835089548,2.5741125227777384,-0.6546540965516777,1.130617142351997,-0.2675073465431875,0.0078449352509682,-0.1683227060443987,-0.6841266517904638,0.0717029493874057,0.1130184292409866,0.9582826013847434,-0.4369452844614377,1
1.931492079967352,1.0299703319470388,-1.4260665466204747,0.2286815730641864,-0.521505048694231,-0.0784977402734861,1.414848611391545,-1.4577981654830878,-0.5088434867408314,1.2055514681366877,0.1570254744134007,0.4159541561767119,1
1.7102745185937709,1.8496544156017465,-0.8616408355285295,-1.4846674111831062,-0.7293657787869253,0.476813722307657,-0.5103843842320045,-1.206408115774099,1.3916548744549178,-0.0063229941393148,0.8151119356478754,-0.8883403157968633,1
-3.980610753936574,-2.912391744368978,0.8739278746702809,0.6522840020444843,1.2419563525570163,-0.3523806852042476,-0.2839278863071049,-0.8143579321462135,-0.0459297323922029,0.3502771068967262,0.6078494236319634,-0.3890268359176728,0
-3.7458485557478594,-0.0690831120782425,-1.6677524816396032,-0.411892112790895,0.5171845762629101,0.2726540021955367,0.3482354904032311,0.1411045564704594,-1.0931756262962145,-0.114052684164606,-1.482017421967836,1.6177452902624136,0
-1.0673131850950035,1.3032471652195037,1.6365083081995735,0.2901825840150056,-0.3934564368749069,1.147441974079569,-0.3364991147940475,-1.2037194778841265,0.3089864669904196,0.367847990226239,0.7821483178018009,-0.2185190100204166,1
-4.256416804943625,0.6858745521859783,1.6676318997454007,0.3834144903273206,-2.265426023370728,0.2634196760001212,0.4249164211514513,-0.3125018139820071,-0.3476546253788208,0.2221120133507046,-0.1079333820205677,-0.8486083584162086,1
-4.1990814446446425,2.665242893255639,-0.8892227852706447,-0.5198332825260409,-0.3148295187313236,0.0741181063435431,0.1658481621874753,0.1276599017393127,0.8988954916188118,0.2122687606997506,-0.1062857176139821,-0.5594219423402518,1
2.0405277824352286,-3.1787025885555145,-1.8372629992322864,3.233802694282231,1.11203661358288,0.5873009484003988,-0.2000605980567215,-1.412167762474162,-2.0751035979913994,-0.5597295172033497,1.1391320207670896,-1.6924418716317842,0
1.4270291120319851,1.6275838521213422,1.2019059422294065,-0.7814420515925597,1.773678343650004,-0.2099246663306985,0.1261214850989103,0.1018733581539132,1.3865748375911644,-0.00460204195708,-0.2891354290766424,-0.5421917678981742,1
-0.6573868147833838,-0.8155743625011391,-1.553399334436648,0.6188510375990184,-0.0852932330362096,0.9941940795632436,-1.0106451290186975,-0.177977498267034,-1.0457976371884403,1.4093974555162327,0.8693380778592072,2.3897015411557145,0
2.060641608976626,1.295365345614003,-0.0392053846925512,0.4913143459983373,0.2355738009248107,-0.1500081213880514,-0.4640884518163567,-1.2963497630169272,0.0373438621501953,0.3235167448231115,-0.3396389212431359,1.7938837379670007,1
-4.998551120997283,1.565582823546844,1.1273068615112418,-0.2046665532502337,-1.8078236527190816,0.9122545766070528,0.375803517495409,-0.1199584014582109,0.4484047454711559,0.4328846451848493,-0.3147969820706819,-0.4375005394527068,1
-3.4698520695418984,1.6635377260530455,0.2038116671673222,0.7435831335882651,1.4210914279046467,-2.240087456819404,2.153852884602188,-0.6515215432266019,-2.109494058974943,0.748295819318643,0.7282833369990018,0.6507873184414951,1
1.6265641229523826,1.5208913308478167,-1.028969558676456,-0.8950747724884643,-0.3856563684974726,1.0264476066290384,-0.0378557280246932,-0.2915948326963952,1.2048615369926612,-0.0720249713363585,-0.2186883205769541,-0.8643610477370302,1
-0.8702144475377193,-3.2377092377460976,-2.6219361407935047,0.1385543275479884,0.6620762000453724,1.0459887803989705,0.6552162237426,-1.30397987959095,0.2736640623556968,1.4633017107922004,-0.1633566231462095,0.7676176344815094,0
1.5194559853047178,-1.4742933406463807,-2.822052858738102,0.4224365766265557,0.0999122759290222,-0.3072466301076966,-0.514071236644619,-1.7630223572207642,-0.0904570476857403,0.7958971899075176,-0.94850294392956,1.3275747756023284,0
-3.872879001903938,-2.8256182484652705,-1.204154503937164,-1.161663963111532,1.8061409098905272,-1.0014934039913277,-0.4867681529209767,1.1535989900524295,1.0572253349794047,-0.7942071616328861,-0.1914899689996473,-1.4875250823661508,0
-5.460242629982616,0.4702939908236346,-1.4578040600512392,-0.7699219090009143,0.8448576864456646,1.264508189008282,-0.826598869892557,-1.3460896568387442,0.0470249140312965,0.1884714248408482,-0.4121473048142017,1.9609505780035144,0
3.0702937376399904,-1.7202309287521982,1.2034002702606823,-0.8346566002176277,-2.3848577845597103,-0.8633693733523929,-1.2294392402281749,1.6426787128843028,0.5766899624491912,0.7959345361691036,-0.1510885190796912,0.8839624034167038,1
3.262431760064872,-1.668806537239259,1.9942863177312389,-0.3266207669147443,-1.89289873941522,0.4632916454717797,-0.2194184261500383,1.4871188121998251,-0.5255653441848435,0.8569401609452553,-0.2524140697200327,1.9581530106798253,1
-4.113413245439532,2.4460631634381285,0.6010719974444545,-1.2410886069477711,1.5595664233790394,-0.3802230306258672,-0.1343094759400754,1.7834275689060068,0.6836917177780293,1.5726627725673248,1.0974674062899237,0.5623358241225358,1
3.2285350231823733,-0.7307818319626699,-1.919457681941121,0.193709916912156,-1.6419143331178068,-1.9908391205764,-1.963022085200085,1.88555364073004,0.321394630506009,-0.0453111594048968,0.4195527070078226,-0.297355934253707,1
-0.7121978210462857,-3.650600290158936,-2.920163722269796,-0.9352640854372096,-0.3374481937977053,-0.7958607390353306,-2.478775344504563,0.4078778447701605,-0.1131637485305235,0.4130943416485935,1.6200524781290664,0.725970917525317,0
-5.332442087806326,1.335227686092216,1.034976496244113,-0.6138363331964446,-2.274039773423345,0.5008538837508782,-0.4602409262933803,0.2376008247660762,0.305773612929156,-0.3607523096228618,-1.40471073171274,0.8963729526535135,1
-3.4915273564491027,-5.114875187284631,0.0074391982549379,1.2404713636219449,-1.3553277543358058,0.3023525616456909,0.1911591885417578,2.2352002059425624,-0.2505882843853911,1.6595323062070253,0.4262859866100837,0.4048062086610664,0
1.201509194135469,-1.0052011822800235,-1.5920630026296665,-1.237159528263234,1.2468422713353378,2.811823756381808,-1.884261617014629,-0.4242686976463407,0.688609893530466,1.1062133408666506,1.6848854811380911,-0.5023122458872793,0
2.165433801660547,-0.985280858295643,1.0264302805737855,-0.7412091940857285,-2.1294805026763286,-0.4721080647086486,0.6304644771359855,-0.1928369985225592,0.8775060600124879,0.6363617767469277,-1.2121953574745583,-1.2866272310909326,1
0.5351180256989967,1.49614541373169,0.9560302407460024,-0.3689360876476548,1.0625377473320388,-1.691607874639327,-0.4029989752608638,0.4937773883617932,-0.0423961369980581,1.6008972776032493,2.0300433012273698,-0.0307970870938954,1
0.8739750583118283,-0.8233194278092987,-1.7267185537685932,-1.223073827922232,0.4831006071517966,2.536642140099625,-0.5659966964883286,2.367382507949405,0.9347967129623383,0.6799101670538242,-0.3715042009169657,-0.5894641476595093,0
1.690716520342446,0.90332449812465,0.5724608516283402,-0.5382598526423384,0.9936712277689876,-0.567274210392424,1.200408495321169,1.5470680665724583,1.630641833308968,0.1343203339253604,-1.9486976846701505,-0.5454617932942637,1
-0.5602814114364572,0.9606760455344362,2.126199466834927,0.546482678598973,-1.7278986098858502,0.8342417107557721,0.3316872905052796,-0.086793242748309,-1.1576125673339075,-0.9125148998091336,-0.6104416289406792,1.463203897913488,1
-1.715710227776186,-0.3138438296014787,-2.3687295041671352,-0.6823403053092096,-0.1746081673231835,0.8231386398476579,0.9913339523744238,-0.0926135487995325,0.2241894165605638,0.8998050363161725,-1.196147262263647,-0.1558168419756221,0
-2.5431915060700327,-6.277788338218921,0.5575511851797968,1.9366579240301425,1.0058301795695994,-1.8795222050685725,2.116956131437985,-0.5034872459070069,2.333327702931538,-4.589060011558265,3.370347990758102,2.9768925809869438,0
-7.280872362020629,-0.1869058648984406,0.7406975557876807,-0.8750031143371851,-1.4733975371221404,1.590629833840892,-1.0603707146041126,1.2120993277587468,-0.2861226289055676,0.773252228917585,1.4364072929512546,-0.6570761913717788,0
-0.3907971313664934,-0.7497687851966518,0.0704617563285793,2.439125702773817,3.2080530119167614,4.295719333081888,-1.000502319418058,-0.1374347551497675,-0.1256672309342125,-0.6675716731478383,-0.5095814289686424,-1.1818365717063857,0
2.9877411860869945,-1.3907964838012437,4.371199752261952,-0.3473986835433618,1.166483217766372,1.458633113445212,-0.4176506859284944,-1.1123743398511483,0.5884384219223129,0.172042378459297,0.6896747035550737,-0.023511241949378,1
2.5665115123474025,-1.279854661564697,3.174967723926252,-1.1034754449089168,-0.5818895316475692,-1.2771741902052371,0.7016608929621224,-1.413724858440707,-0.3101207745647475,0.2209192485192355,0.5480621267540601,-0.8255242318586166,1
3.628348217467146,-0.7831981167730961,-1.4402681504134196,0.9584305760433492,-0.3671688127732245,-0.4165230716301065,0.2513440082042231,-1.177718196960648,-0.5562733142577287,0.3092642360388748,-0.3960168298282446,2.0579944269469554,1
-2.091387221748583,-3.5424693999561043,-2.478171717243959,-0.0889467878571424,0.4643155738058482,1.1563039627779963,-0.2548580748081452,0.4723432185806261,0.804645628482377,0.0718735321330692,-0.695827006661157,-0.7041960922302729,0
1.5219967483677206,-1.3504767055805715,-0.5071232035829725,-0.3491305178842795,0.5499495220107617,-2.312809383039609,0.152377495912459,0.5236165651630444,1.5720590873983689,0.3955116385268077,-1.002106151048903,-1.4619328851513629,1
-0.1929896626276092,1.4248823347469526,-1.5353546605592785,-0.1650192869612704,-1.1560263778006592,-0.7753485094450945,-0.5579696515073144,-0.3057251354960724,-0.4370439796062832,-0.6367371492326186,-0.6147250199703347,0.4649753216373572,1
2.686594623743073,1.6140092338145662,-0.8805168332426596,0.924775685274271,-0.4155505622089077,0.5094444126277993,1.0695148775579086,0.3652340456960172,0.3353142378521068,0.5683827772089866,-0.8292469915521443,-0.0425924481759791,1
-6.347990266966341,2.5319716792799425,0.9670901172641956,3.408773604998764,1.6236536589068329,-0.7240005009075883,-0.7240057049918838,-0.6326362746093804,1.129700967670106,1.0392424106903966,0.4588224168052059,-0.5957321304840836,1
4.117173119662907,-1.6215336127776818,2.0325611342874783,-0.978664732144744,-1.711918897923177,0.0405101231399791,0.0674139449150613,0.3203789499092863,0.5101940371388805,-0.6987931237246668,-0.2038707885225136,-1.6152171633080252,1
1.070505588217123,-2.3198970889373585,4.026675993184436,-2.0927017789493325,3.5918733424539107,5.766560540160308,-0.4959109223018969,1.2346886848119776,-0.794559462565915,0.8106512033085468,-0.0472308368753231,0.8311329209133181,0
-1.041465050709942,-2.84327371926332,-0.672924668921013,-0.1155590865706002,2.0622413557150536,-0.9014120981634584,-0.9280381039847078,0.3164378856680714,-0.092715811742804,-0.7652479914676132,-1.4377191529871702,0.345008042589267,0
-3.4420469791094,-2.511723192795549,0.4403219998681247,0.3937632754098414,-1.1804540956142604,0.6248549234685253,0.7302359179544643,-1.615561955381436,-0.609434788447507,1.203547426391037,-0.0465301726171469,0.0330308298975988,0
3.4882443132719056,-0.6159751977966156,-1.3772419746570828,0.7247002526014183,-0.47341969324337,-0.064037352522367,0.5266156939375665,0.4898300380823604,0.9387620637757988,0.3022913342644363,-0.8020136027117437,-0.6188902161767083,1
-5.113320629881571,-0.4638382469257695,-2.064310521292585,-0.1375161166167512,0.2103070585281261,1.8555847221719863,-0.7630495090108276,-0.0152910022960702,0.2387789208652314,-0.3752914005233398,-0.940887569762743,1.8186110053623388,0
0.0474999566381861,1.5162603494551594,0.9666550484721388,-0.5318247178767914,1.4548673531355474,-0.0336562371946673,1.499963233677888,0.4677930919399503,1.159375233433801,0.8002295393686242,-1.3189297049808266,0.525189025788718,1
-0.4910318373475427,1.7355701155994248,0.7512837005501332,-1.0599729541408824,1.6276596100806902,-1.2656973782932637,-2.53428461356934,0.5212805464752097,0.8283920709955022,0.5121612652866894,1.4374810640978593,0.9244276968421116,1
-0.7853389434607838,0.2212859264784752,2.0659969180262165,3.096777438420451,-1.492239254582024,0.0027713016765593,-2.26955321569566,-1.5698887693640644,-0.3918580316055249,-0.4389139174267201,0.2386356441371249,-0.5757372143599798,1
-4.1991318655935626,1.7441356838967226,-0.1592052732908796,-0.6948903310771056,-2.4159772100015227,0.7133944996031157,-1.0464828336312957,-0.3117886322261345,0.7852005483035889,-0.54516397817307,-0.8072334023154727,0.7270187999564833,1
3.2771230319586846,-1.3269668377559816,-1.7931355533250335,-0.8640746753057237,-0.9730284713448668,-0.2265057189425034,0.8409082353262902,1.8407232810000165,0.805889242296707,2.1066357097460062,0.170309708600208,0.7503507422896564,1
-5.496349175122121,2.0638927863707224,1.0409247374384454,3.4429924190386063,1.52020286603174,-0.810911517316838,-0.7948574531202799,0.3741201113084865,0.0862472571827913,-0.153811059558951,-0.8414512441799429,1.0436993721860792,1
3.1388358829202563,-0.0941536612844481,1.2200373104094209,4.756101457195226,1.4679795363955463,-1.726381708420755,2.724786256702167,-1.034204983392497,3.2899921672587693,-3.18694510765931,3.736966328783967,0.6629387045784748,1
-2.647033025731812,-1.7255238855687722,0.7977829445710899,0.5407803395513844,-0.4897995001756856,1.6193467042055143,0.5960198476043981,-0.6603976198405497,-0.9090521190894068,0.482432568774554,-0.5728448603528532,-0.4175969492320727,0
-0.0057286307470414,0.3332639555026616,-1.5132407928637774,-0.719028968422195,0.1063058223916142,1.5366463220732005,0.8117752544144212,-0.0052082374582614,-1.876342622396417,-1.3051895874646355,-1.058793177607921,1.4536863465560383,0
1.86697538018063,-0.3041331549190407,3.721145354349314,-0.6355212598590367,-0.3728244164940808,-0.2635691434293495,0.805831576343428,0.3650196598919523,0.204029392909338,-0.0955925559232503,-0.5440442112108393,-0.7235098635128823,1
-2.47398889721576,2.09169207146341,1.1873081754451331,-0.685572312677802,1.5949834614376617,-0.2702662292314196,1.2591345525311377,0.2783942404497021,0.3051844486636099,0.2651639392843558,-0.257275616967945,0.4308862782942932,1
2.0737906108703683,-2.7089920808151957,-2.516858669991028,-1.0377006807045517,0.0822098002229314,0.0473577772352415,-0.4515265481986945,-0.0378080407990147,0.4602068595936169,-0.5439613208848869,-0.5384179052672542,-2.133577502823936,0
3.5423312728656904,3.014399379693496,-0.9911223384220544,-0.51088865770019,1.831679196644956,2.6093431817426302,1.0736335904084966,0.1063260104943216,-1.19221471425618,-0.3931508570846862,0.377728038089183,0.4414144708078759,1
3.0407579091689003,0.2290805202168735,-0.910363799499118,3.944763909482484,-0.1085509275779973,0.0699725772667375,-0.9977437711746774,-1.408367125833376,0.2776715227042365,0.7984093163639514,-0.5809950128660217,1.2055800966503742,1
3.9221717627853945,1.3422003589285103,-0.6818161833098644,0.0634328311448122,0.1589648775066313,1.1842559015817251,1.05780990894722,0.3339058185229198,0.2101195089109313,0.3512339761540562,-0.6740896436214797,0.1253613036111159,1
-2.524715133685551,-3.267227127291416,-2.214206948113103,3.4962436025534966,0.4590545999218805,0.3850468077684801,-1.874415021570295,-0.4731115491787269,-0.1933786652872531,-0.3246505468633875,-0.2844468763817232,0.3913214358580169,0
-1.7695157735532376,-0.8806035324201694,-0.2374861545660358,-1.1565196127253063,2.4672524643668945,-0.2017486981095361,0.3506932878084242,1.14161350778419,-0.7411651830844475,-1.0205554981851854,-1.1303208885159175,-1.8981127173991077,0
2.175750348556724,0.9885492669833886,0.4831329378103304,-1.5079310244200277,1.156971783781994,-1.4532569049714923,0.3815600564130274,0.2146925778363886,0.3658150054963513,-0.2664439967449482,-0.5029457603332674,-1.555151977366822,1
-2.212404805704375,-3.7035767696655975,0.3523220371760734,0.714740944051462,-1.2720939632159438,0.1722183161055927,-0.1673107022603505,0.3188285131065401,0.1083172837778952,-0.1811330051808055,-0.6443785124145919,-1.5698886294673686,0
2.6743267124198558,-1.7116128770275418,-1.895835843971608,-0.3545090861468885,-1.4235729840125937,-1.2260015923089846,-1.429521581783734,1.9629305335478957,0.9520207054449464,0.7040651769751524,-0.0214006613328232,0.9695218959989024,1
0.9505357322458908,0.9913365958735358,-1.4174727817171802,0.5187385647191914,-1.0724390439872231,-0.4393248393440316,1.1253628445988162,0.3557134676562842,-0.0311020737128826,0.2674270063966968,-0.6536718611309196,-0.6106886110689407,1
-1.6710676757852907,1.839335948842804,0.927438392407136,-0.8089597057573861,1.5153507676838098,-1.1777525469184131,1.1460228691860268,0.0606030322350594,-0.2034675164439081,0.4503090208200234,-0.1920581324303774,-0.0516390773227534,1
1.341674855172162,-1.7685707664828731,-2.086699921033027,0.0197801637114807,-0.1420790965113397,0.3306422000732864,-0.9927686098752156,1.5853524742782816,0.0705142475688993,0.70439654136945,0.835478132022434,-1.236933234431371,0
2.53424148475328,1.0157222656226432,-0.8622072075381031,0.1984419105165999,-1.1595239126182388,-0.2938803098481491,0.4256028867611304,0.2206393985416606,-0.328738262608296,-0.3717141425296646,-1.329837490129984,1.3099475527028634,1
-3.0672503590163744,2.282480786746257,-0.5077508038433889,-0.2850816590225061,0.2639540543650669,0.2901014023853092,1.2182766094724728,-1.0886828170362168,-0.9185155992595696,0.931409269143926,0.6484530033792685,0.7742914304040533,1
0.8181348419087907,1.7310054539995867,1.2613582625222683,-0.2456911763539876,2.195788137179947,-1.2040177255398732,0.4738261764842806,-0.8607435165476508,-0.9955490992690356,-0.1349462514195932,1.127689440882206,-0.4829927450143569,1
-0.948682128429586,1.2037955617370752,0.8108618827144958,-0.2619709603802594,1.166913328808019,-2.3442203397626487,-1.221370042911315,-1.067723720396216,-0.0650676131581952,-0.4543634158734208,0.1363922435990133,0.4091912111392976,1
-1.3047962933499946,-0.3124965898117214,0.5206296590424083,-2.0510675885964798,3.744403218930656,2.115791470493289,-0.942702117667214,-1.6283924758102477,0.0030534492804338,-0.103265078092304,-0.5190339232942165,2.118092113924772,0
-6.113330955853036,2.621743298819165,-0.8874369078481761,-0.4913090091352414,-0.4671305588014404,0.0712849967650876,0.5532238778563838,0.2743831954543638,0.1100899598355634,-0.0614976766145733,0.1758182266884017,-0.3658831903914761,1
0.6644035967314694,0.336693187217806,0.7595338792809988,-0.447440830901222,-2.340188593455971,-2.693929295356614,1.5704254417670938,-1.2748419042554724,-5.253876392644743,-2.2625625294888585,2.4660227122476965,-2.8105829317791096,1
-1.2280581584436168,1.9192877509384376,-0.9311236025805836,0.9410598672599436,-0.410615755464205,0.9543097494746324,0.3654950830970377,0.3445469263422756,0.240114254458969,0.2540017584598119,-0.5750018085843173,-0.4765939399919066,1
4.309368623652856,0.0410340135598699,-0.8198924584850633,-0.716298537105235,-0.6869654006129883,-0.2460005688310701,-0.5477905355789732,0.4750280061775827,0.0063880186406567,-1.297567313370996,-0.7084041787558274,0.5277264972698329,1
2.7049588671273748,2.5539466911466064,2.8339227771644944,-1.3534075006756507,2.8744765868624658,1.6006035173674895,-0.4227301299458006,-0.744375648104729,0.3053561135325675,-0.9745014374465092,1.479975207749064,-0.0817816575566547,1
-5.420138694737171,1.350920446187629,-1.2069764836799417,-0.1125626259352948,0.3498881842027287,1.0396493701717897,-0.0061786094058798,-0.1391340264853488,0.7314439410093756,0.3098178501626413,-0.3770195015879092,-0.4320962000860219,0
-2.09120151219382,-0.193780670790727,-0.5189565812850971,-1.3965799651165978,1.6398996235868224,-1.1662013826108308,-0.9010944144304878,-1.3434648371850877,1.5675555630129687,0.4190910349636702,0.1837307896959939,-1.471776695840419,0
1.8126141318033704,1.4745884609345523,-0.6652946626443236,0.2474996469950771,-0.6249260642755176,0.2150149228613279,-0.6041846125081625,0.0098288380475879,-1.2186544568973938,-2.1422801345540337,0.1212280783916373,0.1639616130450595,1
5.195112949175935,1.0888769380948955,1.1274913648531897,3.0023695307561344,1.4540152731823357,3.02473179713083,0.4313604365720414,1.0387928444653745,-0.4904798725815835,-0.5717831184628989,0.3977286104464716,0.3666647043068327,1
-1.4175023167522758,0.5677927058847928,1.989059171118688,-0.9964735188041532,-1.875432281014341,0.8165784406078175,-0.1516733908639372,-0.6124351857023093,0.5476664279060908,0.1956500007913446,-0.2174725662477391,-1.1433336522504007,1
3.0977030584186336,-0.482683746371759,-2.157532265189161,0.5743844664055103,-0.6608482373042489,-1.1120383980632182,-0.8928392119180748,0.322746142091032,0.5455904511755041,-0.5025564612416081,-1.3869223976958829,0.1039211233886083,1
-3.6303659657589313,0.9350331641317116,1.8514844558697623,3.725493550366519,-1.3538722655516575,1.0326978475390178,0.5924316071991153,-1.4465173225930477,-0.1906175806677102,2.029794732980559,-0.087269230570764,0.3746136166305582,1
-0.9587610243198308,1.688641137293174,0.9215519711114164,0.4929315952043909,1.45354557611041,-0.4751883675127879,0.962860103966712,-0.9149717864219687,1.0061069150175908,1.2942148480811724,-0.1166598693767066,0.8235996189892922,1
-2.420310644426329,-1.529164900544108,-2.045939152256909,-0.1033848085624898,0.6263956267876297,1.6692406611866497,-0.6352357096539324,0.1079074556574161,0.3549083389503549,-0.7780430169671793,0.2423725184994901,-1.0625795080665286,0
2.423373388704826,1.358146150550189,-0.5820845707497491,-0.4932087226841548,-0.8906772318418004,0.1214540988067558,-1.2964742696252944,1.919266728503752,-0.4790458657265058,-0.1228317451019877,0.738190659813375,1.1193702531982694,1
2.0866490619993185,0.1843881909866874,0.533944462823895,-0.7268229751452563,0.9585385309834048,-1.7822645150960092,0.9983279325134036,0.5230403016586944,-0.22481677129278,-0.3987203844218911,-0.3605237228839085,-1.1518368608479486,1
1.212628098692672,-1.7819826557799403,2.293338399848724,-0.5028436346446035,-1.3722190872516613,-2.041227572160428,-1.01473983071449,-1.654660229724092,0.9756345518896774,0.4731873741304582,-0.8207098021639755,0.4001534329276368,1
-2.356161549938862,-6.265833855852365,1.4597474927072636,-0.0228085233829039,0.8542034844672852,0.1011082062613604,0.21347849740173,0.6134770100119751,0.3273770604477307,0.0444359118465689,-0.8877610140741734,-0.6908632799011379,0
0.5453929971481876,-2.203090608114477,-1.6543731837506852,1.3340871995292,-0.4223611843276733,-0.2325009923970488,1.3035866095503734,1.1833966560164122,-0.5556072466647758,-0.2960102446102785,-0.1488318589013582,-0.0087575742406873,1
-0.1919700905550168,-3.014946207210476,3.6993565955730983,-1.223912115230732,2.066137752111333,2.9530629451726758,-1.3898130520701069,0.1760979823130284,0.0132239955303908,1.233557045120644,2.0205401173240336,0.8032782947818413,0
1.4529050548009608,1.0313743589437758,1.362725802907481,3.945489197046877,1.7420224470189325,-1.367062072233307,0.3669060056026963,0.1790239281891067,-0.4497891766063925,0.1780361601104635,-0.0224930992577696,-1.1600719599310587,1
1.646192671522961,1.063355460411726,0.6841850735982389,-0.8319195412570921,1.072351646124125,-2.449937529527618,-1.5004551373938426,-1.2592227308565895,0.1216763255324997,-0.7085044152631579,0.1858683975115875,-0.1308752442543001,1
-0.1195585053851868,1.2361122465997485,-2.024517716303223,0.1946815819184118,0.4829279114912974,-1.1110149608498687,1.7062133512640507,0.7000200612445273,-0.8934361141453262,0.5805584869576663,-0.6317992358298178,-0.110685520150537,1
0.0192662754677151,-3.792948460128597,-2.907616030428202,0.9532450387982356,-0.4326543266993475,-0.7293757252512848,2.205505352434648,-1.3100215523960923,4.005729066029618,-2.975974119194086,2.3466033722597093,3.535793940701107,0
2.8740838838149747,-2.4957529144864017,1.3688374478937018,-0.0297063046311217,-2.48167775207724,-0.7881815407067836,-1.903333489403551,1.4677726975338574,0.9558928699479392,0.6048186734585784,-0.2587124025911497,0.2384240319627355,1
-0.6835090439209176,1.6662569353643504,-1.0699407490534412,-1.3211538780984744,-0.9956647684909165,0.5592464432880649,-0.962606441982439,1.4990997607839924,0.5022438021773624,0.3649050801260847,1.7910549133594913,-0.7987410945730746,1
-1.2987098869642706,1.8196354141415816,1.4737817740114083,-0.3458693417911956,1.6477018181979814,-0.2899902278927308,-1.0495413753895375,1.7460664887831756,0.5853678259415781,0.4239833963575356,1.5815515972776797,-0.6017014026287137,1
-3.070167672670272,-2.5625698587896117,-2.304446191466916,-0.1542377708733887,0.2520753422582149,1.2365354150410393,-2.7328403574151103,0.5433095158001083,0.6713098324685312,0.5513335346067368,1.368265449261012,1.5655198529640282,0
-2.582977097204375,1.0048297654109066,-0.3544571534527412,-0.3924851159861844,-2.3106907535663805,-0.1369469947005057,0.3685351925881053,0.260142232305207,-1.3048783697338615,1.6368292761736032,2.2428997073061536,0.403827847220723,1
2.3229312599073197,0.9993670803970548,-1.291518924608121,-0.1255545406889499,-1.234111506514121,-0.6945517272683215,-1.612799087370602,-1.306685627219532,1.3396534749865483,-0.4465531398384019,-0.1564360958542663,0.2304367525022358,1
-3.4800779265299564,-5.318382807755066,-3.1128392297985563,2.279504336199942,-0.3423647695974208,-0.7690057619165777,2.9447483466283195,1.283592143346104,3.294774728438789,-4.270415392710487,3.0713175911157826,0.917221809383978,0
2.838027980913396,-1.8221288284993469,-0.8302702853764484,-1.5959735862459477,3.2098265123442555,0.0401416902070515,0.9249598627121308,-0.3692874303486924,-1.1300654501784442,-0.1551352828512999,-0.9686757934795894,-1.1948540251382098,0
-0.5421550192291014,1.806802465022138,0.7022156085551304,-0.9863661765721226,0.8938147602520787,-1.212878148214714,0.783158159619923,0.0585817113899679,0.099033708384158,-0.0461305863615163,-1.1997935817166958,2.0421408039601663,1
-1.7017253452049264,-2.1433388179914377,-2.2076543428854905,-0.5330133864829687,0.4570189634714005,1.4326626416574082,-0.1430888495173214,0.1199781960857077,0.475460280615047,-0.496789394112538,0.052276872268204,-0.6627239730610657,0
-2.3733796106843785,-4.028241114089272,-0.3761728923459052,-0.7414743029169348,1.3644395130439744,-0.952703421999518,-1.0666388632773096,2.1997007195516174,0.3879265886665558,0.7497121611002812,0.894978349367522,-0.9880218209091544,0
-0.6737608472723002,0.2323733253980745,2.0702425684555483,-0.7234483178919987,-2.091606529320266,0.3603611155701481,0.085214838409522,-1.5031926293575983,0.6076352135678651,0.8129520160561268,0.4033681077488547,-0.4151549507943212,1
-0.2133352411163638,1.356188376590095,-0.205836235769841,3.596699456398545,-1.022839311399918,0.1995504421163333,-0.4812699637554178,0.3525395724678368,-1.010105626800876,-0.5975582824209795,0.1689955621884709,-2.445383111355756,1
3.6183296469007575,-0.8857457705424443,-1.5487748657092628,-0.2179337291764821,-0.7718949482721227,-0.3522017380232589,0.3869999531573421,2.043439861236504,0.0740614437786913,1.2094368459976346,0.8007070110754135,0.0389955488226937,1
2.37642562271257,-1.2727975750764189,-0.971309445735877,4.776132978215999,-0.2401300270360983,-0.3278776956881641,-0.2961565691265547,0.9470272134548602,-0.8173353845897625,-0.6928108870211568,-0.8602139608514958,0.8387317159860133,1
-4.52720152821005,-5.559021075511472,0.1519592199791157,0.9830665218524994,-1.551944707601554,-0.3267282469573577,-0.6966412620535118,0.927921307516898,-0.773871127467233,-1.181975658491826,-0.8340098003018849,0.6027089977537022,0
3.395548011551051,-1.657904471304896,-1.6263896825458866,1.6886082819780368,-0.990248400076056,-0.5713085661530486,3.344787689872215,1.9550705083706104,3.6485100894886497,-2.133398421973685,3.579852833065808,2.0927291962617005,1
1.8587998553846468,1.9157278766129653,-0.3847958845052259,0.0509568208610056,-0.509165768313886,0.7273627437055701,-1.70012027772757,-1.0844049785108427,0.8990344961422678,-0.8497319718826132,0.2776699002623949,0.8196658352540013,1
-2.7638298217314663,0.7753167179865439,1.5893528103887675,0.7060730912221239,-1.9275190805676947,0.0734240186956861,0.0108458562639429,-0.1951090723633485,-0.3898361470808427,-0.1106920402163395,0.1173879880005739,-1.3164195063033273,1
-0.2140728966248251,-4.151475730869785,2.340137745377599,-1.3709582463911638,1.599137754255165,1.9168035773459329,0.0496837401537452,-0.2815801282889587,-0.1635566486442225,0.1670981906458972,-2.1716521274720955,2.0652123957150947,0
-0.9552680324500408,-1.466752025541876,-2.0665479071689687,0.6147683398275338,0.4911886113982844,0.6163921093535503,-1.4912654123407891,-1.427618340894777,-0.7452015218612156,-0.5379063020046483,0.0543366916757645,0.7136483132028867,0
2.325555108238514,-1.6786227616126583,-2.0684061348706315,-0.3454604987942068,0.3755354092645364,0.8877008593983418,0.2298304188300723,-0.3112697333756139,-0.0194474155816751,-0.081605667295721,-0.9073514423709932,-1.3749389113472443,0
-1.1027848640168774,0.6857578838989856,1.551925234982578,-1.288429118454056,-1.913796460440148,0.4966911462863582,-1.115859683836945,0.1072078071371959,0.0699428715202087,-1.4995690684065095,-0.8590287015402214,-0.2282784904649706,1
-0.056344125127362,1.2995435363456298,-1.3115029993010707,1.1184352816947318,-0.9326752805221604,-0.294289597510629,-0.0116833743982956,-0.3194971475542298,-0.6788694755107223,-0.193880757290684,-0.9704166199905164,1.1963128874481923,1
-4.930922591050365,1.736126308844327,0.2795124191260035,-0.6401996846731518,0.9832733899416648,-1.9837781749899677,0.4172266534410791,0.1270875200700935,0.0171971249124892,0.2456200242453257,-0.0327949689280293,-0.9329254147621155,1
-0.3244742869232647,1.5618710079628697,-1.3722429089596109,1.0498072906198836,-1.013381257601374,-0.262280564597715,-0.0503872921201958,0.3572281194059867,0.0240980068595352,-0.0056949175083096,-1.4657803634013604,1.306871336788479,1
-4.714284863780636,-3.29601942149846,-0.1756082302490238,0.0185283276036137,-1.2214348631152023,-0.1577961050456421,0.0245494127014895,-1.0862660257157415,-0.4041665036595096,0.6660914423762613,0.5325032851922772,-0.5891398494615107,0
1.9141202711251333,1.184413183879771,-1.2416866648435338,0.4757710256537375,-0.7676094433531198,-0.523885664170611,-0.117241973846457,-1.3870579125541806,-0.6851473529382285,0.1082897991348362,-0.1806517172446059,1.481441319641224,1
1.750924012686495,-2.3016465946874165,1.375126321177352,-0.0838887206087038,-1.7040294538932212,-0.4018177160858354,0.771565391794487,0.6779044550619345,-0.4833698400385219,-0.6279560471373461,-0.094678867273786,-1.14352429855371,1
1.981789657205256,1.163176368266874,0.9030390292197232,-1.1816060178297785,0.8121248173470025,-1.5272973850113232,0.6648520352322816,-0.1443119991121961,0.4339209320247225,0.0847693933399676,-0.1636968779029696,-0.8738573499047639,1
-3.5913720132545817,-0.4249406571356299,-2.377792549870838,-0.5029494475249061,0.1587082771612542,1.6892595417230234,0.5673901014346173,-0.3180492373141588,0.6564264476619155,0.6907773546733307,-0.7224703024892268,0.1318825685271372,0
2.121579233411824,1.369617811550219,-1.155599089416196,-0.8466277295610816,-1.2015070020688587,-0.9791084717131496,-1.809149731655588,-1.5049961372985057,0.7061758905591078,-0.5077978590341325,0.1559733868427925,-0.0641665500915938,1
-3.9023258689437887,-1.019978550484786,1.1987187649516906,3.3253110661398324,-0.6700057312210338,1.887135504305302,-1.052030673134592,-1.689415776525127,0.8114594369095793,1.0617068310602689,-0.0608118433930578,-1.1006991181927468,0
0.3801328856843322,-0.933882364163934,-1.9029864404309684,-1.4449169272695943,0.9061965120952384,2.14175879591032,-1.0668629245239527,-1.9262592690630325,1.007304591390927,0.1120722417568947,0.2511211693673445,-1.1693350528138853,0
0.252161102949049,1.5860414850223477,0.276500901307134,-0.7374055213079259,1.1600503093818806,-1.6467496638547905,1.1421061356212192,-0.9413942829061248,0.4617359921526549,0.8688487794749208,0.2020300722092293,0.1117768142930111,1
2.9284958218747352,-2.6839131342132734,-2.686233196003757,-0.8331041354169962,0.6904379542307629,0.6571968935764713,-1.052108636901948,-0.3649379585460287,0.2850902028715841,-0.4524820369011826,-1.77645375116879,0.2304813204968231,0
1.4109329099620949,-0.0722159484500819,1.766525910889762,-0.828592067705561,-2.058639740829967,0.0373544523133003,-1.0686896051616877,-0.3034966365779768,0.4808446029968934,-0.6240415674236253,-1.4304375513626528,-0.1402573698179514,1
-0.3170384965887733,1.3970750107142202,1.0724852712287305,0.0008768053834738,1.3761844843572228,-1.6258184691339663,1.1201869266251687,0.7379410476106727,-0.594655313481744,-0.318512679081231,-0.2447350130762531,-0.7451883860283275,1
2.6006460299085545,1.3419350318329288,0.5368126954986042,2.89452401207798,0.8026961897880531,0.3472051664387925,-0.4897496964961187,-1.217610255311607,0.0082266092641574,0.4136278528257341,0.8499090552363433,-0.9870660421334664,1
-3.476827238630052,-1.7429367371711124,-1.590814802899326,0.6371364183795525,0.3427943773927356,-0.4050884466703288,-2.336301933903985,-0.8293687254161326,0.5050865730380811,-1.1641139821466986,0.3227932371941273,-0.0208904246855888,0
-1.3227770504819385,1.171329421799738,0.4565582244276038,-0.5950626341385843,1.1948487146951416,-1.9197062519059864,0.8230228491524074,-1.12310839009568,0.7074822383677943,1.4865018493401074,-0.0172281399374264,0.1824141085095082,1
2.917545702682524,-0.7227502111884622,-0.0031518574601163,-0.6525273451695838,1.1643102285709677,-2.0574269631329374,0.4026655349962352,0.4985284916944563,0.6371011865152364,-0.1446435901106353,-0.6309154819148293,-1.5272181715439763,1
0.6622393920191579,0.5203571004483599,4.080211043103854,-0.3626610684332103,-0.4903744705610448,-0.2221304334854625,-1.2159025753681556,0.8424454707478791,-0.0208545107498359,-1.769125059627656,-1.0379045940161822,-0.285559820773023,1
-3.615052512068636,-2.4441044038788284,-0.9551111355895894,-0.6496787924670152,2.0797382239460824,-1.0948422729704896,0.7360079882144046,0.0838610345626189,-0.0295871175528984,0.5961530293688264,-0.5131263500103844,-0.2520373383699507,0
1.2086152454047916,-3.7930506790398457,1.5606987989877763,0.6187632986892971,-1.526033526333555,-2.404307233934632,2.6141715107956887,1.8497463065824973,3.5696828341189897,-2.363412315208772,2.5269023122205176,3.4332944172797952,1
-5.198289777046516,2.4083052954275623,0.7517242424174148,-0.3051013953880022,1.4663113446384932,-0.7884145965223723,-0.4739928601555042,-0.6946382251910213,0.4110584469797343,0.2466210550970253,-0.215289791811378,2.177089699876121,1
-2.275993112900613,-4.912470545028219,-0.4172742863730954,-0.5819993513862202,1.6562814412482538,-1.3623694524488423,0.2039283814488419,-0.7383491365108836,-0.9942735686144726,-0.3653844413690426,0.9909426860451792,-0.8430772063793851,0
0.4519216518243463,-1.9546885701791363,2.8546055573267446,2.5282194082884835,0.5214530007957385,0.7429766120280372,0.4143086382791416,-0.3715057248011331,-0.6850657022303506,0.2595531203140108,-1.0327088391229446,-1.470255478457487,0
-6.091928416119479,2.5619411693929948,-0.802535676043134,-0.8273962584388233,-0.4764464850885028,0.1553455697729729,0.3397638001584017,0.2192005010571694,0.2115493022430742,-0.219841619248095,0.2537413348661526,-0.5691681184927234,1
2.416199024879671,-0.1601804997188686,2.349131083151902,1.2216012226124957,-1.82058698658777,0.1488247496503988,2.6584534830190525,-1.620136919842588,2.7831921904892427,-3.60333224299177,2.8340847083275094,3.432550309055938,1
0.6349671196078267,1.4413090227713137,-1.036918369710664,-0.4646024697828673,-0.7663260925144729,0.0284011680534456,-0.2512373613075558,-1.382107106852249,0.6740369171534423,0.5560583117798096,0.618352648372105,-0.7193395117012111,1
1.7645698688159035,-0.0985815917038103,2.1161124125199557,-1.5975214428452074,-1.6855387266485706,0.8663198399398346,-0.4673649160663976,1.4467799592097197,-0.2006459586743987,0.6174033015838165,1.0816118243348214,-0.873894895126614,1
3.272803247552611,-0.9245645108214356,-1.8309178421996544,0.8114489725044566,-0.8398132357564108,-0.8441185435006201,0.3610683828107098,0.5626801617857382,0.4490578696885544,0.185206864298634,-1.7018607845594176,1.6215790289511467,1
0.3559505070468062,1.4380667185319835,-0.2186622689563994,0.1916542274021971,0.1406918877550521,0.2003656717437806,0.6598060246103882,0.2950486000329113,-0.8585831306230743,-0.2544557079454131,-1.3502182075930211,1.8869434541109589,1
0.6482797417391308,2.3098142294216486,1.9553792409496729,-2.017987709512796,2.0064849271458702,0.25234587441186,-2.037135300778707,-0.9297338032459156,0.9989076065561504,-1.2502006336468343,0.5809942226167407,0.7452590590930831,1
2.2042631923657323,1.3365929953239186,-0.8365746368325453,-0.3060016640372344,-0.4943183351714618,0.6900854657795856,0.7528795235946845,0.2156225941276867,0.5486875445367775,0.3164848442708298,-0.6930553609184192,-0.3554493373381944,1
-0.8766637472221479,-5.155220308137342,1.7923388186029472,0.2156034478264731,-0.1272693317065951,-1.5794293771592909,-0.287342427051243,0.5533115223519575,-1.8491012387698853,-1.92620344709093,-0.6839621632443239,-0.2453279480206436,0
-0.2415499778360943,0.658472581518689,3.635733417978576,-1.5086342719450296,-0.6204368523001357,-0.2809552095600207,-0.4168874926165106,-0.3531324177943414,0.304492170548081,-0.2170517690529728,-0.9488344079757974,1.2230275496673475,1
1.544541695326011,-0.4759623790737554,1.4479848021275914,-0.3425953218968166,-2.7829207708973285,-1.0200982844384106,-0.3278316384667216,-0.3128093410808935,0.0206131965421701,-0.4797833282158346,-1.5900977549149409,-0.1206156342513348,1
-0.3689782416765881,1.4526789034581156,-1.4030220360084609,0.2199673880361175,-1.3451255794189998,-1.007432219921201,-1.3464920944033896,0.3135885305365231,-0.0882968315050801,-1.35022640241715,-0.6671346546941019,-0.5737205151248088,1
2.3137413220141565,0.8938283795537342,-0.6485771151990434,0.2978510846510004,-0.1003908279993242,0.6983641272044855,-0.6187499689938253,-1.315887968217601,0.6414790680641868,0.2252059730525279,0.7285883625671171,-0.7791222014164251,1
-4.289834983121761,0.6957876906293214,1.563126612673725,0.165533601005699,-2.285875922342701,0.1667933267403698,0.4238903661776163,-0.3226998252210829,-0.3486170473562499,0.2191491132368396,-0.0938943975952431,-0.9031656716825336,1
0.6641257055096585,0.6230125089213467,2.970783858493315,2.9099546467580923,-0.7418683567776077,1.6339589087742978,-0.6542178774079112,0.2950767956730764,-1.5107800168585852,1.2626415151631774,2.541851083377297,0.0151619543691095,1
-0.9206429706069512,1.162929533469037,0.4192020923081868,0.3461832239742589,1.4817013552906009,-1.941054801160576,0.5448386312840642,0.0352247158113876,0.0361104843717645,0.3182344029654715,-0.2930814788485931,-0.9246739897359946,1
-4.366343877094565,-1.1203866159950515,-0.5348034621252599,-0.5454943362556928,2.2196605413819968,-0.1568260472087203,1.1319272256387063,0.1782109321691307,-0.4965998983849727,0.0434540454936801,-0.3164001814877422,0.0408663689876537,0
2.6161519894145844,0.8809653970233714,-1.2550432962965086,-1.3373149586409971,-0.5472025023040505,0.8220501780269185,1.449458231486524,0.2571617158045174,0.4442241161039607,0.0323861858740019,-0.7564616493087806,-0.1086157921738185,1
-4.215074725159548,0.7494813626937075,3.1458944352178486,0.876906175774107,-0.1063816300037004,-0.8516889491182974,1.00970450619379,-1.1168791707401928,-0.6096747179330939,1.2008380060934498,0.2179904937698064,0.2962123978352541,1
0.9527216685649929,-1.6975873101451662,-2.268620484386483,0.4305828696523993,0.2182539395447713,0.450377829074637,-0.281933742595824,-1.0626774939544903,0.6377241237170644,0.6667651793361357,-0.2969672125479203,-0.9045439581488548,0
2.011203763023987,0.9200776284336428,2.186634164301509,2.719928699589096,-1.4400162299063226,0.3973512793331859,-2.227528608798264,-1.533190746379564,0.923608657989088,-0.2411662260409055,-0.1661134090562517,-0.2717903864323515,1
1.6012235819201088,0.9628587735925218,-1.3643423788350326,-0.0916503859410991,-1.4399319652082276,-1.0027465601167511,-0.7309228750088828,0.1272635329235042,-0.5818545005735062,1.344819828540264,1.147969318240762,1.9672630689509985,1
-3.50641412082929,-3.7335169651353417,-0.1869253547933846,0.1862558432376855,-1.2393628078018857,0.5230328514118032,-0.3714851680178335,1.6590470609452692,0.0576502736089409,-1.1604674069888925,-2.1056672380745303,0.4889845640176649,0
-5.805340269260734,2.1009054978899977,0.346266907568943,-0.9885901200694136,1.0811654751642648,-1.128880549268694,1.0122704921106471,0.3729061387433838,0.3465497499680642,0.3217991902027117,-0.1743349047341549,-0.0238176064821897,1
0.5874923639007418,0.1245052796730882,2.1557659917902483,0.5786245799432228,-2.216669134034712,0.360004447629986,1.200086975039688,1.149985662432227,-1.268966391961082,1.6272672596637827,0.9979555337818068,0.7132999419900775,1
1.93300356853132,0.5708740825301253,0.5051606574940841,-0.5494620435335538,0.8308606752727247,-2.003439703043789,0.9341214121945316,-1.124210361232966,0.2774813078659824,0.9088875067537272,0.2737856933576589,-0.1802119125464023,1
1.2522097301603698,-4.395927768513936,2.218945147124705,-1.060481117340088,1.1597267261491129,0.7625142033817895,1.032576812832031,0.0896767278607857,-2.2195506864235792,-1.2980686841734284,-0.1119955287275322,-1.2220209507191522,0
-4.774259033548571,2.5697522976507856,-0.6663566562740454,-0.5243559761480219,-0.2539204443885668,0.2140434894065289,-0.6341732664087165,0.2401713518302293,1.101489165344178,-0.3574824859955958,0.2743930213032904,-1.1709215879781434,1
-2.558945005529257,-2.1883340090561747,0.8922133986200207,-0.7651304964517502,-0.8799639886644086,1.2723805547545513,-1.0311621060634562,-1.3800567284037324,0.4148564340359678,-0.3757100224828155,0.7732190242330929,-1.4601212079402386,0
0.7576981999634164,1.75376836732661,-1.0065296509200994,0.8627005322229725,-0.9367398837851664,-0.363791584261195,-0.4506468501312924,-0.198044003059288,-0.5614450973434364,-0.6308030248525963,-0.6159711123348094,0.7868970227842271,1
-0.276588749456192,0.3106143640617428,-1.5298230392373346,-0.4004912916122582,0.7936630310468556,0.0813785406052882,0.9813387365379134,-1.7420236576994494,-0.733120693821123,1.146891550468412,0.0189139862228158,0.0316422673825195,0
0.9319167255038624,1.060509685204285,0.6225530534529746,0.2129559674895558,1.596615391159889,-1.335373792368529,0.6143224088768977,0.4829953347222104,0.054456207960271,-0.0238026163058263,-0.6118448922031758,-1.031392780892337,1
1.0846046574320456,0.9728163976847264,-1.5706968827569625,-0.1458205525805017,-1.16051236782542,-0.843753414178358,1.4367784821799456,-0.1842731712081049,-0.7867384167182876,0.1608746899215994,-0.0474858219484185,-0.5563807354715986,1
2.6120901393993647,-1.1077595847896236,-2.4468811710798586,-0.6705609633651575,-1.547916320333892,-1.815840544190828,0.7701693563015436,0.2382658294561844,0.0107425554737886,0.0849876672599734,-1.7061639645083373,1.10095083273301,1
1.9346311505493867,1.5838315213313217,-0.9205658413280284,0.2557107975138077,-0.311324598532142,0.6552052150226911,-1.1145850764924945,-1.3068007683967215,1.3241668112528389,-0.1562018450588777,0.698663966205905,-1.44427879267803,1
0.1249249828967267,0.8582406321784694,2.7206081005261686,-0.1505832465338589,0.7190688587492411,0.08074338500363,-0.3326452045048903,1.4342169957317743,0.4569308878667435,1.5110100251660317,1.0471002385084551,0.3424211083967289,1
1.9125161587887851,-2.5227008216231077,-2.4831938887832226,3.952752509726745,0.3122827853767924,-0.3115709345122581,-0.9981369979695346,0.1880267571629528,-0.2157955902046024,-0.1599929261834774,-1.590542771395658,0.0016336321088403,0
3.876594299104701,0.739845005403317,-2.557696392635227,0.9962111421353794,0.0663255567163477,-1.8682587176245624,0.1261847079091036,-0.9481106939724818,-1.914410368162713,-0.684371836734472,1.4676378999716104,-2.0184033611766248,1
3.2261261627015463,-0.1020748409203086,-0.6470810380642733,-0.5183064466323388,1.42802250576626,-2.583410215437214,-1.0007420509399012,0.4492931850428371,0.6195815588339695,-0.5693583612864872,-1.3778110251634603,-0.2405107331598752,1
1.113880944945005,1.66329223340431,-0.973142370475156,0.1778131693888374,-0.6302297801928773,-0.0586423452094375,-1.3164962021900042,1.9661484546968155,-1.5096144793409736,-0.5360860971469517,1.0324523203274487,0.7143720286696363,1
1.3973848630716748,-1.2499358862024093,2.2580411024756004,-0.2994988445253219,-0.8606306256686738,-2.139044656788463,1.4067713666935906,-1.4230750272968045,-0.5805390749035686,0.9638571020831996,0.0841557227877088,-0.4939754578534504,1
1.9768425789634705,0.9115069689170976,-1.0775448795317706,-0.8454602010859233,-0.6440575704660579,0.2342102557464809,0.1042680250898814,0.0998823239129646,-0.4277379237402076,1.7800109579268824,1.941703329564347,0.5361370688543069,1
0.5852076599095898,1.5635037618142045,-0.3788108344318452,-0.9597526956286456,0.3035494729531683,-0.1476240416267512,0.2055791675300387,-1.3027346502594113,-0.2840420724907704,0.2354486137747665,0.8564201518437732,-0.5619852760912372,1
-0.3540802857195521,1.1480136721713998,-1.331622662677011,0.3067013844440266,-0.8964577830682953,0.4827485234962138,0.4473611005223329,0.4339314848937322,-0.0863748159088165,-0.4885165655282411,-1.4169244742114566,1.6720786412472128,1
2.136095283959236,-2.3672951503283426,-1.7424422508661064,-1.1885512384568606,1.1683843119744386,-0.1645663712006395,-0.3435906776523712,-1.6358396580975425,0.0765587521118181,0.2731797656684534,0.4008363547899469,-1.2371040376935,0
-0.7410165775994251,1.6953541478538137,-1.2284175123296108,-0.349145145874487,-0.8503572835128551,0.1725891185418486,0.0543550888448495,0.0335645361486146,-0.1392959942430507,-0.9992150923682842,0.5252515723391107,-1.4871474730276923,1
-3.414039324222045,-0.9991558445511672,-2.304657519263086,0.4255225772235169,-0.4944074419315684,-0.6601156153397424,-1.6762379086028711,-1.1171198964202458,-1.1081280255444703,-1.1329483551586612,0.6387519416280818,-0.0184118970654391,0
1.0800686885889663,1.8292946347403012,1.785520974295563,-0.33447659607056,2.928751246148823,0.9033698934676606,1.4944071387477884,0.6171795432397917,-0.0625907088401735,0.6146926900478447,-0.7891189814172149,1.059039550117795,1
0.6369604538375391,0.3481243541547574,2.548061305006383,0.037229279471079,-1.123497827330714,1.873127738701211,1.0423409261430268,-1.0646081016282942,-0.0182497519213537,1.0529839446117597,-0.2817320486744967,0.7008987801389198,1
-2.964335777948653,-2.284079993852232,0.697768423976617,-0.8983885717607503,-0.8918387226945268,1.6493572023887555,0.9248134445110828,-0.1066068004737082,0.0846681788048882,0.8593900049533157,-1.219258469019015,0.0199877157985814,0
-1.0054108422076078,1.7925356215528545,-1.1231131766086693,-0.3935919554388914,-0.5484124320045837,0.6690804640223741,0.348497677232458,-0.2581664580353027,0.331119646243475,0.394969798609126,-0.1464672344215579,-0.3960773305314968,1
1.268667964991811,2.1045689840116046,-0.3636418638158624,-1.1612731177443625,-0.3162641352397042,1.583319996287572,0.2803435560291323,-0.0995041501818081,-0.3148126084505412,-0.8079716929269499,-0.5749335626889134,2.097560509014292,1
3.016191152732484,-0.9895604421273207,-0.0037090297987749,-0.3682265598398541,1.3781558209959193,-1.807648322891949,0.7585702584431852,-1.094971841533276,0.996911869250996,1.3797785580835276,-0.1390953038016433,0.0777847746785544,1
0.7121529041389686,0.4732732367621017,1.869331717417728,-0.729770473933163,-1.900648218266884,-0.0832574196890634,1.1523295408478118,0.2429704306880676,-1.6665442075327397,-0.9448428342371268,0.1624298340441366,-1.3697559445682137,1
2.272101792295715,-2.924972167763213,3.7267899448566295,2.705100678525504,0.5209840114365828,0.5361337294791869,0.5244372519975032,0.7209436082525232,1.1435760931887018,0.8472616115899012,-1.004766821098286,-0.0107417715637959,1
-0.2823140225256444,0.6292777322167215,2.395683582464798,-0.3762065488387093,-1.2588905661967384,2.1710836014926915,0.5238405182672352,-0.3490028009350842,0.7679017608923091,0.2639731773916799,-0.4625081927089239,0.0249107850100229,1
-0.6000732293802125,-0.0935013956566953,3.0883519941734905,0.0281965963559443,-0.8257868721665234,-0.8782088720354609,0.5631815912502846,0.1536736057897096,0.2332980209965479,0.0950749969534093,-0.7952649862336076,-1.2592702253793544,1
-3.1959062677125405,1.9575668063635776,0.7238004402287992,-0.669734438378046,1.197453818921072,-1.2429734592264177,0.8482670251310427,-0.7731578964686354,0.4371824247522486,0.6739383345204454,0.4494181544133065,0.2338698926475823,1
3.996378536600324,1.7497785372065866,0.0978169163845968,-1.15361400071158,-0.0700610011339176,1.797812615564717,-0.1218290728281749,0.039730742427685,1.315616296104782,-0.6049249150835958,0.2636409420288443,-0.4681579422190837,1
1.8694885612148509,-1.7054682823486202,2.898426125393965,-0.4708392618293345,-1.1002269855850189,-1.90479871213857,-0.8048676384638893,-1.2211631789059634,-0.4640901886837875,-0.769961079443809,0.1726529984995483,0.2762119856809368,1
2.908450993406043,1.524255543911457,-0.7432079101583546,-0.0240245465279782,-0.3041268508984586,0.9147230116777224,1.0941275653028526,0.1991180877025424,0.3630032490799217,0.4822547598633841,-0.8149935584285692,0.0260151515368907,1
-4.784899136697483,0.620919712112931,3.1436027670757425,-0.2357684862148588,-0.7708398992054052,-0.9839057504971694,-0.930132881710809,-1.303947794357641,0.1720458013016157,0.358386068589767,-0.3332037036637374,1.2451070824149266,1
-1.0879909305030857,-0.4638216826791449,-2.23776496539379,0.0159430338375078,0.3432276072964635,0.9168102391632096,-0.2517671908391694,-0.7400460655288892,-1.0961994736623226,-0.2086133657534349,-1.1563630267751277,1.172474773322302,0
-6.209579707095666,1.5360806459165994,1.5446442932394258,0.4713030345725519,-2.093780554386029,1.367087411263191,1.1877992935966315,1.5645463858306352,-0.1479913929787255,-0.3126916324768057,-1.2799748939440423,-0.4840742367615418,1
1.3293190358235725,1.202529379532859,0.7003603763997566,-0.8553907867320353,1.1336073153652837,-1.534589669628167,0.746332489676871,0.4645629077335633,0.9882016606329388,0.4866911119847389,-0.8664880889675257,-0.668681265641248,1
2.950400232951053,1.460361303361867,-0.5102553262812444,-0.0995478669064704,0.649876163688699,0.3185975716085616,0.7966235228962092,0.7402491507903715,0.3583235051568105,0.1357293991388504,-1.1543191375082422,-0.6930857355329353,1
-0.562058553126636,0.8977722281463194,1.278921523819728,-1.2629565536331369,-1.813597107520492,0.5838948846225889,1.7384803159384294,-1.4966752492826585,-0.2561813600739868,1.1876497614914003,0.0333671405994143,0.6665536123310455,1
-2.6567688006663563,2.116892362347611,1.0771011292345722,-0.0367399358314725,1.443238241036035,-0.5274292655272964,1.5915664987084472,0.3572251023445736,0.2398005414563191,0.5633389379730143,-0.4266464804758584,0.7138435962591184,1
-2.7833355895706107,-0.1763401064315922,-1.9594373851183144,-0.1091505708511065,0.0887693617164748,1.2230640607592729,-0.8962314455649977,-0.1914440174606048,0.4377890696110934,-0.8140778045289626,0.1915314062185631,-1.7064474449085942,0
3.7337059588829566,0.2842644919278958,-1.0699872983934169,-0.7377561017470752,0.1149741154388817,0.4779907004204843,2.541526668144897,0.5327157689506163,-2.6940438646633127,-0.8856303254623218,0.2244951833434401,0.100669594999523,1
-2.392272766118575,0.0010897472001602,-1.872409485144372,-0.7178464994790047,-0.0762199236425806,0.8811605187259393,-1.6661028705870498,-1.3718137022611308,-0.0541828672513463,-0.9498688601745828,0.2259600361566407,0.5173472934094359,0
-1.846585547819607,0.5905242305111755,1.4418704007995742,-0.4577382795612199,-2.233757061479381,-0.6295920149569381,-1.1752032246976671,-1.57854432456928,-0.6073095396351592,-0.4059091092544187,0.1358141054442675,0.2297179340478635,1
-0.7098389786164995,-1.0665735512250871,-0.2230948371887798,-1.978793394309408,3.1401043825291874,0.819534738958498,0.2073599139642384,-1.6616100099700124,0.117947554150195,0.4464977120529723,0.051456286834357,-0.2481884686049082,0
-3.720171752379183,0.7444666684570387,3.539265961685349,0.330350686083636,-0.4188746917948144,-0.1416504557695866,-0.6152824335167636,0.2437563189256218,0.1304639821815843,-0.2720563527086789,-1.460747734481636,1.006881687132571,1
-4.096420804814509,2.6441180375773543,-0.9094287999161528,-0.2682461904859515,-0.086104237754602,0.5160043629275062,1.2069603909488462,0.1040803479578158,0.5028119912267353,0.8566650531115346,-0.4952058480813823,0.5868805527718898,1
-2.4169350827117224,-3.109028562037177,0.6982527805592105,-0.7597818858468676,-1.0003053742826005,1.2564905129323802,0.9968075816031982,-0.5877018550782873,-0.410839051512487,0.6745516160794257,-0.6741594464539764,-0.0500302825500097,0
-5.768636234629136,1.4753887751300987,1.7571627857664722,-0.2035917291253526,-2.0741075246563248,0.8145363509480985,-0.0767019534567934,-1.2150231575465325,-1.3760560208181218,-0.5040462633753936,0.2337364012385678,1.665841839035359,1
-3.1792524894718026,1.0217609547698112,-0.070819118991673,0.7249320389422221,-2.244148750207529,-0.1776601320860105,-2.0901965911003817,-1.4026220609974729,0.3822535199796595,-0.369728037943169,0.1641492261864142,0.07516452893055,1
4.092732250916798,0.7679674147069472,-0.722095542885796,0.2303973148739822,-0.096746914547356,0.5897900191664893,2.090830369552754,0.6586263722178918,-1.1738869468802953,-0.1186102817110019,-0.2479630671744306,0.4714554746441957,1
0.215210103956572,-4.651643443126136,1.2151242321988882,-0.1918873148379104,2.063371447760339,1.036286527841974,1.1333420721225227,0.9627689103794952,-0.6535524614886058,-0.4699722492044864,-1.093428844728063,-0.1797013677755008,0
3.6482022388928006,-1.109792438176971,1.377094503316416,0.3565611644770432,-1.2816673071154423,-0.3100195899070724,0.9331224406273446,0.5025091171236964,-0.9109064642395498,-0.5719666541927152,-0.1809916035126299,-1.1984958534359973,1
0.6354063679110024,0.2766113866425261,0.696791733535799,-0.9793713919868492,-1.702857841809223,-0.5475024420215157,0.3796886115381449,-1.7586587894110377,0.1745995464065049,1.2078215619653885,0.0668327361618431,-0.801072974506592,1
1.4145317903218395,-2.885737349622688,-2.05089297919957,-0.7283508100321777,1.088789322674553,1.6787005728374895,1.2277138864390715,0.5223513632723709,-0.4695976410058787,0.1123666095201635,-0.5816815426193198,0.4551454799922322,0
-2.170761933067855,1.7347327697397252,0.6863556165654414,-0.7445061162890783,1.2542423729661436,-1.5137109933360502,0.3896403868290157,-0.0257578132175204,0.7717154391487353,0.6294202674879071,-0.390393787727816,-0.6034687750603898,1
-0.1774060898778592,1.4995686898246332,-1.3986942585834097,-0.1671957057622904,-1.3543892205092911,-0.9946722113965214,-1.2896101920187486,0.2831118843511775,-0.0835633519484266,-1.354619075132148,-0.6504967190619121,-0.548258805090617,1
2.7827512337296643,-1.4154397794135196,-1.2876995915277878,2.601431063255969,1.6387992723622873,2.5535295510058145,-1.2335881760793923,-0.1532933647265974,-0.7419919756556221,-0.742012772616765,-1.968000400132892,-0.0703344151374716,0
-5.46151620106092,-0.4823336508243787,0.4938506458054147,-0.6636499400219353,-1.2929130670522575,1.131950883753515,-2.076219155858175,-0.682850660792402,0.4330712483622185,-0.8673640499412264,-0.9340871072965484,-0.339847233325468,0
2.681798457323193,1.7294801465876757,-0.5448183040046686,0.1197450058689005,-0.0228313876339416,2.067091426023364,1.0500898074904363,1.3390550446251552,0.937022261808104,-0.2533118634463035,-1.5891346643161992,-0.2159977577111392,1
3.3580787617359023,-0.7343404465854116,-1.6051475824619297,0.2012005943419678,-0.6225226704666228,-0.1887166181074224,1.172569363194046,0.4319700182507093,0.8476240355375066,0.7337105135417208,-1.040770885430188,-0.0929338655037296,1
2.530510156904377,1.2095299287155137,-1.1183870214281488,-0.9570630897488668,-0.7453447044988313,0.3217435249005451,0.7672127837486318,1.7439801889789208,-0.4262590404913705,1.3656529868788525,0.8047594492023732,0.3875116256339758,1
2.3415516879983813,1.5024093565255463,-0.4634212397587096,0.2825509138504801,-0.6525724714382831,0.7819239160639303,-0.2261953084327166,0.5499198393052548,0.8565964452624629,-1.0615616704629065,-0.0693216167067824,-1.488627385485724,1
0.7555626080573768,1.5311196341158797,-1.3686494375988376,-0.779539677954471,-1.3989511859588952,-1.27647677016531,-1.6486374778672055,0.1978205475513388,-1.181295241093939,0.1443307203549192,2.001569996256139,0.6636832929544466,1
2.4996228945323096,1.4374520365013692,-0.9083700123842386,3.722873468669407,0.0245489601525365,0.685895324441941,0.6233301151062912,0.2445608517061828,0.3699203248270249,1.0466550618528327,-1.0056155523769288,-0.4927257399231854,1
-0.1391879131157504,2.354316155368009,-2.023943506629285,1.382089372846822,1.0154857575527123,-1.0761633429671464,1.1762569036385382,-1.019567927735986,-1.4753131779107933,1.150715246915884,0.4316511462160173,0.0463985787516373,1
0.0734265474911564,1.158855807998073,-0.7587477454585149,-0.3334222394030061,-0.7027833105990026,0.0866535658799063,-1.23296183958039,1.4666972543910126,-2.119031507796421,-0.7982317312662888,1.712056214738254,0.8766841300291089,1
-1.3912731215735357,2.241809807470843,1.4480070474611215,-0.606447311598956,1.5874323373904191,-0.3664099758776877,0.5967894975398553,0.8765255487268332,0.5962610052091196,-0.4738652537264639,-0.285616587867546,-0.4978085254027661,1
-1.4733230924899805,-2.9375347776674,-2.913641896501325,0.9002976254066524,0.1334427788969591,-0.6603784767163782,-0.9730913693166626,-0.9585394080090353,-1.246209005381348,-0.6600230028927888,0.2607564540346281,0.7544041323933613,0
2.06551773042844,-0.1124368273191976,-0.1509341711659361,-0.9557178593530709,0.4848942641839748,-3.214218800974617,-1.0773814181002217,-1.2808413927608675,0.3502024756820375,-0.2689941872449143,-0.156068250304103,-0.0376488235671295,1
3.148392681408535,1.0769333466642124,-0.600373217614614,-0.5649793024404823,-0.8492347341278154,-0.1311745471924308,-0.1542219591156097,0.3267791827329887,-0.842323070897871,0.9409407833483172,2.5226335173578605,-0.0382759799373785,1
1.0050107935156225,-0.3142704638201584,-0.947399290076991,0.5568499983737254,0.3603349468330321,0.8854684206996363,0.0846866913946462,0.5344914244485657,-0.2596821808800896,-0.6027024816599043,0.6382846667988995,-0.3623015236147295,1
2.314436505664004,-0.3314184562407996,2.133730636890961,-0.6227907901959999,-1.839028052824428,-0.2552997725251997,-0.3645617398946079,-1.7096026741155863,-1.860075305368871,-1.1347147014597865,0.4182548053504002,0.3682107348569319,1
2.30374573976719,1.083750682011129,-1.0718212407611234,-0.2073714386450736,-0.7613258027482074,0.1223979027173101,0.7819251025138989,0.1591647029739209,-0.5845410409694285,2.236322278777558,1.6703723985427943,1.1838556534878022,1
0.4054151864333059,2.109835961159688,1.2690171861248265,3.792077548120727,2.1441455846389954,-1.2800993981753923,-1.0494866551583877,0.0897324259613118,0.1787445299323558,0.2309592392624631,-1.0276852683189273,0.7323925792473441,1
-2.7961476957843288,2.027620618922993,0.3109076011173436,-0.9693772355516618,0.9519307258873468,-1.6171012179582325,-0.1450313443429998,0.004737543023075,0.8695096234841144,0.1052829576912598,-1.3132434521898753,1.35020834476819,1
1.85195918868006,1.1632595618874,-1.428425961974409,-0.0538909472075313,-0.7961865751564399,-0.3361987597394105,0.6514088037297557,0.2315662156432114,-0.0234271663454977,-0.0981051253849915,-0.4625050691033365,-1.1664169358686265,1
-1.977907452736406,-3.612272821840112,2.483566325293791,-0.567939120577578,1.3211499548699543,1.1881769506827486,-0.198836445530789,-1.4937543287169512,-0.3093721804363102,0.3880633624720607,0.3291346384456644,-0.3186259879397131,0
3.890582395037296,-0.901334825597331,-0.3717110052380051,-0.3632703681760857,0.2350673476625512,1.2599049887340157,-1.7624601730102631,2.388795168651653,0.2619678757863206,-0.1403252118040798,0.8191969174338598,1.767873301196814,1
2.2638175835540846,1.5578374002341442,0.876790095382552,-0.9331652662900546,1.298196848127929,-1.615185335192312,0.0324642667072379,2.1352447377942623,-1.4156426927018635,0.2666749075759432,0.4778880150941567,1.852262569184576,1
1.1828068219808143,-2.1133980842300133,-1.848419957089212,-0.2307835268436742,2.0775749752635684,2.62552495415654,-1.2183538904736837,-1.7651289597217288,0.0276749490776863,0.0833991698808796,0.5026850782302869,-0.8826404396647367,0
2.069446526412932,0.9120341255324372,0.8172736148250507,0.7086175700108902,1.7748675863476044,-0.8566823401275495,4.409874131174523,0.984112107504764,3.283656074222796,-3.479990246827576,1.9370358627990316,1.7541627740873795,1
-1.5998495041147154,1.8200411837737132,-1.1759935765227314,-0.5437134179402889,-0.8400620788530572,-0.2970753624874281,-1.518330318349121,-1.3084905099204571,-0.5477054392391975,-0.8534470314929262,0.5787608446136064,0.3203053545896803,1
-0.3668528292332725,1.7510866535269756,-1.7397039614734622,-0.2604954915287713,0.0285219039869191,-1.456436719399661,2.255979084378335,0.5380697925471679,-2.204628455237626,-0.0817251571817362,-0.2135583712476489,-0.4778699817584684,1
-0.4492985063994243,0.3675786344902132,2.0885029931324586,-0.0502555856147419,-1.717737685024451,0.734668885340012,-0.8952720423422502,-0.5722236330925341,0.0353750554438288,-0.3737190003366472,-0.950009283133046,0.7792245643138969,1
1.5279813032985468,-0.4264434797421541,-1.5474596551023507,-0.4589923719522034,1.4561293348313251,2.728971372015701,-1.3229303288798595,-0.2507920471711335,-0.4643721294065868,-1.5856859025258985,-1.1475181874142943,0.3025349289484526,0
-1.954384893822856,1.671923970509698,-0.2344524765389905,-1.2096039433102002,-0.204234163865251,0.4839796721928419,-0.2310740439056554,1.6356081319357014,-0.4064393378486737,0.2981807314910319,1.8654011029480613,-0.2177491581145525,1
0.1053631318851568,-2.1298705614928317,1.7169378181708397,3.422268368206629,0.2313627140811628,-1.7331183524417348,-0.0833914272736652,0.8693540763450914,0.2389414000316081,-0.255048308002414,-0.3050970589802674,-1.8921365016080895,1
2.639526634990068,0.2369320163330349,-1.4765229891417684,0.4855954137844163,-1.1237319283201164,-0.8775783629755061,0.3182475972785773,0.3509548801729591,-0.2631652609055389,-0.3560678357716816,-1.3607307557393509,1.0762308639337046,1
-4.578033843420896,-5.48486733862291,-0.6553422169442942,0.0920914988343997,0.8454279454024438,-1.9115779874564545,0.009626456061666,1.409989906590598,-0.3588839303400524,1.6317564956036632,2.1174325956068234,0.8410497641371182,0
1.221024326881045,-2.356529532173067,-0.2703638255248423,-1.192344255679335,2.41128865864495,-0.5387837048808708,-0.620463018615182,-1.6140948894406026,0.3107495713877072,0.162244674791173,0.3377899800042807,-1.3522068611618818,0
-1.0681920750640226,-1.8410736305263,1.247885154417747,-1.1725638923688697,-1.130067038176384,0.9095294315034136,-1.2611368483596783,-1.0183097940314008,-1.207543605842937,-1.391888332929697,-0.5888576883275555,-0.3869881311762975,0
-0.0652624522966188,1.5118078886308373,1.2230524981295114,-1.230675050570096,1.2603279522369562,-1.4059522543453042,-1.2653652947153298,1.6053906450587263,1.0076722514108736,0.9520327039915676,1.4986311272433424,-0.8863285673032659,1
-4.817483126774964,2.5824858490146814,-1.1506234527669057,-0.3101647493665082,-0.8266203131638724,1.1612812853354506,0.1532188820991038,0.2171708874312473,0.7914699813131721,0.0466100985771077,0.1033924433778825,-0.1630235607895894,1
-0.7139390946574,-1.036707556322904,-0.2710986301024352,-0.9522129609685124,2.0685369954967765,-1.1051264278303177,-0.1932364823132265,-1.4938368780694944,-0.5910986878508852,0.338475260945675,-0.5870196775407551,1.590711441807432,0
-3.171356322410116,2.089210485258389,-0.2092217637102438,3.4187894933066656,-0.0340639683397221,0.1648375102551492,-1.672465871360795,0.1400581495879788,0.8970995834374598,-0.3119429559255259,-0.7574395664579912,0.404529003226127,1
2.3517796450682456,1.524733437817982,-0.7026737249512963,-0.4435605109982946,-0.8970130870709525,-0.1592646438335605,-1.6840323630546952,0.2428124288442918,0.6992837198909004,-1.329363985508991,-0.7202411855625847,-0.3529224725503846,1
1.743756407670722,0.5217030977786314,1.100910788696838,-0.6250888811608932,1.2473377253507587,-1.4248908842905812,0.4994180694482963,-0.8212760601652183,-0.4166348453012961,-0.1599408783755478,1.08613176918386,-0.5004261013845966,1
3.571072861055075,-0.142613527135922,2.2116961324235165,-0.7235103878456935,-2.113848379057281,-0.0021946302436215,-2.048691382109932,1.494469962149194,0.5032880080742614,0.1024652063623581,0.2783159961531542,0.2718167661437747,1
2.785068424233924,-1.050342297690885,-1.3213689587473547,3.688213336488793,-0.5781056767289867,-0.7047350819026407,0.2533405664707074,0.5578985022137294,-0.1057237412792193,-0.1300724959140053,-0.3493949618043027,-1.6981183721510047,1
2.431294512626782,-2.7703695310867085,2.838316392379629,-1.4048971060599589,1.460911304152468,1.4875604288006348,-0.3964554596717501,-2.3025122563332743,0.5060043685326078,0.820451836489093,-0.3138480498848611,-0.7369429797225818,0
1.2403396030397875,1.0133325148694068,-1.1196809698836685,0.6401064248508285,-0.5780710472867748,0.0152458544113996,0.9237045726864686,-1.2201582435152265,-0.3451350469161841,0.7923302494442211,0.4770915097349175,0.1892732373933814,1
-0.2240591334638292,1.7881962309745658,-0.6144190364153258,3.360652621883585,-0.0633913429062863,1.1739232504477368,-0.7709038670190579,-0.0464240407411173,0.531570150015535,-0.3072407398198449,0.1750830435789653,-1.622444720657615,1
-0.295093898151712,0.1612317729398751,1.3404686335249163,-0.6837438331319059,-2.2235629660144838,0.1654178059908252,1.5448599214005458,-0.1342792634003673,0.3737546356754343,1.1704934311362962,-1.3480174378600434,-0.0938420167545213,1
-0.8717510246610756,0.1812327363317415,1.696587201367043,0.1459719173833262,-1.6743155957486,0.2630582263118075,0.2299689255243008,-1.5269755713226008,-0.4284722738075482,0.5422145626811413,0.5344898298625583,-0.6950597274956439,1
-2.2009694050683763,-3.0292925709273697,-2.73594428185062,0.5601325065826985,-0.0730062339163928,0.2244327362698606,1.0037443284355605,0.7221128447144248,-0.0992337468094908,0.3701358771328398,-0.7254308973205288,-0.0317664362542955,0
-1.1411199695799343,0.2311259311394717,1.9008288773775988,0.7475968590173402,-2.098491897359236,-0.189925815819756,-0.3552394635804556,-1.3845340938094026,-0.0620652910915862,0.2049940231857321,0.7378923685569119,-1.2834539994441798,1
3.0202003840210043,-0.1781311021336336,-1.410755191496868,-0.7087556187597471,-0.6802389710431263,-0.3470310713312782,0.055156538202281,0.2341939866186873,0.4258225587768925,-0.5000494816623132,-0.2968136900499729,-1.7219167445915688,1
-5.3110968160709735,2.2021133088092624,0.5257223510912635,-0.3377961923915038,1.479101437524931,-0.4872299869001099,1.616636297518277,0.9357205764989902,0.0374546672850581,0.4002767042016663,-0.7095784425037982,0.5338569205215259,1
-4.828368098705517,0.152467211735544,-1.4725704485112558,-0.1730231800887415,0.2765233668086772,0.6608526260627857,0.1348966350765268,-0.1467492878149579,-0.4037468478345045,-0.1752032670266127,-1.148904608451731,1.9017888174847988,0
1.9836659662970364,0.8021442566774527,-1.4739196168042568,-0.963256075947718,-1.4979558484345483,-0.7019599997250493,-1.7897771935368638,0.2152477944982037,1.1056725106735477,0.985562767448699,1.1105058903503602,1.286421935725389,1
-2.336002448992759,-0.0164519217879328,-1.877934689681906,0.3235561943618582,0.2057688059954353,1.546023030637121,-0.8907761185804034,-0.2965476752864547,1.0390339105197612,-0.2397077450167606,-0.2417985158920688,-1.322997798031823,0
0.4433278677272155,-0.6757061536638236,-2.0672374351057594,-0.4567844066312091,0.4092285873274844,1.1545084869022435,0.4302919043900859,-0.9171118070187416,-0.4331022893632134,0.2979985319656471,-0.5729900534191925,-0.8593162867906561,0
3.879055762735471,2.4029337903694508,1.511342734810152,-0.4084783579245569,3.581201480432912,0.4740579055447168,0.5601089687326093,0.8099438581475258,-2.2895319167233743,-1.9490238406638016,-0.3768441828955823,1.4293777928778348,1
0.1480179508307798,0.2261095240263662,2.619552538325823,0.2030153931603205,-1.268123056434912,1.8699023581328644,0.7658165337880051,-0.4722765287725359,0.1924258485323939,0.6263441966088956,-0.5101981115829597,0.241493561515395,1
3.636156820774868,0.7528142788871361,-0.462261755201958,-0.1738559405415356,-0.4410281047086328,0.5293128047704599,-0.2658520662114451,0.4674461455047607,1.0240013685360712,-0.4687509525976074,-0.1946290468635959,-1.2222302275275765,1
3.386923504149854,1.3138172619573936,6.49949454969798,1.983385950405956,2.0931158903085887,3.745964084291817,-0.4064783088239591,0.0330421047918094,-0.5376992666106197,-0.8132047316173122,0.7958768236060402,-0.0558031360013906,1
-0.8627328482180658,-2.340151644651444,-2.248035493139584,-1.5425559276335803,0.1877952109971626,1.17436259721237,-2.6381673423035483,1.811242759573558,0.2943535153066083,-0.7717999684608962,0.6383434218154849,0.1786315432113884,0
-2.2458106023289357,-0.4082583643879042,1.0865442187032224,-0.8214937452422677,-0.5755196023651552,2.362920787793847,-0.7227243962835437,-1.0302222881263443,0.6576570399097947,-0.0466724058860631,-0.6269048788423118,-1.5127784248109386,0
-3.6606226533745,-1.6832195260860807,1.11700568692132,-0.3038888525440887,-1.0327987610166025,1.3726986925621534,-1.0986042526215487,-0.855795904704849,-0.849631996591024,-0.6634069652398688,-0.9425300203276308,0.4403979646782795,0
0.834483809340594,1.724705742315059,-1.1164931629617498,-0.0233812982979581,-0.2460409164866308,0.7952618806336916,0.8664093701860599,1.3949547149713246,-0.3886702614006646,-0.6592051749478236,-0.9668704707113932,-1.017827251544653,1
-2.1971422988799607,-3.124548807698932,-3.0387355785742893,-0.4337450356181307,-0.2942181037939174,-0.4287416485691146,-0.830229860085541,0.4697990147439999,-0.184928194428588,-0.8245844186248374,-1.1023009504493837,0.4165072002640632,0
-2.0355811111996207,-5.03044283839783,-1.1037658242401605,-0.330750408044307,-1.2944350257513262,-1.3644280756726717,-1.652193024176836,0.4789934984590717,-0.7138616857341721,1.165116139023208,1.1724016486563127,1.1916857461229664,0
0.7281412496743596,1.874102511655559,-1.337083394994967,0.4308764304966831,-0.3910893775365086,0.0922330422210288,-0.2211992589104512,-0.2007983157019705,0.4019775242460695,0.090680262789993,-0.0219938972976501,-1.1918551593759836,1
0.2135857607283695,0.2843007498500943,4.390042063692263,3.223300368906512,-0.0479587758065335,0.1914396803926323,0.0897434629094147,-0.117882397976675,-1.2155648152865053,-0.2484848077068704,-0.7522199637007525,1.4295705038094286,1
2.648764301160931,-0.1866981260354105,-1.7160252887128689,0.2635549115384201,-1.197780717768911,-1.3388877521840534,-1.588602114485471,0.1129741921049585,-0.2743995730145498,0.9319212962839286,1.2469126109725637,1.0073470132266047,1
-1.137729464945788,-1.6019794695940384,-2.576813382586534,-0.5174506011116138,0.7432957715772566,0.979168669866046,0.496215589107816,-1.512812561019291,-0.7198291254869907,0.762361843440313,0.3335473529875374,0.0163444607638739,0
0.6359394437650606,0.6070478525166321,0.2997848473726121,-1.5405279464493002,0.7075056623160116,-2.3536300835027197,-0.1554230128820633,0.3088883695345911,0.2176151178785693,1.878160821801996,1.783147822100566,-0.1603046551096264,1
1.2725195325052705,1.824043203317521,-0.1322797806815761,-1.056322766944164,-0.162453161167159,1.5830980539376431,-1.1309028852369436,0.0542971321622138,0.0588968424418485,-1.7772725413654835,0.0174903863740766,0.8695918706328709,1
2.4924534431055925,1.3249180527745337,-1.2442563365512709,-0.9488615362221672,-0.5195874940175903,-0.0476767648367808,-1.344687694813233,0.017610272351629,0.392322163090242,-1.0269393099194306,-0.9690285393318852,-0.1877698134027196,1
3.16664464045603,-0.9102884062391012,-1.783437363045327,-0.0995259091864367,-1.0707285404888511,-1.0578163969399168,1.134683218008647,0.4103928746548437,-0.9481258341640836,-0.3961813379213189,-1.3293255030300448,1.5162743317006309,1
-1.7777217551263846,-1.1396149354379117,2.6156527902907465,-0.3145176635668708,0.8366290136346686,0.7290403268767437,-0.2927965546601935,3.375744202398105,0.6531131276456845,0.7411536536027287,0.9499692120453848,0.7300135885873985,1
-5.870271370370751,2.0374193000226666,0.3833719212385693,-0.1157840870423333,1.118574618452791,-1.0365439414651725,1.3814318203828424,0.4151806046917278,0.2119586760938417,0.6323125722119155,-0.3939381604038037,0.4148208480602666,1
-0.0424962673617365,1.3769380025772833,-1.044095609168766,0.7132599632706059,-0.5752090807953499,0.2660004584143448,-0.0636621044620714,-0.2221076916403369,-0.8192191505291133,-0.3968321666766575,-0.7470613305974921,1.4003377730375377,1
-0.0188242377596058,0.8340882431367445,-1.2252800123520915,-0.4642308524026612,-0.4249033366460861,-0.1796683964529818,0.485385814995535,-0.7879904959591043,-1.015280281631888,-0.2531532586062699,1.4383916182974612,-0.3761322442325081,1
2.1586689594968043,1.1106544567231953,-1.0380472601191555,-0.0562483530057463,-1.0781930050545772,-0.8492121544663779,-1.3198861089828904,-1.5074608549970805,-0.1250460536886485,-0.6299125408616751,0.1854573032471565,0.1450634581932814,1
-0.5733817697295465,-5.352939209487547,1.4453223861784186,-0.2198980927386087,0.3169383290160569,-0.7563707059342201,-1.096122390987407,0.003200679624818,0.1829964506820444,-0.6633461578971639,-1.74761734031946,-0.101891313663403,0
1.8153659689669868,0.937920533666588,1.204989471544995,-1.2368142924411902,1.7975635161384678,-0.6625451188017819,1.2008990499844163,0.4856051768485216,-0.6666086226645784,-0.4940052034607445,-0.2216677626782832,-0.5582256079219609,1
-4.354854097685144,-4.401754291478744,1.5712595420757685,-0.9920200466061404,-0.091784382140723,-0.6116065792153059,0.3499260543824835,0.5183703815194223,-0.918999021559346,1.9001424132996996,1.7512550795946804,0.8398161598772524,0
1.339441196946371,1.7289783396530125,1.3999429155610192,-1.286791321312553,2.275416327518812,0.14048986789491,1.3099308660968858,-0.0760213634365577,-0.489726686386534,0.2687222935402698,-0.1196613258006929,0.3846832546347727,1
1.1891258157688225,1.6093812224946025,-0.9475124485590442,-0.2219216756835434,-0.7020099769039818,0.6546423804761199,0.9289148886950452,0.0196294129547194,0.3879688998843758,-0.0370870144631715,-0.0939940998710237,-0.1718685632602841,1
-1.070934009764315,-0.9090427068119148,-0.0703482995539416,-1.4434935306027847,3.355184400352385,0.9681568736139812,0.722011574119144,-0.7162874190740559,-0.7118601381675046,0.4339175520477025,-0.6566366424100947,-0.1679693785222487,0
3.5210861061551086,0.2811107214888106,-0.6228933117991678,3.1731034659632367,0.3104137305687467,0.8491791256159664,0.5144787650374228,-0.746132632507827,-0.1883870563863467,0.8302587485645847,0.0736040049488355,-0.2460709888187963,1
2.2321534446262814,1.3637099172198694,-0.3820061182871608,3.8523153458184,-0.1580566972310474,0.6816465430559299,0.6289633677715828,-0.1033733423394741,-0.1866212630238373,0.6668284192217424,-0.2140526770724786,-0.3732433309286618,1
4.295852840942539,-0.4386078404214524,-0.4639364771181167,3.975322621378475,-0.2166662486188962,-0.1570994565461122,-1.1775572858331569,-0.4654399008820716,0.0085199946889369,-0.3034823429930162,-0.255064679230494,0.6259668378459302,1
4.613536878165141,1.5756329294586526,3.698026384692283,-0.6633083302032686,-0.2382149183437015,3.1391853898970856,-0.9657876178493864,0.8057785218520297,-0.4000447695030947,-2.369294519462878,-0.7523466656342342,0.6029332172173535,1
2.950036410079112,-1.1385706349619455,-1.5125226448100553,-2.2380841277840844,1.152439377465582,3.029678377241129,-1.9139981906872707,0.9135035528046704,0.3834633966005794,0.0873383013684238,-0.2475117701027999,1.1771755094521097,0
0.9405798959431166,-0.9419425077433284,-0.4811288087782232,-1.0211509976907005,3.0003666281584134,-0.252549183456121,0.923661273803906,-1.8148244100198017,-0.648649937633116,1.1960244705264782,-0.2401612704050743,0.0279845332076592,0
-3.0450953699318144,0.649838905600817,4.2684753490232135,3.972849329321555,0.3668700508164897,0.9242948771929044,0.1947440072464733,2.5923702658150733,-1.2999603469609382,1.1424899151175896,0.5957839153557495,0.0153895745236131,1
0.5794015092427903,1.5039314865816351,0.8567567952282344,-1.2837438681449262,1.5770260217855736,-0.8629943955254333,1.011646524646273,0.3898593521532668,-0.0530563590753269,0.0160627006747697,-0.5378139730672836,-0.5476424074641548,1
3.6120567284868894,0.0787447779595497,-2.596803125101197,0.7865240351354209,0.0188200987416044,-0.7986174637104596,-1.25755039836131,2.561127504938444,-0.2936083056180427,0.4960318176290577,-0.2331292081847304,0.8134644753933865,1
2.665254451087585,0.8970953021649707,-0.8123622340879785,0.2534060662305317,-0.5609248650461421,-0.1480760493652865,-1.0937692392013283,-1.4715843664999937,-0.3611295227036163,-0.579632203825841,0.1440103875727086,0.6463832453236548,1
-0.2612486631593728,1.5402364333966352,-1.2772511565887934,-0.4488870596836963,-0.9609711003466184,-0.5744548381639587,-1.8082778679129687,-1.368545074487951,0.3806354647661705,-0.4627394214072085,0.2427397424966834,0.2119452554502098,1
-2.0189409877778863,1.7731122628649352,-0.5472953623697066,0.4215478151329524,0.1437181493514591,0.5541983959833338,3.400505247012722,0.6283877727328802,3.668206284768509,-4.1074748563015575,2.8533206496057377,1.3742525653794635,1
0.9197530314609434,2.1235010517842268,-0.5712781354761818,-0.8165474251265179,-0.660727428713078,1.1160161378714415,0.0512001189359789,-0.0677090213323791,1.2343938704405606,-0.1637742226710828,-0.0095887730679751,-0.5697354348793954,1
-1.903919152901269,-5.656696139533286,1.478468434310538,-0.4694439848623972,0.1015392013214593,-0.8053452092070884,1.0375685079203645,0.4574795334498612,-1.5243600996353397,1.886854258738584,1.5899933724073751,1.0502597108236924,0
-0.2088264235313705,-4.615476214001624,-0.9508031208361756,0.2099288311890348,-1.662898425363914,0.7369360937928644,0.4145004942759814,1.6316722035655544,-0.5023707061343025,1.7625238515884634,0.2048487641123741,0.1171364774136407,0
1.612825655565325,-0.8535915096103919,1.0064294836640952,3.248972802096041,2.2789372737326543,-0.375135860376886,0.1222429254243726,0.9278219578370388,0.3042249428302947,0.1152346704167754,-0.4274570128542381,-0.809847363333418,1
-1.1659038441839695,0.8181884851187352,1.7094623450440345,0.5242924427717268,-1.828798961796121,0.7692472458067593,0.9377038954418588,-0.1485796350108708,0.049967416202123,0.2334968013320184,-0.3556649746515058,-0.3170021803369091,1
3.145576508412106,0.3411066206446767,-1.5316051242069189,0.4809439794560675,-0.5462056015554276,-0.5547929755664045,0.0908614462328227,0.4036128358087213,0.1791140361366928,-0.4702488736462176,-0.284898516752262,-1.6815200577303515,1
-1.0862861291749852,0.6758067096740009,3.735367238843746,-1.076792083660682,-0.3834673627697735,-0.0133806176244961,-0.105177921961365,-0.3037776471768719,0.0712718739427017,-0.3977061317158522,0.1637123251802671,-1.2884279346590477,1
2.008412083922,-2.2371867445622087,1.0323610117804782,-1.3756511198261925,0.1930579102470216,1.9434518527837552,-2.3622071082159457,-2.726244799116797,-0.1502278417017113,-0.4316172955767239,-0.6055111045963447,-0.3914241645860791,0
-1.9597935505882909,-4.223781005919461,-1.1367406959551254,-0.6453373110408845,2.020678219274372,-1.6933720309732452,-0.8333520860262668,-0.6165549617375893,0.6130928867607769,0.013263061213196,0.8112027278725222,-1.2074635821767254,0
-1.333611759289553,-3.5225111998890464,2.5434344562788342,2.994641083490982,1.2188022381492685,0.9919683001207013,-0.3908634353294835,0.0391167116415177,-0.529481983802462,2.631207849025146,1.1820675887843086,0.6518971774811988,0
1.6471127475913174,1.5855726378626964,-0.1026765957575368,0.8306761634097868,-0.0674333359586298,-0.3042505220379745,0.4655440816923443,0.3030469574945513,-1.668039876851451,-0.1705234507738509,-0.2714557950330619,-1.7174972254770604,1
2.459228165749834,0.3041853714046774,-1.375602217317896,-0.1951353245770075,-0.7478906409479538,-0.5216421908369653,0.2257266303625505,-1.4141602910437248,0.1306694257715215,0.4212288577574052,0.565754803537809,-0.8279362076149602,1
0.8936600412575111,1.5546830993912986,-1.191829480964391,-0.872459819437792,-1.1553241412106778,-0.7661514921168313,-0.675357530712513,-1.3846206101171918,-0.3981272538043957,-0.373500112237191,0.2123746076879895,0.8684518993225717,1
2.2282710293923462,-2.050473383439652,0.437765983072286,-0.301165025794183,1.1230755663309997,-2.239146696090475,0.4446889661807749,-0.7350517046482958,-0.5799039509665251,-0.467319006987204,1.0993943713855727,-1.0374282187661898,1
1.242736960162599,0.9792004661266276,3.7249810494332394,-1.0173693665945491,2.0230720529389634,1.6069161388313362,1.4276538135503671,0.0735451768880613,-2.0792558532812424,-0.9982281820847352,0.7459238071911011,0.4142650508322216,1
-0.8049409799998581,-2.594648621772744,-2.5452661500697222,0.7336649768336382,-0.3264471709415256,-0.3377308492427822,-2.444664507134381,0.2099573737823146,0.328019698959157,1.1411399870668295,1.0319863974846286,1.1413604554531704,0
2.097763405933964,-0.1534822552994241,1.8486566635542068,-0.8336594821090468,-2.1145443773670185,0.0037769572666434,0.5472832519053888,-0.1635218135630495,0.1733063339116607,-0.0992635142485681,-0.6718471402284,-1.4888516847479234,1
-0.0403928576298056,0.7204024205260514,1.8410814634003263,-0.7324653079165796,-2.36344840303344,0.1186278766983572,-0.6515598495037005,-0.4432450341399663,0.2081961676184406,-0.8901523714609693,-0.8113331564049159,0.3584812097529801,1
2.840561974341661,-1.1252202446884485,1.49302289817328,0.2827073608196039,-1.818233876230624,-0.406993080368139,0.8999329906928347,0.1527977557515439,-0.6233817859386416,-0.3617373751889476,-0.4868924242455346,-1.4294644050612884,1
2.1332138229936564,1.0172159616024228,0.8703128380054186,0.3407932078316982,2.0499267179051506,-0.8969059131370729,1.2972932804327664,0.1591327006736374,-0.3232853536113719,0.4656178184208543,-0.3128555216811441,0.1565115746506568,1
-5.106579725732684,2.3187314677414905,0.7655525002114401,-1.0931482483611523,1.5314719316361578,-0.8695829000214436,0.2426993743488658,0.5413968771217106,-0.3137262586105498,-0.8966822468740921,0.6628747092289278,-0.9280202068036252,1
-2.775700971285036,-4.188196494680768,-3.2427911400717484,0.5113641248734472,-0.0145676826541336,-0.7165366110505009,-0.583414545507483,-0.6148917737448659,0.2546062512020377,0.2005603525427494,0.8495929375589732,-0.8951559705087082,0
2.166651247976562,0.1399933483552536,4.530542209151607,2.8807648429492514,0.2359099650443663,0.7163613185563611,0.1793018574537335,-0.2369422620125628,0.8259241126647386,0.9134561908349916,-0.5588616394807341,-0.3930659749423388,1
-3.0325259983635577,-1.0268868336690258,-2.283119948829024,0.2334744387623238,-0.0897676135208931,0.2923954013316265,-1.1004230866320244,-0.210715555342926,-0.6559317294353846,-0.7894267985286475,-0.5875882948556828,0.5551103896316324,0
1.3472346235529729,-2.750699590173076,0.5675202095676615,-0.863372058353947,-1.4418197487246731,0.3394384260998503,0.070312173714847,-0.4393904692643972,0.2129661303053137,0.3207194685694935,-2.2090547891788983,1.0702039444794975,0
-1.9917933347761083,-3.835606183558556,-3.186616119862673,-0.4293446151317284,0.104899190890534,0.0240602391635187,-0.3242049444091505,2.4367554348702214,-0.1613742185408072,0.9999822808343132,1.0680772392391225,-0.0655428415686956,0
-0.2778608823792994,1.4662712831868836,-0.9589281592386928,-0.3762742446446019,-0.9701957191789844,0.6322897719091602,-0.2855926505829624,-0.0060189651673164,0.7869734369424348,-0.34232653890977,-0.930927843294529,1.6790554009785628,1
-2.614740683509828,-0.302595018537317,-1.69722243717057,0.2328992145744211,0.8494543092264886,2.681806600182098,-0.1124108460280289,-0.3325894205236576,0.5729141835612731,0.1398404674034592,-0.4653005517921837,-0.1583912955771287,0
2.294261063291403,-2.134982869845349,-1.2455314608164745,3.3619906588400235,1.750105094967904,2.0921331724658883,-0.2553511592686426,-0.6542968940512602,-0.4437655894304528,0.4119504162780165,0.2593359249277854,-0.3741582655497501,0
1.4920579525796986,-2.062005823242888,0.6314491729556302,0.1728822198423543,-1.4605554591471166,-0.2889012467487876,-1.2571059905272652,-2.107699820320218,0.2533434860147855,0.3954986132093334,-0.9045163032746654,0.3036577436612367,0
3.319017570658595,-0.7054832067009894,-1.766407959709979,0.0461400027120005,-0.6438885359097056,-0.9729657168451984,-0.5320773887916491,-1.164527942963726,1.1169483231942596,0.4776922790296575,0.5305000041653559,-1.2323399857223172,1
3.462126902230981,-0.8364867566086904,-1.8498914239051956,-0.7419294446706957,-1.060221978722789,-1.5911066828241205,-2.1284807299192408,0.3323799453912421,-0.0199270255234387,0.4081114373298506,1.6829526251208788,0.5060834784858567,1
-3.675031831291655,2.4162989189457917,-0.5445462649769539,-1.1057168132749644,-0.2132728934555566,0.1728391253982783,-0.3757216304640367,0.1453044861713813,0.4676401481001789,-0.7890937740234082,0.5109193002075942,-1.3552097603811988,1
-6.118992088704952,1.8229322730465292,1.2570820314337718,0.248343833881823,-1.9362344162686984,1.0572290662798285,0.4136245832581129,0.5044885586908083,0.4488747602169448,0.2407329663880614,-0.6245810448320773,-0.5241190920705555,1
-4.75195904906333,-1.944253403681519,-2.74190298652984,-0.5611470211963473,-0.0924355413592027,1.1245823212668815,0.5049470626597747,0.236454392470122,0.9923932797944705,0.5795222720455259,-0.4711321016451243,0.3147682316927834,0
