FechaUltimoPago,CostoAdmin,FechaAdjudicación,FechaInicioC,FechaProyectadaFin,MontoVencido,Ingresos,TotalMonto,SemanasAdjud,EdadActual,Mensualidad,Ocupacion,Y
20180221,17468,20150417,20150417,20200417,5046,19125,302783,0.0,24,5046,47.0,1
20180208,19040,20150220,20150220,20200220,7044,22327,211366,0.0,41,3522,38.0,1
20190218,24485,20160115,20150220,20200220,0,34514,323640,47.0,25,5394,13.0,1
20200305,28599,20150717,20150417,20200417,12566,35754,377036,13.0,41,6283,59.0,1
20181226,22024,20150417,20150417,20200417,6539,40430,392349,0.0,56,6539,97.0,1
20170207,13341,20150320,20150220,20200220,19445,22621,233373,4.0,24,3889,5.0,0
20200218,29743,20160715,20150220,20200220,3442,17286,206535,73.0,21,3442,85.0,1
20191001,26445,20160923,20150417,20200417,16100,14125,193211,75.0,63,3220,69.0,0
20161005,8220,20150717,20150717,20200717,7792,6138,58486,0.0,47,2000,28.0,0
20180130,16482,20150515,20150515,20200515,5146,17436,308796,0.0,27,5146,18.0,1
20190430,25369,20150515,20150220,20200220,15256,14834,228860,12.0,33,3814,77.0,0
20200915,31166,20160318,20150417,20200417,5757,24088,345442,48.0,31,5757,18.0,1
20190129,20892,20160415,20150717,20200717,6762,14254,202883,39.0,62,3381,74.0,1
20170508,14790,20150320,20150220,20200220,18297,9829,122039,4.0,51,2033,58.0,0
20161028,11368,20150320,20150220,20200220,30450,14861,182730,4.0,44,3045,58.0,0
20210309,29483,20181019,20151218,20201218,0,20666,265464,148.0,51,4424,47.0,1
20170929,16707,20150116,20150116,20200116,31920,22664,239441,0.0,38,3990,18.0,0
20190912,20799,20160318,20160219,20210219,37746,23826,251669,4.0,38,4194,118.0,0
20190903,22342,20160819,20151218,20201218,0,27039,339702,35.0,39,5661,45.0,1
20200701,29795,20160318,20150619,20200619,0,27542,316984,39.0,41,5283,68.0,1
20200625,26227,20190426,20151218,20201218,0,30372,290146,175.0,23,4835,11.0,1
20200715,30841,20161118,20150417,20200417,10226,25305,306787,83.0,31,5113,38.0,1
20180522,20425,20151016,20150116,20200116,31479,17477,269836,39.0,28,4497,52.0,0
20211014,34910,20160617,20150717,20200717,10082,20080,302494,48.0,34,5041,50.0,1
20190515,24240,20151016,20150515,20200515,31860,11031,191162,22.0,36,3186,87.0,0
20201103,28343,20171215,20151218,20201218,6881,40159,412910,104.0,37,6881,28.0,1
20180423,19962,20150717,20150116,20200116,29722,23579,254807,26.0,25,4246,97.0,0
20220520,32703,20160520,20160318,20210318,16232,14040,243514,9.0,43,4058,15.0,0
20200810,30219,20151120,20150619,20200619,0,42333,421310,22.0,33,7021,15.0,1
20191113,28453,20160415,20150116,20200116,0,23007,308134,65.0,47,5135,115.0,1
20210618,33309,20160617,20150717,20200717,11048,30225,331452,48.0,30,5524,50.0,1
20160428,7261,20150320,20150320,20200320,8395,7557,100786,0.0,59,2000,69.0,0
20190912,26007,20150918,20150515,20200515,0,18279,259700,18.0,30,4328,5.0,1
20201130,26290,20170915,20160318,20210318,21330,15124,213359,78.0,43,3555,97.0,0
20190607,24683,20160819,20150515,20200515,0,29776,326338,66.0,35,5438,97.0,1
20181129,21579,20160520,20150515,20200515,28053,11188,187050,53.0,37,3117,126.0,0
20180717,19771,20160415,20150515,20200515,21688,12096,162701,48.0,41,2711,97.0,0
20191130,28453,20160318,20150116,20200116,0,28952,340709,61.0,32,5678,17.0,1
20190531,20575,20180518,20151218,20201218,23674,19987,202931,126.0,37,3382,63.0,0
20191230,25736,20160415,20150717,20200717,25109,18294,215243,39.0,56,3587,118.0,0
20181108,19479,20151016,20150821,20200821,0,16867,277199,8.0,35,4619,50.0,1
20220117,33474,20161216,20151218,20201218,4855,22379,291331,52.0,51,4855,47.0,1
20200302,28599,20160415,20150417,20200417,5353,24403,321183,52.0,41,5353,97.0,1
20200302,25975,20170120,20151120,20201120,0,37228,523727,61.0,44,8728,28.0,1
20190117,17772,20170217,20160219,20210219,10804,23218,324132,52.0,50,5402,45.0,1
20200620,31465,20150515,20150116,20200116,5426,34903,325568,17.0,57,5426,97.0,1
20220128,31938,20161118,20160318,20210318,8142,26585,244265,35.0,30,4071,50.0,1
20180829,16045,20160219,20151218,20201218,18715,16110,224616,9.0,31,3743,28.0,0
20200602,29368,20160715,20150619,20200619,26704,36273,400611,56.0,53,6676,58.0,0
20180518,13134,20160318,20160318,20210318,66710,41840,400277,0.0,44,6671,58.0,0
20220602,24621,20180720,20170915,20220915,10880,31268,326459,44.0,22,5440,97.0,1
20220602,24621,20181019,20170915,20220915,4512,17083,270752,57.0,21,4512,85.0,1
20220503,24621,20181019,20170915,20220915,5150,23596,309037,57.0,44,5150,97.0,1
20210311,29999,20170120,20151218,20201218,13404,34760,402122,57.0,27,6702,47.0,1
20191202,28885,20150220,20150116,20200116,8680,38000,520836,5.0,52,8680,116.0,1
20200102,29315,20151120,20150116,20200116,9640,25218,289247,44.0,55,4820,69.0,1
20190531,22664,20160923,20150717,20200717,46926,28121,312876,62.0,39,5214,15.0,0
20201030,27406,20160819,20151218,20201218,0,29166,320033,35.0,31,5333,52.0,1
20220525,28020,20170217,20151121,20201121,0,50447,508894,64.8571428571429,43,8481,50.0,1
20190703,23024,20150821,20150821,20200821,5793,34082,347606,0.0,48,5793,97.0,1
20180611,19835,20151120,20150320,20200320,18400,18285,220855,35.0,33,3680,34.0,0
20191008,25921,20160415,20150619,20200619,34965,22492,233157,43.0,59,3885,45.0,0
20220512,29074,20160219,20151218,20201218,5885,22992,353123,9.0,56,5885,53.0,1
20210419,34073,20160115,20150515,20200515,0,21876,277837,35.0,41,4630,5.0,1
20200131,23561,20161118,20151218,20201218,22125,23686,265511,48.0,37,4425,63.0,0
20191022,28018,20160617,20150116,20200116,37510,16013,225110,74.0,27,3751,78.0,0
20200502,25282,20161021,20151218,20201218,7274,15482,218243,44.0,36,3637,28.0,1
20190117,24041,20160318,20150116,20200116,37080,20684,222508,61.0,23,3708,97.0,0
20170907,9417,20160819,20160318,20210318,10410,6238,62501,22.0,55,2000,97.0,0
20210104,28245,20160617,20151218,20201218,0,19599,300473,26.0,47,5007,126.0,1
20200602,30415,20160520,20150320,20200320,4981,24703,298864,61.0,41,4981,19.0,1
20171127,12931,20160415,20151120,20201120,24450,14441,146703,21.0,31,2445,42.0,0
20161028,5614,20160219,20151218,20201218,15510,8576,93106,9.0,41,2000,50.0,0
20180511,14671,20151218,20151218,20201218,32408,39343,486177,0.0,50,8102,97.0,0
20210609,33309,20161118,20150717,20200717,0,45333,564026,70.0,47,9400,111.0,1
20190130,23515,20151120,20150220,20200220,24486,24843,244874,39.0,38,4081,50.0,0
20180623,19835,20151016,20150417,20200417,22638,12746,226400,26.0,31,3773,97.0,0
20190201,23434,20150717,20150320,20200320,16666,37138,499999,17.0,75,8333,97.0,1
20220513,27826,20160415,20151218,20201218,4788,24699,287333,17.0,33,4788,45.0,1
20220518,23716,20150619,20150619,20200619,9656,31321,289732,0.0,47,4828,45.0,1
20200722,28742,20160923,20150717,20200717,9164,23487,274923,62.0,26,4582,125.0,1
20190102,24041,20150515,20150220,20200220,8719,37195,523180,12.0,50,8719,45.0,1
20180903,16499,20151218,20151218,20201218,18300,21965,274504,0.0,47,4575,104.0,0
20170109,11282,20150619,20150515,20200515,13680,11552,164190,5.0,63,2736,97.0,0
20200201,28693,20150821,20150320,20200320,8018,27179,240550,22.0,35,4009,47.0,1
20210615,34361,20160617,20150619,20200619,4460,23796,267613,52.0,30,4460,5.0,1
20180831,19703,20160115,20150515,20200515,23688,22548,203075,35.0,34,3384,126.0,0
20211208,32060,20160923,20160219,20210219,13062,35568,391873,31.0,48,6531,53.0,1
20200930,28542,20150918,20150918,20200918,23156,16421,198503,0.0,43,3308,58.0,0
20160401,7786,20150417,20150220,20200220,30680,14133,184114,8.0,43,3068,58.0,0
20200116,26692,20151016,20150619,20200619,44904,29297,336825,17.0,30,5613,58.0,0
20160722,4610,20151120,20151120,20201120,14496,9454,108721,0.0,30,2000,35.0,0
20191219,26788,20160415,20150619,20200619,25590,16739,255923,43.0,27,4265,3.0,0
20201113,31484,20160415,20150619,20200619,0,29166,400776,43.0,69,6679,69.0,1
20200821,21451,20170421,20161021,20211021,25333,18470,217176,26.0,24,3619,50.0,0
20191207,28885,20160415,20150116,20200116,40401,25942,269375,65.0,31,4489,52.0,0
20211210,33602,20160923,20151120,20201120,0,23844,329107,44.0,38,5485,42.0,1
20180321,18975,20160115,20150220,20200220,26631,19111,177590,47.0,29,2959,47.0,0
20210517,30815,20170120,20151120,20201120,5930,28255,355817,61.0,26,5930,74.0,1
20210614,28147,20170317,20160520,20210520,10438,28625,313187,43.0,38,5219,50.0,1
20201202,28762,20170217,20151120,20201120,0,39314,347190,65.0,57,5786,53.0,1
20190111,23515,20150220,20150220,20200220,6022,16649,180674,0.0,58,3011,69.0,1
20180629,19313,20150515,20150515,20200515,17616,13166,132150,0.0,26,2202,18.0,0
20190128,24566,20160318,20150116,20200116,36484,28804,312725,61.0,49,5212,58.0,0
20170116,10232,20160415,20150619,20200619,12480,6696,93626,43.0,49,2000,68.0,0
20191111,21672,20170217,20160219,20210219,11442,31901,343287,52.0,61,5721,63.0,1
20191206,23131,20151218,20151218,20201218,0,67488,648438,0.0,49,10807,45.0,1
20181010,21654,20151016,20150320,20200320,5610,19966,336649,30.0,45,5610,18.0,1
20180502,18328,20150918,20150619,20200619,32272,26828,242085,13.0,29,4034,126.0,0
20160706,7225,20160115,20150619,20200619,6783,6690,58182,30.0,24,2000,26.0,0
20190725,20944,20160715,20151218,20201218,5004,25706,300269,30.0,45,5004,5.0,1
20181121,19479,20160715,20150821,20200821,58610,37288,351711,47.0,31,5861,28.0,0
20170424,13781,20161021,20150220,20200220,11736,9907,88045,87.0,27,2000,50.0,0
20191001,17661,20170721,20161021,20211021,30024,15019,200187,39.0,42,3336,50.0,0
20220412,24242,20200821,20170915,20220915,21272,35373,638202,153.0,39,10636,97.0,1
20160712,4610,20160415,20151120,20201120,9130,3294,54807,21.0,33,2000,50.0,0
20200313,29646,20151218,20150220,20200220,9156,26429,274712,43.0,26,4578,114.0,1
20180202,16944,20150619,20150515,20200515,45387,18765,302613,5.0,23,5043,96.0,0
20190121,13683,20170317,20161021,20211021,11795,12502,141580,21.0,50,2359,28.0,0
20190502,23716,20150619,20150515,20200515,0,17049,232935,5.0,25,3882,50.0,1
20191106,26356,20150619,20150619,20200619,0,31665,324547,0.0,26,5409,97.0,1
20180117,14382,20160415,20150918,20200918,19376,13928,145348,30.0,52,2422,50.0,0
20200630,26227,20161216,20151120,20201120,30744,18730,307458,56.0,27,5124,28.0,0
20190201,20811,20170120,20150821,20200821,35304,29639,264785,74.0,34,4413,77.0,0
20200218,28693,20160415,20150320,20200320,10570,26136,317152,56.0,38,5285,85.0,1
20170824,15181,20161021,20150320,20200320,19593,9873,130641,83.0,47,2177,97.0,0
20190918,20799,20161216,20160219,20210219,0,23012,314768,43.0,31,5246,43.0,1
20200205,27120,20160520,20150619,20200619,39736,32661,298029,48.0,49,4967,125.0,0
20220519,29130,20170421,20161021,20211021,0,40341,404145,26.0,40,6735,15.0,1
20200228,29218,20181019,20150220,20200220,0,21748,247619,191.0,25,4126,77.0,1
20180425,19962,20150918,20150116,20200116,0,20617,392562,35.0,37,6542,58.0,1
20210504,26716,20170120,20160819,20210819,7144,42315,428693,22.0,26,7144,12.0,1
20191129,27054,20151120,20150220,20200220,4208,19053,252510,39.0,34,4208,53.0,1
20180425,14724,20170818,20151120,20201120,19458,12462,129747,91.0,19,2162,28.0,0
20170803,16231,20160115,20150116,20200116,26838,20597,178941,52.0,42,2982,97.0,0
20220103,28871,20180316,20160923,20210923,5279,28133,316751,77.0,66,5279,23.0,1
20220103,28871,20180316,20160923,20210923,51580,29278,309512,77.0,66,5158,23.0,0
20180425,18912,20160415,20150320,20200320,27312,17581,204857,56.0,18,3414,50.0,0
20201001,23824,20161118,20160819,20210819,5351,25897,321066,13.0,28,5351,126.0,1
20210419,29368,20160415,20150619,20200619,13212,43307,396402,43.0,48,6606,97.0,1
20180511,16751,20160617,20150821,20200821,22044,21661,220449,43.0,34,3674,50.0,0
20210726,27524,20170317,20160819,20210819,13782,33165,413490,30.0,55,6891,80.0,1
20210907,36089,20150717,20150515,20200515,844,1440,12705,9.0,32,2000,50.0,0
20181101,22626,20160115,20150220,20200220,13680,18911,205224,47.0,28,3420,117.0,0
20220302,30146,20170217,20160923,20210923,11188,39877,671330,21.0,46,11188,42.0,1
20200522,28939,20151016,20150619,20200619,7831,44091,469860,17.0,53,7831,6.0,1
20200901,24428,20170120,20160520,20210520,10098,18151,302961,35.0,25,5049,18.0,1
20200312,29646,20160318,20150220,20200220,5085,31217,305123,56.0,38,5085,80.0,1
20200213,29218,20160115,20150220,20200220,10060,23164,301818,47.0,82,5030,97.0,1
20220509,24242,20190215,20170915,20220915,14480,46494,434440,74.0,37,7240,50.0,1
20200204,13991,20180921,20170915,20220915,35880,30198,269140,53.0,36,4485,85.0,0
20181221,23596,20150220,20150116,20200116,0,19288,276373,5.0,37,4606,96.0,1
20190206,16174,20160715,20160520,20210520,5540,35792,332438,8.0,69,5540,97.0,1
20200715,28218,20170120,20150821,20200821,0,38350,381657,74.0,48,6360,50.0,1
20220602,24621,20180720,20170915,20220915,0,23427,305783,44.0,57,5096,24.0,1
20220502,24621,20180817,20170915,20220915,4963,23215,297820,48.0,62,4963,28.0,1
20190228,23959,20160115,20150220,20200220,34580,32115,296459,47.0,39,4940,58.0,0
20220602,24242,20180720,20170915,20220915,6189,28085,371395,44.0,36,6189,76.0,1
20210313,25390,20161021,20160819,20210819,11592,25923,347817,9.0,24,5796,50.0,1
20220517,29765,20171020,20160923,20210923,11436,33067,343109,56.0,42,5718,23.0,1
20220531,24143,20180119,20171020,20221020,13376,31946,401312,13.0,52,6688,76.0,1
20220506,20954,20191115,20180420,20230420,5282,34005,316979,82.0,30,5282,112.0,1
20200504,11536,20180817,20180420,20230420,21750,14079,217527,17.0,24,3625,97.0,0
20180222,15367,20160923,20150821,20200821,22590,10383,150630,57.0,31,2510,97.0,0
20220602,26549,20171117,20170519,20220519,0,42344,383193,26.0,28,6386,110.0,1
20210909,28326,20171020,20160819,20210819,0,37556,513341,61.0,49,8555,76.0,1
20200207,19896,20180420,20160819,20210819,26192,72330,785810,87.0,36,13096,97.0,1
20220531,26374,20180316,20170217,20220217,13638,39983,409162,56.0,33,6819,28.0,1
20190102,22990,20160318,20150320,20200320,9627,34226,577659,52.0,43,9627,58.0,1
20210722,27524,20170721,20160819,20210819,11738,31576,352153,48.0,57,5869,10.0,1
20220420,29005,20171117,20161118,20211118,11454,26766,343666,52.0,44,5727,50.0,1
20220103,26374,20171117,20170217,20220217,0,43285,390390,39.0,27,6506,117.0,1
20220602,17669,20190621,20181116,20231116,9174,19816,275247,31.0,28,4587,126.0,1
20220516,17290,20190517,20181116,20231116,8980,26305,269458,26.0,25,4490,18.0,1
20220412,24242,20180720,20170915,20220915,8159,49235,489588,44.0,24,8159,7.0,1
20201228,21635,20180720,20170120,20220120,88497,60711,590026,78.0,36,9833,37.0,0
20191023,26968,20170317,20150320,20200320,0,25112,362199,104.0,52,6036,28.0,1
20201029,32110,20160219,20150320,20200320,9249,40265,554985,48.0,47,9249,97.0,1
20200724,26653,20170519,20151120,20201120,6862,30852,411734,78.0,41,6862,0.0,1
20190801,11387,20180316,20170915,20220915,10235,10321,122834,26.0,52,2047,5.0,0
20211213,28993,20170915,20160819,20210819,0,26565,285492,56.0,34,4758,1.0,1
20220602,27519,20180518,20170217,20220217,9716,16592,291494,65.0,50,4858,62.0,1
20190305,2223,20181116,20181116,20231116,11240,6690,84350,0.0,29,2000,84.0,0
20211130,25596,20171215,20170217,20220217,94088,58590,705696,43.0,30,11761,105.0,0
20190606,10504,20180817,20170915,20220915,19850,9488,119111,48.0,26,2000,76.0,0
20220510,24242,20180518,20170915,20220915,0,31150,358096,35.0,23,5968,23.0,1
20210623,26610,20170721,20160819,20210819,11146,36054,334405,48.0,61,5573,97.0,1
20190911,11828,20180518,20170915,20220915,20840,12326,156318,35.0,25,2605,97.0,0
20171129,7802,20160819,20160819,20210819,0,23162,285217,0.0,46,4753,5.0,1
20220503,24621,20180817,20170915,20220915,10908,26556,327290,48.0,27,5454,9.0,1
20220511,26170,20171215,20170421,20220421,5307,28800,318447,34.0,57,5307,47.0,1
20210531,26205,20170818,20160819,20210819,47010,23852,282084,52.0,36,4701,50.0,0
20181221,9773,20171117,20170421,20220421,13302,10206,133079,30.0,26,2217,58.0,0
20220513,24242,20180615,20170915,20220915,12238,21712,367150,39.0,33,6119,44.0,1
20160118,5731,20160115,20150320,20200320,3488,3193,52327,43.0,54,2000,42.0,0
20220131,26374,20180216,20170217,20220217,32522,20181,278818,52.0,34,4646,85.0,0
20200216,19386,20170519,20160923,20210923,14320,15896,214814,34.0,45,3580,58.0,0
20210119,32318,20170915,20150619,20200619,9842,31494,295285,117.0,34,4921,18.0,1
20220603,27519,20171020,20170217,20220217,0,21427,285657,35.0,36,4760,50.0,1
20220520,23666,20180615,20171020,20221020,10912,22568,327389,34.0,35,5456,23.0,1
20220531,17290,20190118,20181116,20231116,0,13769,228651,9.0,41,3810,97.0,1
20220506,18120,20200221,20181116,20231116,16886,35600,506592,66.0,29,8443,7.0,1
20220530,23383,20171020,20171020,20221020,22145,17461,265745,0.0,31,4429,5.0,0
20220516,20494,20180921,20180420,20230420,4377,14486,262620,22.0,26,4377,104.0,1
20180322,14263,20151120,20151120,20201120,16436,21404,246563,0.0,36,4109,58.0,0
20220228,23383,20191018,20171020,20221020,49700,30519,426026,104.0,32,7100,42.0,0
20180503,19899,20150918,20150320,20200320,15548,16825,233245,26.0,41,3887,50.0,0
20170809,10993,20170317,20151120,20201120,11683,9056,100163,69.0,36,2000,97.0,0
20210513,13349,20190215,20181116,20231116,75710,47445,454307,13.0,40,7571,85.0,0
20220516,17290,20190816,20181116,20231116,0,19210,272406,39.0,45,4540,50.0,1
20220601,25204,20180720,20170616,20220616,0,19661,332814,57.0,39,5546,126.0,1
20201111,23824,20170217,20160819,20210819,6185,33591,371132,26.0,25,6185,126.0,1
20201003,27922,20181019,20151120,20201120,11212,23423,336387,152.0,50,5606,53.0,1
20220407,26549,20180119,20170519,20220519,11095,62929,665703,35.0,52,11095,45.0,1
20190411,14002,20170818,20161216,20211216,20346,21360,203475,35.0,34,3391,50.0,0
20200110,6611,20190621,20181116,20231116,28370,19256,170256,31.0,28,2837,97.0,0
20200117,19467,20171020,20160819,20210819,15968,40935,479068,61.0,32,7984,23.0,1
20220601,17669,20181116,20181116,20231116,0,33287,382628,0.0,61,6377,115.0,1
20220603,24621,20180921,20170915,20220915,11946,23190,358428,53.0,46,5973,58.0,1
20220509,24242,20180615,20170915,20220915,12204,41755,366155,39.0,32,6102,28.0,1
20220527,17290,20190118,20181116,20231116,9360,21508,280810,9.0,33,4680,117.0,1
20210105,11711,20190719,20181116,20231116,21618,8357,144136,35.0,30,2402,97.0,0
20210701,27013,20170519,20160819,20210819,0,28560,366591,39.0,23,6109,85.0,1
20220518,17290,20190920,20181116,20231116,11488,66590,689327,44.0,50,11488,42.0,1
20220601,17669,20190517,20181116,20231116,0,23299,351395,26.0,52,5856,106.0,1
20220217,25306,20180921,20170616,20220616,12592,25893,377781,66.0,27,6296,15.0,1
20211227,23088,20180720,20170915,20220915,20468,25995,307070,44.0,22,5117,97.0,0
20220502,17669,20190315,20181116,20231116,9744,37280,584651,17.0,40,9744,97.0,1
20191226,28885,20160923,20150116,20200116,8750,19389,262527,88.0,40,4375,15.0,1
20210318,19485,20171215,20170915,20220915,28014,18194,280193,13.0,29,4669,97.0,0
20210318,12533,20190621,20181116,20231116,29862,22573,199138,31.0,49,3318,77.0,0
20211214,23088,20181019,20170915,20220915,6329,20393,379795,57.0,37,6329,126.0,1
20220510,17669,20181116,20181116,20231116,11538,38227,346187,0.0,49,5769,97.0,1
20220601,17741,20181221,20181116,20231116,0,28687,315657,5.0,31,5260,50.0,1
20210930,27814,20170616,20160819,20210819,50643,26298,337637,43.0,45,5627,97.0,0
20180809,21799,20151218,20150116,20200116,27612,26702,414180,48.0,29,6903,97.0,0
20190617,26256,20150116,20150116,20200116,0,32397,298553,0.0,29,4975,91.0,1
20220506,29130,20181116,20170915,20220915,0,19852,285039,61.0,44,4750,58.0,1
20180418,18912,20150417,20150417,20200417,27384,17964,205398,0.0,67,3423,97.0,0
20210719,27013,20170915,20160819,20210819,11902,19751,357109,56.0,35,5951,11.0,1
20220503,27033,20190118,20170421,20220421,10492,17742,314781,91.0,36,5246,52.0,1
20220524,28871,20180921,20160923,20210923,4249,22712,254946,104.0,36,4249,126.0,1
20211214,26973,20170915,20170120,20220120,13780,39669,413415,34.0,24,6890,97.0,1
20220523,17741,20190118,20181116,20231116,10704,21689,321162,9.0,56,5352,23.0,1
20220602,17669,20181116,20181116,20231116,8420,17583,252656,0.0,66,4210,31.0,1
20200622,12425,20180817,20180420,20230420,17478,9823,116522,17.0,42,2000,97.0,0
20201201,24663,20170616,20160819,20210819,19150,18752,229835,43.0,46,3830,23.0,0
20210527,13349,20190719,20181116,20231116,26800,16850,201015,35.0,49,3350,83.0,0
20220531,20954,20180720,20180420,20230420,10436,26086,313131,13.0,24,5218,97.0,1
20220601,26549,20170721,20170421,20220421,5677,24712,340640,13.0,32,5677,38.0,1
20220412,29381,20170616,20160819,20210819,0,29225,359367,43.0,34,5989,50.0,1
20220518,17669,20181221,20181116,20231116,0,26012,251618,5.0,26,4193,97.0,1
20220601,18120,20200221,20181116,20231116,8638,22546,259176,66.0,30,4319,97.0,1
20181103,20529,20160415,20150619,20200619,15705,18772,188490,43.0,36,3141,47.0,0
20210816,27415,20170818,20160819,20210819,10322,25084,309683,52.0,66,5161,97.0,1
20220602,21416,20181221,20180420,20230420,6172,42338,370329,35.0,60,6172,97.0,1
20220527,20954,20190215,20180420,20230420,8084,17233,242532,43.0,45,4042,112.0,1
20220515,26549,20180420,20170421,20220421,4834,15767,290057,52.0,29,4834,68.0,1
20180510,15187,20170217,20151120,20201120,15462,12522,154662,65.0,25,2577,73.0,0
20220421,26066,20180518,20170519,20220519,11014,36400,330463,52.0,33,5507,97.0,1
20211105,27082,20180119,20161216,20211216,5956,19673,357376,57.0,24,5956,50.0,1
20220602,23666,20180119,20171020,20221020,11296,22912,338938,13.0,32,5648,28.0,1
20220326,30146,20170317,20160819,20210819,8084,21530,242550,30.0,34,4042,61.0,1
20220602,21333,20190719,20180420,20230420,0,20895,273162,65.0,33,4552,97.0,1
20220603,14117,20200717,20190816,20240816,0,17222,208855,48.0,47,3480,97.0,1
20220517,27140,20170915,20170217,20220217,4895,18731,293741,30.0,27,4895,50.0,1
20210520,20300,20180615,20170915,20220915,52190,16265,313158,39.0,38,5219,23.0,0
20220602,24621,20180921,20170915,20220915,0,33017,368378,53.0,36,6139,23.0,1
20220530,24242,20180817,20170915,20220915,0,19852,265445,48.0,48,4424,97.0,1
20210329,35237,20150220,20150116,20200116,0,30600,319646,5.0,40,5327,58.0,1
20200928,27549,20160715,20150619,20200619,5296,37053,317812,56.0,48,5296,19.0,1
20160602,6714,20160415,20150619,20200619,3372,4382,50639,43.0,48,2000,45.0,0
20210329,23370,20180216,20170120,20220120,46888,33883,351681,56.0,47,5861,50.0,0
20220601,18120,20190621,20181116,20231116,4640,19456,278458,31.0,25,4640,18.0,1
20220601,21333,20180720,20180420,20230420,5776,26869,346606,13.0,53,5776,58.0,1
20220516,17290,20190621,20181116,20231116,0,30983,329796,31.0,36,5496,42.0,1
20200716,29268,20160415,20150619,20200619,35280,18483,211736,43.0,28,3528,74.0,0
20210906,23355,20171215,20170519,20220519,36715,17209,314733,30.0,35,5245,58.0,0
20210920,24322,20171117,20170421,20220421,0,26849,330787,30.0,28,5513,91.0,1
20171205,2363,20171215,20170915,20220915,21336,17999,213384,13.0,36,3556,0.0,0
20200507,8332,20190719,20181116,20231116,24568,11922,184317,35.0,29,3071,97.0,0
20220518,17290,20190920,20181116,20231116,9528,31451,285884,44.0,45,4764,28.0,1
20220531,25687,20180216,20170519,20220519,6086,31712,365163,39.0,28,6086,97.0,1
20211101,23660,20180720,20170616,20220616,5254,23551,315265,57.0,28,5254,97.0,1
20220228,36990,20160520,20150619,20200619,9898,28203,296977,48.0,32,4949,0.0,1
20220531,26654,20180817,20170421,20220421,7460,43586,447631,69.0,36,7460,47.0,1
20220519,29381,20170915,20160819,20210819,17498,56273,524959,56.0,41,8749,50.0,1
20220502,26066,20180518,20170519,20220519,6217,36850,373058,52.0,41,6217,97.0,1
20220502,20873,20190315,20180420,20230420,11572,35718,347215,47.0,49,5786,63.0,1
20220517,17741,20190517,20181116,20231116,7120,12168,213606,26.0,29,3560,23.0,1
20220603,21333,20190315,20180420,20230420,9942,25157,298298,47.0,40,4971,58.0,1
20210524,23199,20171020,20170217,20220217,50337,24895,335595,35.0,40,5593,28.0,0
20220520,17669,20181221,20181116,20231116,4220,17399,253217,5.0,26,4220,41.0,1
20190823,7639,20180921,20180420,20230420,47010,27174,282068,22.0,38,4701,97.0,0
20210518,16553,20180420,20180420,20230420,87700,60693,526242,0.0,40,8770,97.0,0
20220301,26654,20170818,20170421,20220421,0,21481,369779,17.0,43,6162,85.0,1
20220603,20873,20190920,20180420,20230420,5791,25548,347484,74.0,44,5791,42.0,1
20210129,21561,20171215,20170217,20220217,25000,12834,187518,43.0,39,3125,28.0,0
20210203,22960,20170120,20170120,20220120,12308,67110,738520,0.0,20,12308,126.0,1
20220512,27745,20180720,20170120,20220120,9526,46377,571587,78.0,53,9526,28.0,1
20220603,20873,20181116,20180420,20230420,0,35879,361105,30.0,26,6018,50.0,1
20220511,23476,20180316,20170915,20220915,0,26850,275972,26.0,27,4599,100.0,1
20210301,29999,20161118,20151120,20201120,0,18644,235911,52.0,29,3931,52.0,1
20170519,4943,20160819,20160819,20210819,6286,4186,53901,0.0,76,2000,78.0,0
20220512,24242,20180518,20170915,20220915,10634,22771,319042,35.0,38,5317,118.0,1
20220502,17290,20190816,20181116,20231116,8634,21820,259030,39.0,19,4317,50.0,1
20220302,17290,20190621,20181116,20231116,11304,13256,169606,31.0,37,2826,97.0,0
20200526,21188,20170721,20160819,20210819,16880,28215,253250,48.0,27,4220,38.0,0
20220527,20873,20190215,20180420,20230420,4919,25038,295165,43.0,31,4919,125.0,1
20220117,25404,20171215,20170519,20220519,53740,26322,322493,30.0,29,5374,33.0,0
20220502,20954,20190426,20180420,20230420,4377,18087,262667,53.0,23,4377,117.0,1
20211214,19410,20190118,20180420,20230420,0,33564,360377,39.0,36,6006,58.0,1
20220308,26170,20180119,20170421,20220421,13208,34453,396289,39.0,51,6604,97.0,1
20220103,26374,20170217,20170217,20220217,0,30679,415039,0.0,36,6917,45.0,1
20220215,26759,20171020,20170217,20220217,5396,23793,323785,35.0,47,5396,18.0,1
20220527,26170,20171117,20170421,20220421,11742,27543,352297,30.0,29,5871,50.0,1
20220601,24143,20171020,20171020,20221020,11320,32906,339609,0.0,38,5660,58.0,1
20211202,19340,20180720,20180420,20230420,0,34222,335319,13.0,35,5588,97.0,1
20200708,19037,20170915,20170217,20220217,20772,16514,207765,30.0,46,3462,45.0,0
20220601,23193,20180921,20171117,20221117,5184,33224,311063,44.0,47,5184,97.0,1
20220503,25306,20171215,20170616,20220616,8680,25412,260431,26.0,32,4340,52.0,1
20220531,17669,20190426,20181116,20231116,11748,30795,352472,23.0,35,5874,117.0,1
20220513,23666,20180216,20171020,20221020,4440,18344,266421,17.0,50,4440,106.0,1
20220202,23383,20180720,20171020,20221020,32557,21725,279108,39.0,26,4651,15.0,0
20220412,13738,20200619,20190816,20240816,7090,14981,212713,44.0,23,3545,50.0,1
20220520,20494,20190315,20180420,20230420,0,18301,275351,47.0,29,4589,68.0,1
20190212,8732,20171117,20170915,20220915,7400,9680,111015,9.0,53,2000,28.0,0
20220507,17669,20200221,20181116,20231116,0,18051,350339,66.0,35,5838,97.0,1
20180605,7545,20170421,20170421,20220421,14700,10595,126039,0.0,24,2100,97.0,0
20190331,24927,20150220,20150220,20200220,8656,16863,259722,0.0,30,4328,126.0,1
20200813,20948,20161216,20161216,20211216,7393,28982,443599,0.0,61,7393,68.0,1
20180529,17802,20160819,20150619,20200619,0,26428,340755,61.0,46,5679,45.0,1
20170623,15273,20160219,20150220,20200220,8595,11069,103198,52.0,45,2000,18.0,0
20181130,17914,20151218,20151120,20201120,38320,32119,287429,4.0,47,4790,97.0,0
20200622,31465,20160219,20150220,20200220,3567,13940,214057,52.0,20,3567,106.0,1
20200414,17264,20171215,20170421,20220421,19555,15691,234660,34.0,40,3911,23.0,0
20170824,13608,20160617,20150619,20200619,12516,18879,187783,52.0,30,3129,38.0,0
20210910,24322,20180921,20170421,20220421,39784,19687,298427,74.0,31,4973,97.0,0
20181023,6952,20171020,20170915,20220915,17844,9550,178462,5.0,24,2974,97.0,0
20191018,28018,20160115,20150220,20200220,0,18608,317081,47.0,47,5284,18.0,1
20190410,25369,20160219,20150220,20200220,0,27318,315693,52.0,38,5261,5.0,1
20210705,20630,20171215,20171020,20221020,14124,12141,211910,8.0,38,3531,74.0,0
20190527,15965,20160923,20160819,20210819,50796,32856,338694,5.0,30,5644,126.0,0
20220429,17669,20190426,20181116,20231116,9610,16224,288338,23.0,43,4805,53.0,1
20220601,17290,20181116,20181116,20231116,0,27233,286665,0.0,30,4777,53.0,1
20210609,20227,20180817,20171020,20221020,18628,19410,279455,43.0,27,4657,94.0,0
20220512,24242,20180216,20170915,20220915,0,31773,444579,22.0,48,7409,97.0,1
20200803,22468,20170421,20160819,20210819,25392,17681,253962,35.0,39,4232,97.0,0
20220107,39228,20160219,20150220,20200220,3839,17635,230385,52.0,35,3839,50.0,1
20191209,14095,20171117,20170616,20220616,40050,18145,240305,22.0,26,4005,58.0,0
20220502,17290,20190816,20181116,20231116,0,37780,372538,39.0,47,6208,68.0,1
20220602,17669,20190816,20181116,20231116,0,28958,318471,39.0,23,5307,84.0,1
20210823,14558,20190621,20181116,20231116,16430,18788,197190,31.0,31,3286,35.0,0
20200302,15865,20180720,20170616,20220616,6667,44232,400068,57.0,62,6667,69.0,1
20170530,14790,20160520,20150220,20200220,7044,11434,105701,65.0,40,2000,97.0,0
20211006,38058,20190426,20150220,20200220,8098,33734,485889,218.0,64,8098,69.0,1
20220603,14117,20200320,20190816,20240816,0,19058,247910,31.0,42,4131,121.0,1
20210116,24567,20170721,20160819,20210819,5587,31402,335253,48.0,29,5587,80.0,1
20210330,35237,20160318,20150220,20200220,0,13730,259433,56.0,44,4323,5.0,1
20190715,26698,20160219,20150220,20200220,0,24659,354128,52.0,37,5902,38.0,1
20200303,19814,20171215,20160923,20210923,55460,33540,332779,64.0,47,5546,27.0,0
20220414,27745,20180216,20170120,20220120,8981,56051,538899,56.0,52,8981,69.0,1
20220510,17741,20190517,20181116,20231116,0,16593,280513,26.0,51,4675,85.0,1
20210119,22547,20180119,20170120,20220120,10422,19974,312714,52.0,35,5211,63.0,1
20210602,16958,20181019,20180420,20230420,62260,28565,373609,26.0,63,6226,50.0,0
20170224,13341,20160115,20150220,20200220,16998,14012,169986,47.0,30,2833,5.0,0
20210618,22634,20180518,20170519,20220519,11438,24927,343157,52.0,33,5719,90.0,1
20220603,24621,20180720,20170915,20220915,5058,24967,303535,44.0,41,5058,50.0,1
20191004,7133,20180817,20180817,20230817,14406,8273,123535,0.0,35,2058,5.0,0
20210504,22229,20180817,20170421,20220421,4791,20749,287481,69.0,45,4791,28.0,1
20190430,24844,20150918,20150320,20200320,4299,17834,257971,26.0,41,4299,50.0,1
20220531,29637,20170519,20160923,20210923,0,20148,299507,34.0,43,4991,28.0,1
20220504,17290,20190920,20181116,20231116,7578,17264,227381,44.0,45,3789,50.0,1
20220411,29637,20170721,20160923,20210923,55850,27197,335128,43.0,56,5585,69.0,0
20211217,25016,20180518,20170421,20220421,4904,31951,294267,56.0,39,4904,97.0,1
20220420,25687,20180518,20170616,20220616,11246,38219,337435,48.0,48,5623,118.0,1
20220601,13738,20200717,20190816,20240816,0,21672,221414,48.0,37,3690,50.0,1
20220602,20411,20190426,20180615,20230615,7532,16447,226003,45.0,52,3766,97.0,1
20220314,19109,20190517,20180817,20230817,4155,17238,249327,39.0,36,4155,23.0,1
20220601,19488,20190517,20180817,20230817,8960,18682,268802,39.0,62,4480,29.0,1
20220125,24534,20180720,20170616,20220616,0,22736,329802,57.0,23,5496,50.0,1
20160901,10339,20150515,20150320,20200320,12460,17379,149573,8.0,54,2492,69.0,0
20220517,22698,20180518,20170915,20220915,4488,25512,269312,35.0,37,4488,112.0,1
20220530,21108,20170818,20160923,20210923,18940,27222,284154,47.0,56,4735,28.0,0
20220530,16524,20190719,20181116,20231116,8438,14844,253183,35.0,22,4219,40.0,1
20210531,25189,20180216,20161021,20211021,29856,24304,223979,69.0,32,3732,83.0,0
20180816,11442,20180921,20160923,20210923,3906,23348,234404,104.0,26,3906,50.0,1
20200318,29646,20160415,20150320,20200320,13508,36409,405288,56.0,45,6754,15.0,1
20220504,26066,20180316,20170616,20220616,26976,17281,269794,39.0,39,4496,45.0,0
20220531,23476,20180420,20170915,20220915,8464,23400,253961,31.0,28,4232,50.0,1
20210823,11007,20200717,20190816,20240816,1950,10046,117021,48.0,36,2000,125.0,1
20181130,11285,20170217,20170120,20220120,19336,12515,145036,4.0,72,2417,70.0,0
20210910,27305,20170421,20160923,20210923,9754,15666,292672,30.0,44,4877,10.0,1
20220509,21416,20190315,20180316,20230316,9882,30388,296518,52.0,30,4941,5.0,1
20220601,19488,20190719,20180817,20230817,0,14649,225904,48.0,39,3765,5.0,1
20220514,25687,20181019,20170616,20220616,11126,31651,333803,70.0,28,5563,50.0,1
20170428,13781,20160715,20150320,20200320,6284,8696,94263,69.0,31,2000,97.0,0
20180320,18975,20150417,20150320,20200320,32910,11157,197516,4.0,44,3291,38.0,0
20220602,27519,20180615,20170217,20220217,5400,35135,324045,69.0,60,5400,97.0,1
20191004,27492,20160415,20150320,20200320,39180,19164,235126,56.0,21,3918,18.0,0
20220106,27860,20180518,20161216,20211216,5626,27280,337617,74.0,46,5626,18.0,1
20220511,35932,20171020,20150320,20200320,5711,26926,342697,135.0,42,5711,107.0,1
20220222,28245,20170915,20161216,20211216,11274,29518,338249,39.0,23,5637,100.0,1
20220603,15889,20190920,20190315,20240315,8310,24596,249328,27.0,32,4155,77.0,1
20220601,22814,20181116,20171117,20221117,0,26367,274350,52.0,33,4572,97.0,1
20190103,12673,20170317,20161216,20211216,20830,10925,124984,13.0,24,2083,126.0,0
20170508,14265,20160520,20150320,20200320,24895,20284,298771,61.0,51,4979,58.0,0
20200818,31790,20151016,20150320,20200320,7256,18770,217708,30.0,35,3628,77.0,1
20220602,21795,20181116,20180316,20230316,0,18845,260730,35.0,61,4345,97.0,1
20200330,29646,20161216,20150320,20200320,0,24131,286896,91.0,24,4781,97.0,1
20220527,22814,20190215,20171117,20221117,0,29462,402310,65.0,18,6705,62.0,1
20220529,18574,20191220,20180921,20230921,10508,23256,315257,65.0,36,5254,15.0,1
20200317,29122,20160219,20150320,20200320,4691,25575,281494,48.0,52,4691,97.0,1
20220601,21416,20190215,20180316,20230316,6450,29490,387007,48.0,40,6450,68.0,1
20220513,21416,20190315,20180316,20230316,4938,32805,296332,52.0,25,4938,26.0,1
20220506,27033,20180720,20170421,20220421,0,32422,378719,65.0,37,6311,23.0,1
20220602,22258,20190118,20180316,20230316,0,55153,506811,44.0,43,8446,51.0,1
20200703,21534,20170915,20160923,20210923,0,29734,371692,51.0,42,6194,97.0,1
20220502,20494,20190118,20180420,20230420,7743,47373,464633,39.0,32,7743,58.0,1
20220601,23666,20180921,20171117,20221117,0,28624,433910,44.0,45,7231,97.0,1
20220601,23764,20181116,20171020,20221020,6567,36684,394029,56.0,54,6567,45.0,1
20210928,25794,20170818,20170120,20220120,20908,57298,627270,30.0,52,10454,58.0,1
20211004,37008,20160318,20150417,20200417,4965,27611,297957,48.0,32,4965,119.0,1
20220602,24143,20190215,20171020,20221020,0,41844,462500,69.0,53,7708,80.0,1
20200307,29122,20160715,20150417,20200417,4425,17046,265531,65.0,51,4425,126.0,1
20190603,4913,20180921,20180817,20230817,38160,16543,228965,5.0,41,3816,97.0,0
20180221,17990,20160219,20150417,20200417,11502,9018,115076,44.0,29,2000,50.0,0
20190930,26530,20150821,20150417,20200417,4220,20269,253251,18.0,45,4220,54.0,1
20200304,29122,20160219,20150417,20200417,0,21312,270930,44.0,50,4515,121.0,1
20220516,27701,20180119,20160923,20210923,7780,37323,466818,69.0,44,7780,97.0,1
20210108,33365,20161021,20150417,20200417,3988,14932,239330,79.0,25,3988,58.0,1
20220517,19109,20190621,20180817,20230817,0,26056,282143,44.0,29,4702,66.0,1
20210702,20630,20171020,20171020,20221020,20778,43411,623366,0.0,57,10389,97.0,1
20220505,27033,20190118,20180316,20230316,0,30203,345034,44.0,39,5750,23.0,1
20181005,21654,20150918,20150417,20200417,32858,24884,281694,22.0,55,4694,80.0,0
20191129,22184,20161118,20160115,20210115,21512,36383,322709,44.0,43,5378,97.0,0
20220413,26654,20180216,20170421,20220421,12904,36490,387122,43.0,30,6452,45.0,1
20200325,16831,20170519,20170421,20220421,0,32079,361885,4.0,57,6031,69.0,1
20200817,19461,20180420,20170217,20220217,17330,12928,207986,61.0,32,3466,50.0,0
20220601,21795,20190315,20180316,20230316,13990,41392,419703,52.0,65,6995,62.0,1
20220422,19109,20180817,20180817,20230817,12838,37742,385189,0.0,26,6419,40.0,1
20220506,29130,20180921,20161021,20211021,12544,26019,376352,100.0,51,6272,44.0,1
20200626,30415,20160318,20150417,20200417,15754,27675,472641,48.0,25,7877,18.0,1
20220502,26066,20180216,20170616,20220616,0,24175,452042,35.0,44,7534,50.0,1
20220503,23193,20181221,20171117,20221117,5708,28916,342496,57.0,34,5708,18.0,1
20201104,21216,20181019,20170120,20220120,23136,29225,347085,91.0,22,5784,28.0,0
20220526,21416,20190816,20180316,20230316,11530,31248,345904,74.0,47,5765,35.0,1
20190103,22990,20160923,20150417,20200417,5256,24308,315382,75.0,60,5256,38.0,1
20180327,18450,20160219,20150417,20200417,11568,11215,173572,44.0,26,2892,85.0,0
20200812,26047,20160115,20160115,20210115,12448,33693,373472,0.0,50,6224,97.0,1
20220521,21416,20181116,20180316,20230316,12866,30816,386011,35.0,39,6433,50.0,1
20190719,25648,20150417,20150417,20200417,0,23762,339228,0.0,28,5653,50.0,1
20220602,26549,20180119,20170519,20220519,6193,30852,371617,35.0,40,6193,97.0,1
20220411,26170,20180817,20170519,20220519,8991,41063,539507,65.0,53,8991,45.0,1
20200402,12027,20190215,20180316,20230316,16206,10702,162091,48.0,37,2701,50.0,0
20220520,24621,20180216,20170915,20220915,4570,26444,274245,22.0,34,4570,5.0,1
20200611,29892,20160520,20150515,20200515,6084,28088,365062,53.0,25,6084,97.0,1
20200925,31166,20160415,20150515,20200515,9590,46962,575455,48.0,40,9590,97.0,1
20220602,24242,20181116,20170915,20220915,5819,31350,349150,61.0,27,5819,63.0,1
20180831,20227,20160318,20150515,20200515,18678,14890,186807,44.0,22,3113,97.0,0
20210304,13438,20190719,20180921,20230921,24095,24410,289193,43.0,20,4819,15.0,0
20210827,26905,20170818,20160923,20210923,5820,39161,349212,47.0,37,5820,23.0,1
20220601,26549,20171215,20170519,20220519,5826,24576,349606,30.0,50,5826,5.0,1
20180327,17928,20150515,20150515,20200515,5860,15702,175828,0.0,45,2930,97.0,1
20220421,15510,20190315,20190315,20240315,6044,17152,181379,0.0,36,3022,62.0,1
20200701,30318,20161021,20150515,20200515,20520,51450,615614,75.0,23,10260,126.0,1
20220506,17221,20191220,20190118,20240118,8556,25001,256684,48.0,45,4278,105.0,1
20190401,23797,20151218,20150515,20200515,3509,18070,210573,31.0,35,3509,98.0,1
20220602,26170,20180316,20170421,20220421,10500,20037,315050,47.0,37,5250,85.0,1
20191230,18021,20170421,20161021,20211021,20022,10816,200248,26.0,55,3337,118.0,0
20220523,21795,20181221,20180216,20230216,4882,27016,292979,44.0,20,4882,50.0,1
20191031,11788,20171020,20170915,20220915,17224,7077,129185,5.0,51,2153,28.0,0
20200305,23903,20160115,20160115,20210115,10100,18044,303045,0.0,32,5050,114.0,1
20220118,28364,20170915,20161021,20211021,10610,36656,318320,47.0,39,5305,97.0,1
20210831,25895,20170217,20161216,20211216,4844,20718,290678,9.0,21,4844,58.0,1
20180112,12310,20170818,20160115,20210115,15504,12093,116281,83.0,38,2000,97.0,0
20220515,21416,20180518,20180316,20230316,0,22437,295594,9.0,34,4926,50.0,1
20220504,19488,20190426,20180817,20230817,4690,19619,281415,36.0,44,4690,58.0,1
20181001,21132,20150515,20150515,20200515,0,24399,218721,0.0,50,3645,94.0,1
20220602,15446,20191115,20190426,20240426,0,24258,224827,29.0,41,3747,38.0,1
20190709,25125,20160819,20150515,20200515,16588,27668,248878,66.0,42,4147,120.0,0
20220531,26170,20170721,20170421,20220421,5341,26409,320495,13.0,34,5341,85.0,1
20220601,21795,20180720,20180316,20230316,9476,28077,284291,18.0,52,4738,35.0,1
20220520,20494,20181019,20180420,20230420,5985,29974,359150,26.0,38,5985,63.0,1
20220228,25789,20171117,20170421,20220421,6345,32911,380701,30.0,32,6345,74.0,1
20220510,23193,20181019,20171117,20221117,0,31471,328715,48.0,58,5478,18.0,1
20220523,21035,20190517,20180316,20230316,4190,19871,251438,61.0,36,4190,74.0,1
20220513,17290,20190517,20181221,20231221,7650,20814,229510,21.0,46,3825,83.0,1
20210816,9245,20200619,20191220,20241220,12418,9837,106464,26.0,33,2000,121.0,0
20200427,29032,20160617,20150515,20200515,5076,26079,304595,57.0,43,5076,38.0,1
20220520,21416,20190426,20180316,20230316,4875,29149,292559,58.0,46,4875,117.0,1
20220601,21416,20181019,20180316,20230316,10318,30615,309597,31.0,56,5159,97.0,1
20220309,26170,20171020,20170421,20220421,0,28209,326336,26.0,20,5438,79.0,1
20220524,24621,20180720,20171020,20221020,0,32241,336449,39.0,32,5607,23.0,1
20220515,22814,20181019,20171117,20221117,9530,27312,285926,48.0,50,4765,117.0,1
20201002,26892,20161216,20160115,20210115,9342,15367,280311,48.0,39,4671,50.0,1
20190130,10217,20171215,20170421,20220421,17780,8838,106705,34.0,32,2000,50.0,0
20211116,27082,20171215,20161216,20211216,0,37636,328023,52.0,25,5467,53.0,1
20220602,15446,20190719,20190426,20240426,0,28233,246332,12.0,30,4105,51.0,1
20200328,17318,20180518,20170217,20220217,31230,20493,187417,65.0,28,3123,86.0,0
20180515,18390,20160318,20150515,20200515,3958,23313,237511,44.0,54,3958,97.0,1
20220430,15446,20200221,20190426,20240426,3609,18984,216586,43.0,28,3609,50.0,1
20220602,25687,20180720,20170616,20220616,5623,24365,337433,57.0,61,5623,97.0,1
20190410,14002,20171020,20161216,20211216,9632,17764,288973,44.0,43,4816,45.0,1
20211201,27472,20170818,20161216,20211216,0,24779,231278,35.0,53,3854,35.0,1
20200820,30743,20160617,20150515,20200515,12520,42625,375637,57.0,26,6260,45.0,1
20220601,20411,20190215,20180615,20230615,4937,17913,296249,35.0,20,4937,125.0,1
20220302,25687,20180615,20170519,20220519,12234,27961,367077,56.0,47,6117,97.0,1
20210302,18057,20171215,20171117,20221117,21335,23851,256020,4.0,36,4267,35.0,0
20210330,28969,20170217,20160115,20210115,33710,23718,404537,57.0,32,6742,65.0,0
20220530,13738,20200918,20190816,20240816,8238,18254,247148,57.0,34,4119,62.0,1
20180924,13943,20170421,20160520,20210520,17028,9789,113523,48.0,24,2000,50.0,0
20211204,25500,20180420,20170421,20220421,7125,32631,427512,52.0,39,7125,38.0,1
20220602,12356,20200515,20191220,20241220,6328,17452,189894,21.0,32,3164,97.0,1
20210311,11197,20190315,20190315,20240315,28332,14480,188909,0.0,37,3148,52.0,0
20220531,20032,20190426,20180615,20230615,11190,38069,335702,45.0,29,5595,15.0,1
20200302,28075,20190215,20150619,20200619,7668,19706,230076,191.0,63,3834,97.0,1
20220429,37656,20180720,20150619,20200619,5123,26283,307401,161.0,51,5123,6.0,1
20210302,29483,20161216,20160115,20210115,11766,18822,353023,48.0,31,5883,18.0,1
20190607,20502,20160415,20160115,20210115,0,15250,213685,13.0,60,3561,28.0,1
20220506,16777,20190621,20190315,20240315,5403,17418,324195,14.0,45,5403,17.0,1
20220120,28871,20190719,20160923,20210923,0,24381,327499,147.0,39,5458,62.0,1
20220601,17669,20190920,20181116,20231116,10626,26331,318835,44.0,36,5313,45.0,1
20160422,6215,20150619,20150619,20200619,9645,7926,115778,0.0,47,2000,58.0,0
20211224,20262,20190118,20180316,20230316,44658,18886,297732,44.0,21,4962,28.0,0
20220510,24143,20190517,20170915,20220915,0,28460,350483,87.0,41,5841,28.0,1
20220515,23764,20180518,20170915,20220915,0,34956,332349,35.0,50,5539,23.0,1
20190410,2665,20181116,20181116,20231116,3064,3502,45980,0.0,32,2000,5.0,0
20220511,26273,20180316,20170421,20220421,0,34498,426229,47.0,50,7103,97.0,1
20220509,23193,20181116,20171117,20221117,14162,35831,424875,52.0,36,7081,23.0,1
20180404,6139,20171117,20170421,20220421,8992,4589,67471,30.0,57,2000,53.0,0
20210504,33956,20160415,20150619,20200619,4330,15826,259848,43.0,24,4330,100.0,1
20220603,17221,20191115,20181221,20231221,0,28590,397697,47.0,42,6628,28.0,1
20220314,16398,20190215,20190118,20240118,9466,22778,283989,4.0,27,4733,28.0,1
20181001,12347,20170721,20160923,20210923,15970,9262,95821,43.0,35,2000,45.0,0
20220531,25583,20180720,20170616,20220616,13120,32966,393636,57.0,27,6560,97.0,1
20200731,25623,20161216,20160115,20210115,23356,26021,350362,48.0,56,5839,45.0,0
20171220,16019,20150717,20150619,20200619,16289,14660,139644,4.0,27,2327,50.0,0
20201210,20659,20171117,20170421,20220421,0,31013,303727,30.0,42,5062,97.0,1
20200115,17947,20170915,20161216,20211216,23954,11810,205325,39.0,28,3422,9.0,0
20220328,22814,20180921,20171117,20221117,12820,38137,384650,44.0,28,6410,68.0,1
20200716,29795,20190719,20150619,20200619,9504,27400,285124,213.0,27,4752,58.0,1
20220228,11596,20200821,20191220,20241220,6252,21674,187573,35.0,35,3126,97.0,1
20220602,15889,20191115,20190426,20240426,5912,20776,354773,29.0,39,5912,28.0,1
20220203,22433,20181019,20171117,20221117,4383,29447,262986,48.0,47,4383,97.0,1
20200918,30642,20161216,20150619,20200619,4360,19043,261646,78.0,28,4360,97.0,1
20190128,10217,20180518,20170421,20220421,9774,7509,97771,56.0,49,2000,117.0,0
20220506,23193,20181116,20171117,20221117,18926,64368,567829,52.0,42,9463,97.0,1
20210514,13349,20191018,20181221,20231221,26649,19921,177708,43.0,26,2961,50.0,0
20190430,23273,20160219,20150619,20200619,14624,41234,438762,35.0,42,7312,11.0,1
20200210,16889,20170915,20170217,20220217,27034,22331,231771,30.0,30,3862,58.0,0
20220513,21416,20181221,20180316,20230316,0,25241,355480,40.0,29,5924,45.0,1
20220425,20494,20190920,20180420,20230420,6582,31829,394935,74.0,42,6582,50.0,1
20200311,26262,20160923,20150717,20200717,5071,29166,304261,62.0,25,5071,63.0,1
20171204,3809,20170915,20170519,20220519,2468,2614,37023,17.0,31,2000,97.0,0
20220406,24621,20180615,20170915,20220915,5742,32756,344560,39.0,37,5742,42.0,1
20220112,22521,20171020,20171020,20221020,12708,31294,381294,0.0,27,6354,45.0,1
20210624,23604,20180615,20170217,20220217,42350,16513,254144,69.0,46,4235,97.0,0
20220515,15889,20191115,20190426,20240426,0,11692,167177,29.0,38,2786,125.0,1
20220511,22345,20180817,20180119,20230119,5108,27937,306506,30.0,29,5108,32.0,1
20220519,16398,20200221,20190315,20240315,7788,16496,233681,49.0,21,3894,32.0,1
20180808,10935,20161021,20161021,20211021,22347,12317,149039,0.0,38,2483,50.0,0
20190624,20502,20160219,20160115,20210115,14572,23383,218602,5.0,43,3643,15.0,0
20220603,16333,20200117,20190315,20240315,0,15264,198043,44.0,41,3300,32.0,1
20210630,25090,20170818,20161216,20211216,0,19933,287346,35.0,51,4789,28.0,1
20191121,25830,20151218,20150717,20200717,10254,23901,307678,22.0,41,5127,38.0,1
20220507,24143,20180720,20171020,20221020,4302,15502,258173,39.0,33,4302,23.0,1
20220602,24621,20190621,20170915,20220915,4218,21978,253093,92.0,26,4218,97.0,1
20181001,6952,20180518,20170915,20220915,9808,4416,73596,35.0,35,2000,23.0,0
20220514,20873,20180817,20180420,20230420,9972,20008,299166,17.0,39,4986,85.0,1
20220403,26549,20180216,20170421,20220421,38178,15156,254560,43.0,35,4242,126.0,0
20220603,17221,20200515,20181221,20231221,3631,20914,217863,73.0,48,3631,50.0,1
20200402,27982,20160617,20150717,20200717,5191,29144,311498,48.0,38,5191,15.0,1
20220303,26170,20180518,20170421,20220421,4677,27163,280644,56.0,35,4677,50.0,1
20220519,24621,20180817,20170915,20220915,4457,29469,267422,48.0,26,4457,125.0,1
20220516,24242,20171020,20170915,20220915,0,27674,335020,5.0,34,5583,50.0,1
20220519,19109,20190719,20180817,20230817,0,13700,233674,48.0,33,3894,28.0,1
20170421,8553,20160318,20160115,20210115,12028,12007,180439,9.0,37,3007,58.0,0
20200213,11165,20181019,20180316,20230316,15792,13645,135385,31.0,29,2256,9.0,0
20200110,13085,20180817,20170915,20220915,7960,11185,119413,48.0,27,2000,52.0,0
20210224,18598,20170915,20170915,20220915,19494,12816,194967,0.0,73,3249,118.0,0
20220530,17290,20181116,20181116,20231116,3840,24443,230422,0.0,54,3840,45.0,1
20200627,14285,20180720,20171215,20221215,18431,12526,158003,31.0,39,2633,50.0,0
20220602,9338,20201016,20200619,20250619,0,10784,140411,17.0,37,2340,93.0,1
20220510,21795,20181116,20180316,20230316,10498,26812,314962,35.0,43,5249,96.0,1
20180202,16417,20150717,20150717,20200717,27351,16229,182372,0.0,35,3039,124.0,0
20200831,29693,20150717,20150717,20200717,9864,20326,295979,0.0,26,4932,50.0,1
20210622,33835,20160715,20150717,20200717,3689,17770,221391,52.0,41,3689,96.0,1
20180922,10885,20170818,20161216,20211216,19700,11833,118250,35.0,53,2000,50.0,0
20190711,20944,20161216,20160115,20210115,4703,29370,282200,48.0,27,4703,68.0,1
20210921,8778,20200717,20200117,20250117,19450,7006,116729,26.0,32,2000,5.0,0
20200928,26985,20160923,20160115,20210115,0,21521,244168,36.0,51,4069,94.0,1
20220502,23193,20180316,20171117,20221117,9678,28278,290391,17.0,59,4839,15.0,1
20211123,27082,20171215,20161216,20211216,8720,23326,261658,52.0,41,4360,13.0,1
20220531,9390,20201218,20200619,20250619,0,7580,105242,26.0,31,2000,62.0,1
20220322,20494,20190315,20180420,20230420,4779,26052,286744,47.0,43,4779,23.0,1
20211118,27082,20170217,20161216,20211216,10794,27966,323822,9.0,37,5397,97.0,1
20220508,23383,20180119,20170915,20220915,5022,26681,301347,18.0,45,5022,76.0,1
20201002,30537,20150918,20150717,20200717,4419,22788,265143,9.0,53,4419,23.0,1
20210524,18404,20180720,20171215,20221215,19650,14481,235838,31.0,33,3930,97.0,0
20181002,19556,20160520,20150717,20200717,11028,17576,165455,44.0,32,2757,97.0,0
20201107,16400,20180817,20171117,20221117,23790,11283,142772,39.0,26,2379,28.0,0
20220411,26170,20171215,20170421,20220421,0,30444,341827,34.0,36,5697,51.0,1
20210607,20227,20181221,20171020,20221020,0,23184,286562,61.0,47,4776,85.0,1
20220531,17290,20190920,20181116,20231116,0,20535,212251,44.0,29,3537,45.0,1
20220412,28413,20170317,20150717,20200717,52680,29370,316137,87.0,26,5268,63.0,0
20211101,24626,20180316,20170519,20220519,11220,25569,336648,43.0,34,5610,58.0,1
20220323,20878,20171215,20171215,20221215,4727,26486,283675,0.0,37,4727,50.0,1
20210928,24808,20171215,20170217,20220217,6962,34750,417762,43.0,28,6962,97.0,1
20200317,24418,20161216,20160115,20210115,34584,20870,259416,48.0,34,4323,50.0,0
20200925,30116,20161021,20150717,20200717,5381,21533,322891,66.0,30,5381,15.0,1
20200506,25282,20160219,20160115,20210115,0,29190,329732,5.0,39,5495,35.0,1
20200512,22725,20170519,20160520,20210520,0,34080,369297,52.0,35,6154,85.0,1
20220315,26170,20170421,20170421,20220421,7199,32552,431992,0.0,24,7199,77.0,1
20210809,12778,20190816,20190315,20240315,24552,16477,245568,22.0,47,4092,28.0,0
20220602,15889,20200417,20190426,20240426,10672,17133,320163,51.0,35,5336,77.0,1
20220602,18120,20190920,20181116,20231116,5991,39506,359508,44.0,50,5991,69.0,1
20220602,20873,20190517,20180420,20230420,0,24472,341674,56.0,40,5694,38.0,1
20220429,26191,20171117,20170120,20220120,11274,31869,338241,43.0,47,5637,50.0,1
20201001,27406,20160923,20160115,20210115,0,29115,361499,36.0,35,6024,35.0,1
20220105,28871,20170721,20160923,20210923,4706,24057,282377,43.0,37,4706,50.0,1
20220602,10630,20210924,20200417,20250417,2389,8131,143384,75.0,49,2389,62.0,1
20220601,12356,20201120,20191220,20241220,6292,17147,188794,48.0,39,3146,117.0,1
20220523,13738,20200221,20190816,20240816,11520,31097,345620,27.0,46,5760,51.0,1
20220509,20494,20190920,20180420,20230420,0,24637,395710,74.0,40,6595,50.0,1
20220602,22724,20180817,20180119,20230119,16192,46512,485795,30.0,41,8096,126.0,1
20170622,12650,20160415,20150717,20200717,17960,9483,134733,39.0,34,2245,97.0,0
20220601,20873,20190621,20180518,20230518,5253,35211,315195,57.0,36,5253,58.0,1
20180917,19630,20160520,20150717,20200717,16508,22647,247631,44.0,44,4127,125.0,0
20220602,19488,20190816,20180817,20230817,0,21433,291413,52.0,52,4856,69.0,1
20200930,26985,20161118,20160115,20210115,13848,27032,415462,44.0,47,6924,50.0,1
20220601,12356,20200221,20191115,20241115,0,22642,267587,14.0,38,4459,28.0,1
20220523,13738,20200221,20190816,20240816,0,30875,346126,27.0,46,5768,51.0,1
20220603,8482,20210924,20200821,20250821,4232,19350,253949,57.0,40,4232,97.0,1
20170828,5873,20170616,20160923,20210923,13544,8613,101589,38.0,33,2000,28.0,0
20220513,11542,20200821,20200221,20250221,11316,34117,339510,26.0,40,5658,97.0,1
20220512,14182,20200417,20190621,20240621,7756,20003,232734,43.0,30,3878,68.0,1
20220601,8909,20200918,20200717,20250717,6030,15821,180917,9.0,51,3015,50.0,1
20211111,23660,20171117,20170616,20220616,0,42676,455615,22.0,68,7593,68.0,1
20180209,8683,20170818,20160923,20210923,12378,10867,123804,47.0,27,2063,97.0,0
20220516,21795,20181221,20180316,20230316,0,32286,424093,40.0,39,7068,45.0,1
20220530,17290,20181116,20181116,20231116,18738,32665,562169,0.0,49,9369,106.0,1
20220511,16333,20191220,20190315,20240315,0,19758,281315,40.0,24,4688,5.0,1
20220603,20411,20190426,20180615,20230615,7017,25673,421046,45.0,65,7017,97.0,1
20210527,16091,20190118,20180615,20230615,39158,34619,335697,31.0,40,5594,97.0,0
20220311,28127,20170818,20170120,20220120,0,37017,334676,30.0,54,5577,23.0,1
20181022,16436,20161118,20160115,20210115,29331,13975,195591,44.0,38,3259,117.0,0
20220531,17290,20181221,20181116,20231116,0,30753,269057,5.0,45,4484,45.0,1
20220504,21795,20180921,20180316,20230316,0,26444,304508,27.0,46,5075,22.0,1
20220602,15889,20190426,20190426,20240426,0,35654,408163,0.0,31,6802,53.0,1
20201002,22803,20170818,20160923,20210923,29911,22951,256426,47.0,28,4273,80.0,0
20220601,21795,20181116,20180316,20230316,9626,66200,577572,35.0,42,9626,38.0,1
20210831,26398,20170519,20161021,20211021,14364,24830,215481,30.0,47,3591,50.0,0
20210323,29483,20161216,20160115,20210115,0,26198,304277,48.0,36,5071,45.0,1
20220126,36605,20160115,20150717,20200717,66429,29678,442880,26.0,34,7381,50.0,0
20220601,19488,20190215,20180817,20230817,0,28245,322778,26.0,27,5379,18.0,1
20210929,24808,20171215,20170217,20220217,6007,31342,360462,43.0,25,6007,28.0,1
20200111,26692,20160715,20150717,20200717,18172,28346,272613,52.0,30,4543,39.0,0
20220602,17221,20190118,20181221,20231221,0,33129,392877,4.0,22,6547,68.0,1
20210603,22634,20210924,20170421,20220421,0,29878,431895,231.0,57,7198,50.0,1
20220504,18950,20190621,20180518,20230518,30254,19246,259361,57.0,47,4322,62.0,0
20200828,29167,20201218,20150717,20200717,0,25699,280196,283.0,62,4669,97.0,1
20220601,11921,20200320,20191220,20241220,4006,24702,240409,13.0,26,4006,63.0,1
20220502,19109,20190517,20180817,20230817,10198,24026,305959,39.0,40,5099,115.0,1
20220429,22345,20180216,20180119,20230119,5088,18251,305329,4.0,40,5088,50.0,1
20220331,21416,20181116,20180316,20230316,22165,27456,266029,35.0,32,4433,126.0,0
20220602,22724,20181019,20180119,20230119,7143,37931,428618,39.0,40,7143,85.0,1
20200302,12992,20171215,20171117,20221117,23450,14494,201002,4.0,27,3350,97.0,0
20201210,30851,20151218,20150717,20200717,5668,29515,340082,22.0,34,5668,35.0,1
20210306,18057,20181019,20171117,20221117,34551,26086,230392,48.0,61,3839,97.0,0
20211122,27586,20170519,20161021,20211021,28092,28682,280972,30.0,39,4682,50.0,0
20220531,21416,20190426,20180316,20230316,0,23831,249090,58.0,69,4151,69.0,1
20220504,24242,20180518,20170915,20220915,10950,37696,328547,35.0,32,5475,58.0,1
20220513,22814,20181019,20171117,20221117,4647,28370,278824,48.0,23,4647,45.0,1
20220602,26066,20180720,20170616,20220616,4335,20146,260121,57.0,23,4335,50.0,1
20200518,27887,20160819,20150821,20200821,0,27434,319861,52.0,36,5331,5.0,1
20211206,33086,20160115,20160115,20210115,7726,19617,231820,0.0,37,3863,45.0,1
20200803,24005,20170421,20160520,20210520,21234,19367,212345,48.0,48,3539,50.0,0
20200703,28742,20161118,20150821,20200821,5183,32686,311026,65.0,19,5183,97.0,1
20190320,16617,20160715,20160520,20210520,11800,14487,177008,8.0,39,2950,28.0,0
20220603,26654,20170421,20170421,20220421,11488,20784,344697,0.0,36,5744,10.0,1
20210822,17762,20190426,20180420,20230420,25886,16439,221912,53.0,19,3698,23.0,0
20201209,30851,20160415,20150821,20200821,10668,22849,320068,34.0,29,5334,52.0,1
20210225,11676,20200417,20181221,20231221,32175,24149,214532,69.0,48,3575,68.0,0
20220506,16842,20190816,20190118,20240118,9178,29988,275381,30.0,50,4589,23.0,1
20210816,28952,20160819,20160520,20210520,6058,36831,363504,13.0,49,6058,46.0,1
20210730,25493,20171117,20161216,20211216,4754,16686,285287,48.0,35,4754,5.0,1
20200107,26166,20160219,20150821,20200821,18305,18556,219663,26.0,41,3661,5.0,0
20220531,15889,20190517,20190426,20240426,5845,30515,350712,3.0,56,5845,58.0,1
20220602,23764,20180720,20170915,20220915,0,23399,342087,44.0,38,5701,28.0,1
20220511,13738,20200221,20190816,20240816,5620,8945,168656,27.0,41,2810,5.0,1
20220531,22433,20190215,20171215,20221215,9796,25931,293934,61.0,48,4898,50.0,1
20220510,18574,20191220,20180921,20230921,0,18977,204087,65.0,31,3401,96.0,1
20220601,18574,20190215,20180921,20230921,8106,25261,243207,21.0,30,4053,117.0,1
20210901,26294,20171020,20161216,20211216,4375,30294,262543,44.0,60,4375,28.0,1
20180131,15430,20150821,20150821,20200821,25920,16196,172814,0.0,38,2880,45.0,0
20200918,21371,20171117,20161216,20211216,14682,50563,440495,48.0,18,7341,97.0,1
20211018,26690,20170915,20161216,20211216,5172,26944,310370,39.0,23,5172,68.0,1
20201202,30851,20160520,20150821,20200821,4580,20101,274846,39.0,39,4580,97.0,1
20180502,9057,20171020,20161216,20211216,16780,11084,100701,44.0,25,2000,97.0,0
20210827,14111,20191115,20190118,20240118,31848,13806,238869,43.0,54,3981,97.0,0
20220601,24143,20181019,20170915,20220915,0,25435,273537,57.0,49,4558,50.0,1
20210601,33309,20170915,20150821,20200821,0,20445,240413,108.0,57,4006,92.0,1
20220602,22724,20181221,20180119,20230119,5306,27272,318412,48.0,54,5306,97.0,1
20220421,25687,20170915,20170616,20220616,11928,33989,357872,13.0,36,5964,53.0,1
20210820,19148,20180119,20180119,20230119,4816,15307,289010,0.0,58,4816,94.0,1
20220505,22724,20181019,20180119,20230119,5576,25381,334615,39.0,33,5576,46.0,1
20220602,26549,20180817,20170519,20220519,0,23730,334049,65.0,43,5567,97.0,1
20191003,6219,20190621,20180921,20230921,7662,6796,76623,39.0,37,2000,23.0,0
20220502,26066,20180216,20170519,20220519,9446,17140,283415,39.0,37,4723,68.0,1
20220520,25687,20180119,20170519,20220519,0,36800,411022,35.0,25,6850,63.0,1
20220602,15889,20191115,20190426,20240426,0,25373,246187,29.0,54,4103,28.0,1
20220602,9338,20210528,20200619,20250619,4174,12198,125274,49.0,44,2087,97.0,1
20220531,23764,20181221,20171020,20221020,5816,24833,349013,61.0,19,5816,50.0,1
20210219,31679,20151218,20150821,20200821,0,13885,241986,17.0,43,4033,85.0,1
20220502,13738,20191018,20190816,20240816,4812,12120,144384,9.0,27,2406,52.0,1
20210212,29590,20161021,20150821,20200821,10114,25997,303461,61.0,35,5057,28.0,1
20220601,21795,20190517,20180316,20230316,4206,16862,252409,61.0,24,4206,5.0,1
20211104,26582,20170818,20161216,20211216,10654,18784,319641,35.0,68,5327,50.0,1
20220426,20032,20180720,20180615,20230615,4933,29379,296039,5.0,42,4933,15.0,1
20211130,21270,20180216,20171215,20221215,36515,31624,438225,9.0,23,7303,97.0,0
20220524,20032,20190517,20180615,20230615,0,15432,241465,48.0,33,4024,5.0,1
20190415,22221,20160819,20150821,20200821,15195,14525,182397,52.0,22,3039,23.0,0
20220512,30525,20170317,20161216,20211216,11700,38444,351006,13.0,41,5850,97.0,1
20211220,20725,20180720,20180119,20230119,5205,34342,312310,26.0,25,5205,11.0,1
20220602,23193,20180817,20171215,20221215,4658,27494,279503,35.0,40,4658,97.0,1
20220601,24143,20181019,20171020,20221020,5418,22977,325128,52.0,50,5418,50.0,1
20220602,8482,20210416,20200918,20250918,3724,11810,111765,30.0,25,2000,74.0,1
20220602,11059,20210122,20200221,20250221,2972,20752,178371,48.0,52,2972,28.0,1
20200715,14711,20181116,20171117,20221117,22736,21059,194884,52.0,54,3248,50.0,0
20220512,8058,20210219,20201016,20251016,0,28207,342228,18.0,54,5703,109.0,1
20200825,18009,20171215,20170519,20220519,18522,12422,185226,30.0,33,3087,85.0,0
20191202,16031,20171117,20170217,20220217,27840,24143,208835,39.0,30,3480,28.0,0
20220603,8058,20201218,20201016,20251016,0,9253,106806,9.0,48,2000,97.0,1
20211007,18096,20180615,20180615,20230615,28469,24076,244025,0.0,28,4067,20.0,0
20200331,17807,20171117,20170519,20220519,38799,16113,258692,26.0,34,4311,114.0,0
20220602,15446,20191018,20190426,20240426,0,18702,200075,25.0,33,3334,117.0,1
20220518,23193,20180119,20171215,20221215,5746,38168,344801,5.0,51,5746,28.0,1
20220510,9390,20210416,20200619,20250619,3478,7879,104342,43.0,24,2000,38.0,1
20220506,22814,20190118,20171215,20221215,0,23273,301752,57.0,32,5029,50.0,1
20220531,12356,20201016,20191220,20241220,0,14834,244080,43.0,41,4068,58.0,1
20180813,16045,20160219,20160115,20210115,35658,23069,305655,5.0,41,5094,50.0,0
20200630,23154,20161216,20160520,20210520,27088,35707,406343,30.0,44,6772,97.0,0
20220601,17290,20190215,20181116,20231116,9640,33253,289258,13.0,42,4820,58.0,1
20220603,14561,20190920,20190621,20240621,6316,24756,378976,13.0,49,6316,50.0,1
20220602,22724,20181019,20171215,20221215,0,37558,329335,44.0,69,5488,69.0,1
20220602,10630,20201218,20200320,20250320,6716,15110,201493,39.0,30,3358,97.0,1
20210202,29074,20161118,20160115,20210115,31927,20506,273718,44.0,40,4561,50.0,0
20210721,18282,20190118,20180316,20230316,33448,20979,250886,44.0,41,4181,50.0,0
20181101,7400,20180720,20170915,20220915,12040,8431,90302,44.0,24,2000,5.0,0
20220301,31683,20170721,20160520,20210520,0,38477,382263,61.0,39,6371,97.0,1
20220218,10299,20201120,20200221,20250221,7706,25717,231198,39.0,25,3853,85.0,1
20200228,23989,20160219,20160115,20210115,17184,35005,515527,5.0,53,8592,58.0,1
20220603,21795,20200918,20180316,20230316,15138,32133,454169,131.0,35,7569,97.0,1
20200605,18611,20180518,20170217,20220217,31409,19377,269252,65.0,40,4487,97.0,0
20211013,22306,20171020,20170915,20220915,0,41407,434536,5.0,43,7242,126.0,1
20220603,16398,20190118,20190118,20240118,5666,32069,339995,0.0,32,5666,17.0,1
20220502,25583,20180216,20170616,20220616,6569,32583,394174,35.0,44,6569,80.0,1
20211110,25596,20170915,20170217,20220217,57670,30617,346023,30.0,35,5767,5.0,0
20220601,8058,20210924,20200918,20250918,5876,16939,176336,53.0,33,2938,50.0,1
20211207,15689,20181221,20181221,20231221,12502,32270,375112,0.0,49,6251,80.0,1
20220601,17669,20190517,20181221,20231221,4780,27498,286810,21.0,60,4780,97.0,1
20180731,15590,20170519,20160115,20210115,16429,12985,140840,70.0,46,2347,58.0,0
20150922,1571,20150918,20150821,20200821,14441,11167,123794,4.0,38,2063,24.0,0
20220503,17290,20181116,20181116,20231116,0,28215,399987,0.0,33,6666,28.0,1
20220602,12356,20200821,20191220,20241220,9140,24431,274238,35.0,39,4570,97.0,1
20220603,22724,20180817,20180119,20230119,0,24683,317882,30.0,31,5298,68.0,1
20181101,20003,20160715,20150821,20200821,12732,10208,190996,47.0,31,3183,85.0,0
20220531,24621,20180420,20170915,20220915,14572,30390,437191,31.0,32,7286,91.0,1
20220228,19651,20190118,20180615,20230615,52360,24134,314195,31.0,55,5236,69.0,0
20210802,26905,20170421,20160923,20210923,53982,41338,359888,30.0,25,5998,63.0,0
20210818,26905,20170721,20160923,20210923,6160,32411,369635,43.0,51,6160,42.0,1
20220602,24143,20171020,20171020,20221020,0,43628,443394,0.0,51,7389,28.0,1
20200817,29167,20160923,20150821,20200821,10344,33672,310365,57.0,53,5172,126.0,1
20210223,24470,20161021,20161021,20211021,35800,19963,268537,0.0,35,4475,55.0,0
20220602,11921,20210122,20200117,20250117,8144,18514,244352,53.0,28,4072,110.0,1
20220505,10251,20200821,20200417,20250417,7599,33284,455962,18.0,32,7599,58.0,1
20220601,19030,20200117,20180817,20230817,10706,27576,321224,74.0,50,5353,50.0,1
20220529,25204,20180216,20170616,20220616,5276,27110,316606,35.0,25,5276,5.0,1
20220601,18120,20190621,20181019,20231019,10148,34596,304452,35.0,47,5074,69.0,1
20211102,26582,20171215,20170120,20220120,68886,31648,459259,47.0,44,7654,126.0,0
20220225,22433,20171117,20171117,20221117,0,31809,479720,0.0,62,7995,80.0,1
20200905,29590,20160415,20150821,20200821,36296,17144,272236,34.0,34,4537,97.0,0
20220602,12794,20200717,20191115,20241115,0,17645,205312,35.0,48,3421,28.0,1
20220602,24143,20181019,20171020,20221020,6839,30537,410383,52.0,50,6839,5.0,1
20220602,22724,20181116,20180119,20230119,0,26236,383785,43.0,35,6396,85.0,1
20220526,21828,20180817,20171020,20221020,40136,22860,301065,43.0,42,5017,52.0,0
20181001,19556,20161021,20150821,20200821,25100,26919,376544,61.0,28,6275,111.0,0
20210429,13393,20190426,20181019,20231019,19510,25823,234140,27.0,34,3902,47.0,0
20190518,9583,20180518,20171020,20221020,12768,10582,127713,30.0,19,2128,96.0,0
20200928,26985,20160819,20160115,20210115,14178,24818,425376,31.0,39,7089,97.0,1
20220504,23287,20180518,20171117,20221117,7311,49109,438687,26.0,41,7311,97.0,1
20210507,19822,20180921,20171020,20221020,52317,20498,348822,48.0,49,5813,96.0,0
20220520,11596,20200821,20191220,20241220,0,14242,181432,35.0,27,3023,53.0,1
20211129,27586,20170721,20161021,20211021,0,34917,443252,39.0,43,7387,23.0,1
20220509,20873,20190517,20180420,20230420,15522,34678,465688,56.0,27,7761,97.0,1
20220603,19488,20190621,20180817,20230817,10812,25937,324379,44.0,41,5406,126.0,1
20220602,22814,20180921,20171117,20221117,6317,35774,379079,44.0,41,6317,50.0,1
20190304,7747,20180316,20171117,20221117,13675,15126,164108,17.0,51,2735,50.0,0
20200713,28218,20160415,20150821,20200821,5805,28579,348326,34.0,33,5805,42.0,1
20210601,6715,20201218,20200320,20250320,21760,14550,130578,39.0,26,2176,97.0,0
20220513,30011,20170616,20150821,20200821,10342,32546,310267,95.0,56,5171,97.0,1
20220404,29005,20180720,20161118,20211118,0,46344,413816,87.0,61,6896,50.0,1
20220509,21416,20190315,20180316,20230316,10352,35228,310576,52.0,24,5176,65.0,1
20220530,20411,20180817,20180615,20230615,7695,31467,461704,9.0,49,7695,75.0,1
20220603,18120,20190215,20181019,20231019,5980,33569,358842,17.0,49,5980,68.0,1
20220601,12356,20200821,20191220,20241220,8116,20991,243510,35.0,38,4058,97.0,1
20220601,12415,20191220,20191018,20241018,14048,52235,842910,9.0,29,14048,58.0,1
20200902,29066,20161021,20150918,20200918,6140,31749,368412,57.0,26,6140,50.0,1
20220522,22345,20180720,20180119,20230119,5057,21906,303438,26.0,30,5057,112.0,1
20210831,21032,20170915,20170915,20220915,34570,20729,207458,0.0,28,3457,97.0,0
20190108,12173,20170818,20161216,20211216,13909,11311,119263,35.0,40,2000,23.0,0
20220510,11977,20200821,20191220,20241220,2621,11198,157273,35.0,43,2621,28.0,1
20220329,28127,20171020,20161216,20211216,10466,18983,314002,44.0,24,5233,48.0,1
20210604,28147,20170519,20160520,20210520,0,20912,301322,52.0,43,5022,97.0,1
20210405,24278,20170519,20161216,20211216,5961,28215,357662,22.0,39,5961,118.0,1
20210408,24278,20181019,20161216,20211216,43250,14113,259549,96.0,61,4325,97.0,0
20211217,27472,20180720,20161216,20211216,5471,32415,328313,83.0,61,5471,97.0,1
20160315,4127,20160115,20150918,20200918,2896,2813,43487,17.0,35,2000,85.0,0
20171109,4795,20170915,20170217,20220217,6048,4688,51896,30.0,24,2000,96.0,0
20220531,23287,20181019,20171117,20221117,5536,17120,332219,48.0,24,5536,58.0,1
20220530,21416,20180316,20180316,20230316,9862,20545,295914,0.0,32,4931,117.0,1
20220603,7214,20210820,20201218,20251218,1930,8343,115843,35.0,21,2000,79.0,1
20220603,10630,20210219,20200417,20250417,0,7309,114716,44.0,53,2000,1.0,1
20191031,15164,20170616,20170217,20220217,20010,16144,200113,17.0,30,3335,58.0,0
20220512,15510,20191115,20190426,20240426,0,17670,200340,29.0,30,3339,50.0,1
20201029,21292,20181019,20161216,20211216,23050,20333,276606,96.0,38,4610,97.0,0
20220228,21964,20181019,20180119,20230119,9420,30981,282623,39.0,26,4710,28.0,1
20220514,20032,20181116,20180615,20230615,7922,21731,237672,22.0,35,3961,58.0,1
20220311,15559,20181116,20171117,20221117,21973,18539,188358,52.0,30,3139,22.0,0
20211110,26582,20170217,20161216,20211216,14998,41165,449992,9.0,75,7499,69.0,1
20200109,25642,20160715,20150918,20200918,41976,19196,279864,43.0,38,4664,112.0,0
20220529,18651,20190315,20180817,20230817,7596,19939,227901,30.0,37,3798,68.0,1
20220603,17221,20190719,20190118,20240118,9778,25737,293359,26.0,40,4889,50.0,1
20200430,18737,20170421,20170120,20220120,38660,26588,232004,13.0,42,3866,67.0,0
20211115,26582,20171117,20170120,20220120,0,23594,315692,43.0,34,5261,77.0,1
20220225,10299,20200221,20200221,20250221,7334,23573,220050,0.0,48,3667,69.0,1
20220531,23764,20181019,20170915,20220915,0,25275,269107,57.0,53,4485,45.0,1
20220603,19109,20200320,20180817,20230817,4068,18867,244112,83.0,57,4068,5.0,1
20220601,7214,20210716,20201218,20251218,0,8042,121031,30.0,45,2017,62.0,1
20210526,21746,20170519,20170519,20220519,11192,29753,335788,0.0,68,5596,69.0,1
20220601,17669,20190517,20181116,20231116,4382,20098,262974,26.0,21,4382,50.0,1
20180823,18126,20150918,20150918,20200918,8076,26188,242307,0.0,39,4038,36.0,1
20220601,21795,20190315,20180316,20230316,4012,23164,240755,52.0,72,4012,67.0,1
20220602,15889,20191018,20190315,20240315,3893,16461,233629,31.0,30,3893,28.0,1
20170613,9518,20170421,20160115,20210115,6030,6850,72364,66.0,25,2000,118.0,0
20220601,10251,20200619,20200417,20250417,2511,17089,150667,9.0,50,2511,88.0,1
20220601,24143,20180615,20170915,20220915,6718,21978,403124,39.0,28,6718,38.0,1
20220511,22814,20180817,20171117,20221117,0,24660,331069,39.0,39,5517,85.0,1
20200908,28542,20160923,20150918,20200918,0,25114,270269,53.0,58,4504,28.0,1
20210806,31508,20170616,20160115,20210115,4914,29781,294841,74.0,48,4914,23.0,1
20220603,19488,20181221,20180817,20230817,0,20082,235452,18.0,54,3924,15.0,1
20220526,22724,20200417,20180119,20230119,0,19512,230882,117.0,44,3848,42.0,1
20220509,16842,20190426,20181221,20231221,0,27376,274684,18.0,49,4578,5.0,1
20200515,26839,20160923,20150918,20200918,9832,25689,294969,53.0,32,4916,58.0,1
20191203,12654,20171020,20171020,20221020,43250,19564,259509,0.0,34,4325,5.0,0
20191108,16088,20170421,20170120,20220120,29728,21664,222999,13.0,61,3716,111.0,0
20220507,21795,20181221,20180316,20230316,0,28093,272208,40.0,31,4536,85.0,1
20210129,22050,20170421,20170120,20220120,38835,25554,258926,13.0,61,4315,111.0,0
20220602,20873,20190315,20180518,20230518,4857,24935,291479,43.0,39,4857,42.0,1
20200222,17876,20180420,20170120,20220120,13524,14961,202899,65.0,24,3381,50.0,0
20200930,28542,20160923,20150918,20200918,5241,31041,314517,53.0,48,5241,45.0,1
20201221,29802,20170421,20150918,20200918,8566,25141,257024,83.0,46,4283,42.0,1
20190719,14830,20171020,20170120,20220120,9240,26857,277257,39.0,42,4620,45.0,1
20210915,17238,20190426,20180615,20230615,16854,12677,168585,45.0,23,2809,96.0,0
20210910,19084,20190215,20180316,20230316,46359,25271,309102,48.0,47,5151,63.0,0
20210407,31448,20201120,20150918,20200918,0,21120,199923,270.0,49,3332,97.0,1
20220601,5995,20211015,20210122,20260122,0,5691,58456,38.0,57,2000,50.0,1
20220221,22433,20180817,20171215,20221215,9976,31042,299286,35.0,23,4988,50.0,1
20220511,19109,20190621,20180817,20230817,3796,22252,227805,44.0,27,3796,18.0,1
20210330,10753,20190621,20190315,20240315,18972,11599,126511,14.0,42,2108,23.0,0
20220602,23666,20180921,20171117,20221117,0,27842,244919,44.0,41,4081,97.0,1
20210329,19007,20180518,20171020,20221020,13076,16823,196143,30.0,45,3269,23.0,0
20220513,25687,20180316,20170519,20220519,10458,29489,313772,43.0,54,5229,6.0,1
20211231,26973,20181221,20170120,20220120,5084,26765,305098,100.0,47,5084,46.0,1
20200803,28118,20151016,20150918,20200918,9568,19759,287046,4.0,48,4784,28.0,1
20220418,21660,20180817,20171117,20221117,0,16655,253014,39.0,42,4216,89.0,1
20220601,6793,20210716,20210122,20260122,0,9175,88697,25.0,42,2000,85.0,1
20180402,16289,20151016,20150918,20200918,6648,18333,199473,4.0,57,3324,69.0,1
20220503,6793,20211015,20210122,20260122,3866,9214,116019,38.0,44,2000,22.0,1
20180531,16751,20161118,20150918,20200918,32920,13016,197566,61.0,49,3292,58.0,0
20220602,12356,20201120,20191220,20241220,0,25691,221752,48.0,33,3695,38.0,1
20220602,11921,20201016,20191220,20241220,12284,33102,368527,43.0,43,6142,62.0,1
20220125,26475,20171215,20170120,20220120,0,43247,571891,47.0,67,9531,97.0,1
20220603,36321,20170519,20150918,20200918,10252,23341,307585,87.0,34,5126,50.0,1
20220515,21416,20190315,20180316,20230316,17132,26462,514005,52.0,64,8566,111.0,1
20220404,6793,20210219,20210122,20260122,5912,10305,177408,4.0,33,2956,97.0,1
20220602,11059,20210528,20200320,20250320,3700,23365,222042,62.0,50,3700,111.0,1
20180728,9476,20180615,20170120,20220120,16040,10467,120351,73.0,42,2005,97.0,0
20220513,9442,20200717,20200515,20250515,0,16993,153914,9.0,29,2565,50.0,1
20220110,23476,20181221,20170915,20220915,7719,49548,463180,66.0,54,7719,45.0,1
20201117,29907,20201016,20150918,20200918,0,28205,296065,265.0,31,4934,97.0,1
20200903,29066,20160715,20150918,20200918,10506,29571,315210,43.0,74,5253,97.0,1
20220503,25583,20180316,20170616,20220616,0,25142,338647,39.0,28,5644,68.0,1
20210414,21822,20171020,20170421,20220421,27285,32129,327447,26.0,42,5457,97.0,0
20220207,23861,20181116,20170915,20220915,17072,45277,512170,61.0,30,8536,35.0,1
20220530,6835,20211119,20201218,20251218,2883,16213,173037,48.0,44,2883,63.0,1
20191105,12222,20180615,20170915,20220915,22128,16408,221292,39.0,42,3688,28.0,0
20220603,15889,20191220,20190426,20240426,0,29367,256880,34.0,37,4281,15.0,1
20220602,20873,20181019,20180420,20230420,15644,52796,469359,26.0,32,7822,113.0,1
20220603,16777,20190719,20190118,20240118,4521,26114,271264,26.0,21,4521,68.0,1
20220505,20032,20190517,20180615,20230615,15458,42270,463746,48.0,30,7729,28.0,1
20220513,18195,20190426,20180921,20230921,0,26860,271427,31.0,28,4523,117.0,1
20220601,6793,20211015,20201218,20251218,2925,18768,175528,43.0,34,2925,97.0,1
20220402,19030,20191018,20180817,20230817,28680,25706,344169,61.0,23,5736,5.0,0
20220603,24722,20170721,20170721,20220721,0,31906,425899,0.0,36,7098,58.0,1
20200803,28642,20160715,20150918,20200918,0,30292,336685,43.0,43,5611,50.0,1
20220530,12356,20200619,20191220,20241220,2551,9571,153065,26.0,45,2551,32.0,1
20220514,27519,20180921,20170217,20220217,12374,35520,371275,83.0,42,6187,68.0,1
20220502,24143,20181019,20171020,20221020,4382,26291,262967,52.0,60,4382,58.0,1
20200324,13942,20180720,20171020,20221020,16814,10905,144163,39.0,46,2402,126.0,0
20191219,25211,20160318,20150918,20200918,0,15522,281645,26.0,36,4694,50.0,1
20220428,23193,20180518,20171117,20221117,9608,15753,288263,26.0,48,4804,50.0,1
20220602,24143,20180817,20171020,20221020,0,38709,466176,43.0,35,7769,85.0,1
20190208,20811,20151120,20150918,20200918,0,29022,389745,9.0,29,6495,117.0,1
20220509,17741,20181116,20181019,20231019,11348,35555,340493,4.0,44,5674,85.0,1
20211001,26690,20170818,20161216,20211216,12192,26736,365815,35.0,23,6096,97.0,1
20220429,26170,20190920,20170421,20220421,22082,36211,662479,126.0,49,11041,97.0,1
20220505,12474,20210122,20190920,20240920,3611,24402,216700,70.0,60,3611,97.0,1
20220316,28626,20200515,20161216,20211216,4335,13659,260158,178.0,56,4335,50.0,1
20220514,18270,20190215,20180817,20230817,6098,25259,365894,26.0,42,6098,97.0,1
20220601,20494,20181221,20180518,20230518,8838,20685,265173,31.0,22,4419,28.0,1
20220602,5959,20211227,20210319,20260319,4130,14912,247824,40.4285714285714,41,4130,97.0,1
20220601,21795,20190215,20180316,20230316,0,24428,310095,48.0,41,5168,50.0,1
20201001,21292,20161216,20161216,20211216,0,32433,358015,0.0,26,5966,13.0,1
20220602,14117,20210618,20190816,20240816,0,11480,181900,96.0,29,3031,117.0,1
20190730,9517,20180119,20171215,20221215,31092,27001,310974,5.0,27,5182,35.0,0
20201008,10907,20190621,20181019,20231019,18940,8208,113697,35.0,33,2000,86.0,0
20220322,26170,20180518,20170421,20220421,0,22266,432791,56.0,39,7213,52.0,1
20220603,11921,20201218,20191220,20241220,11700,18432,351030,52.0,74,5850,69.0,1
20210904,11406,20200821,20190816,20240816,18067,11051,154893,53.0,25,2581,114.0,0
20220528,13738,20200221,20190816,20240816,0,28639,346097,27.0,46,5768,51.0,1
20180713,17147,20151016,20150918,20200918,15295,18345,183554,4.0,47,3059,42.0,0
20200818,14667,20190118,20180119,20230119,16310,17932,195755,52.0,41,3262,50.0,0
20211213,20262,20181019,20180316,20230316,6809,47156,408564,31.0,32,6809,45.0,1
20220103,25404,20180615,20170421,20220421,6644,38672,398690,60.0,46,6644,116.0,1
20220516,26654,20171215,20170421,20220421,6172,27814,370370,34.0,40,6172,97.0,1
20220602,7214,20210716,20201218,20251218,0,18548,190687,30.0,35,3178,28.0,1
20201202,28245,20160219,20160115,20210115,13024,29743,390773,5.0,43,6512,114.0,1
20200429,13424,20180216,20171215,20221215,17725,19977,212731,9.0,36,3545,5.0,0
20210513,8473,20200918,20191018,20241018,29729,22293,254845,48.0,29,4247,117.0,0
20180601,8521,20170818,20170120,20220120,13937,9096,119484,30.0,25,2000,50.0,0
20220602,11059,20200417,20200417,20250417,10712,24495,321370,0.0,32,5356,0.0,1
20220602,12356,20201016,20191220,20241220,3291,17074,197491,43.0,21,3291,83.0,1
20191004,13228,20170616,20170616,20220616,38240,24250,286857,0.0,42,4780,58.0,0
20220601,6414,20211015,20210122,20260122,0,5381,80812,38.0,53,2000,50.0,1
20220602,11059,20210219,20200221,20250221,2902,12323,174157,52.0,30,2902,111.0,1
20200430,16298,20180615,20170616,20220616,25683,19440,220163,52.0,49,3669,50.0,0
20220503,26066,20180518,20170519,20220519,8976,26668,269323,52.0,25,4488,39.0,1
20220602,6793,20210528,20210122,20260122,1487,8358,89243,18.0,28,2000,97.0,1
20220514,21416,20190215,20180316,20230316,8508,17406,255262,48.0,57,4254,83.0,1
20220504,24242,20171215,20170915,20220915,0,36490,316512,13.0,26,5275,85.0,1
20220516,7679,20210924,20201016,20251016,3016,6871,90491,49.0,38,2000,50.0,1
20220516,26066,20181019,20170519,20220519,10100,29568,303045,74.0,49,5050,21.0,1
20220602,26066,20180119,20170616,20220616,0,36792,395064,31.0,21,6584,101.0,1
20200603,17641,20180216,20170519,20220519,24612,17182,211011,39.0,38,3516,118.0,0
20220511,8103,20200821,20200821,20250821,2776,17499,166560,0.0,35,2776,62.0,1
20220516,22814,20180817,20171215,20221215,5928,32436,355685,35.0,37,5928,97.0,1
20220513,19570,20180720,20180615,20230615,4216,20734,252990,5.0,46,4216,45.0,1
20200303,25975,20151016,20151016,20201016,0,26378,270191,0.0,34,4503,97.0,1
20220602,8959,20210122,20200619,20250619,2133,11063,128012,31.0,32,2133,66.0,1
20200828,18009,20180615,20170519,20220519,0,33460,349220,56.0,31,5820,5.0,1
20220601,23861,20180817,20170915,20220915,10474,28027,314243,48.0,26,5237,5.0,1
20220601,21795,20180518,20180316,20230316,0,22093,305017,9.0,52,5083,123.0,1
20220603,14117,20200417,20190816,20240816,0,17473,209606,35.0,24,3493,108.0,1
20200304,10210,20190517,20180615,20230615,15610,6901,93701,48.0,21,2000,58.0,0
20220505,14117,20200515,20190816,20240816,3623,14207,217401,39.0,21,3623,85.0,1
20200303,25975,20160819,20151016,20201016,4742,22732,284522,44.0,34,4742,85.0,1
20190819,9959,20190118,20171215,20221215,7704,6533,115571,57.0,24,2000,97.0,0
20190517,11506,20180518,20170519,20220519,14448,7697,108366,52.0,50,2000,68.0,0
20220601,19109,20190426,20180817,20230817,9040,19862,271241,36.0,33,4520,23.0,1
20220517,25687,20181019,20170519,20220519,5426,23593,325567,74.0,61,5426,97.0,1
20220303,24242,20180518,20170915,20220915,8604,23383,258123,35.0,31,4302,97.0,1
20201231,18247,20180720,20170915,20220915,17388,12397,173912,44.0,36,2898,126.0,0
20191116,24255,20160923,20151016,20201016,27909,13930,186092,49.0,26,3101,97.0,0
20220602,21333,20190215,20180316,20230316,4341,20943,260519,48.0,27,4341,85.0,1
20220602,6793,20210820,20201218,20251218,3400,8808,102015,35.0,42,2000,97.0,1
20220601,21795,20180921,20180316,20230316,4732,21591,283930,27.0,38,4732,58.0,1
20220601,10202,20200619,20200515,20250515,2392,13030,143536,5.0,41,2392,53.0,1
20220603,14117,20200515,20190816,20240816,7086,18948,212618,39.0,34,3543,108.0,1
20220531,21416,20180921,20180316,20230316,10190,24114,305702,27.0,40,5095,121.0,1
20180730,17147,20160318,20151016,20201016,7952,17469,238617,22.0,53,3976,15.0,1
20220602,20113,20181116,20180420,20230420,0,30363,287307,30.0,48,4788,58.0,1
20220602,16842,20190719,20181221,20231221,0,23813,247851,30.0,31,4130,125.0,1
20220601,9769,20210326,20200619,20250619,1877,6177,112664,40.0,35,2000,62.0,1
20220428,26066,20180119,20170519,20220519,12732,35365,381990,35.0,26,6366,5.0,1
20220601,21795,20190315,20180316,20230316,5216,16216,312992,52.0,42,5216,96.0,1
20200929,28020,20151218,20151016,20201016,5191,19207,311472,9.0,48,5191,97.0,1
20220502,10202,20200717,20200515,20250515,2363,12383,141815,9.0,37,2363,50.0,1
20220602,10202,20201120,20200515,20250515,3225,11936,193504,27.0,52,3225,97.0,1
20220601,22724,20190816,20180119,20230119,6350,41405,381048,82.0,56,6350,45.0,1
20220603,8058,20210716,20200918,20250918,0,10242,120819,43.0,44,2013,50.0,1
20220603,6793,20210924,20210122,20260122,2718,7777,81578,35.0,31,2000,50.0,1
20220111,27361,20170317,20170120,20220120,5861,29832,351693,8.0,29,5861,50.0,1
20190812,22942,20151120,20151016,20201016,9364,19848,280964,5.0,42,4682,58.0,1
20220530,21416,20190315,20180316,20230316,0,19284,255899,52.0,24,4264,50.0,1
20220516,18195,20190315,20180921,20230921,9098,20939,272959,25.0,34,4549,68.0,1
20211007,25204,20180119,20170217,20220217,41418,20330,276136,48.0,26,4602,125.0,0
20200919,27597,20160819,20151016,20201016,3660,23008,219609,44.0,60,3660,50.0,1
20220601,21416,20190315,20180316,20230316,0,24319,312237,52.0,29,5203,97.0,1
20220601,8103,20210416,20200821,20250821,0,13189,141980,34.0,31,2366,62.0,1
20220516,11059,20201120,20200221,20250221,2913,16318,174820,39.0,23,2913,100.0,1
20220406,20411,20180615,20180615,20230615,0,18867,334378,0.0,52,5572,50.0,1
20220412,25687,20180420,20170519,20220519,0,38605,429582,48.0,27,7159,18.0,1
20220531,25687,20180615,20170519,20220519,0,32961,290978,56.0,43,4849,58.0,1
20220603,14117,20200821,20190816,20240816,3360,23062,201649,53.0,18,3360,50.0,1
20220602,21795,20190215,20180316,20230316,0,23128,295237,48.0,47,4920,97.0,1
20220208,21498,20181221,20180119,20230119,4051,16126,243116,48.0,37,4051,13.0,1
20220601,20873,20190315,20180518,20230518,0,19544,258211,43.0,47,4303,97.0,1
20180220,7173,20170721,20170120,20220120,5552,4348,41687,26.0,23,2000,11.0,0
20220601,22724,20190426,20180119,20230119,0,19711,242434,66.0,33,4040,50.0,1
20220601,23193,20180216,20171215,20221215,4128,23874,247683,9.0,54,4128,91.0,1
20220602,23193,20180720,20171215,20221215,10962,20233,328892,31.0,35,5481,23.0,1
20200702,27694,20161021,20151016,20201016,21426,17429,214318,53.0,37,3571,45.0,0
20191106,23734,20170519,20151016,20201016,20820,11872,208257,83.0,43,3470,52.0,0
20220602,18574,20190816,20180921,20230921,7688,13167,230652,47.0,32,3844,28.0,1
20220516,22814,20180921,20171215,20221215,14404,49463,432142,40.0,37,7202,5.0,1
20220603,21795,20190315,20180316,20230316,0,34573,369129,52.0,49,6152,28.0,1
20220228,23861,20190215,20170915,20220915,6299,37773,377959,74.0,40,6299,97.0,1
20210618,22634,20171117,20170421,20220421,12590,39207,377752,30.0,54,6295,45.0,1
20220412,26690,20170818,20161216,20211216,0,37665,408785,35.0,44,6813,50.0,1
20191014,23383,20161021,20151016,20201016,0,21941,308115,53.0,75,5135,97.0,1
20200803,28118,20161021,20151016,20201016,5230,30955,313852,53.0,52,5230,68.0,1
20220602,9338,20210528,20200619,20250619,3728,15782,223707,49.0,73,3728,69.0,1
20210531,27229,20160715,20160617,20210617,6074,31378,364440,4.0,32,6074,52.0,1
20191004,13228,20170616,20170616,20220616,42039,30101,280289,0.0,42,4671,58.0,0
20220228,35416,20160819,20151016,20201016,52200,41716,391548,44.0,32,6525,21.0,0
20220530,29130,20180216,20161021,20211021,0,30866,440239,69.0,27,7337,58.0,1
20220104,25016,20180720,20170421,20220421,14226,30159,426833,65.0,29,7113,123.0,1
20220602,20873,20190215,20180420,20230420,8740,21619,262253,43.0,45,4370,58.0,1
20201014,27268,20151120,20151016,20201016,5951,32898,357097,5.0,47,5951,95.0,1
20220601,11921,20201016,20200117,20250117,0,18660,210515,39.0,26,3508,85.0,1
20220513,22814,20190118,20171215,20221215,0,17659,307166,57.0,47,5119,97.0,1
20190507,21616,20160115,20151016,20201016,40439,32432,346654,13.0,36,5777,58.0,0
20220601,19030,20190621,20180817,20230817,10790,22635,323726,44.0,41,5395,56.0,1
20220524,22814,20171117,20171117,20221117,7116,42634,426999,0.0,22,7116,97.0,1
20220603,5136,20220120,20210521,20260521,0,7232,73858,34.8571428571429,60,2000,56.0,1
20220509,24050,20180216,20170616,20220616,11584,27182,347541,35.0,22,5792,50.0,1
20220505,21795,20190118,20180316,20230316,0,43472,459165,44.0,54,7652,97.0,1
20220512,24242,20181116,20170915,20220915,11544,18495,346357,61.0,41,5772,6.0,1
20220602,23666,20210219,20171117,20221117,6624,33481,397451,170.0,45,6624,97.0,1
20220602,24242,20181019,20170915,20220915,5758,30828,345481,57.0,47,5758,15.0,1
20201216,29802,20160923,20151016,20201016,4877,22246,292625,49.0,32,4877,126.0,1
20220524,15510,20200515,20190315,20240315,8248,23844,247482,61.0,26,4124,62.0,1
20220531,10680,20200918,20200221,20250221,5990,13571,179743,30.0,54,2995,62.0,1
20180102,14382,20151218,20151016,20201016,10318,22372,309586,9.0,27,5159,50.0,1
20220602,11059,20210528,20200221,20250221,13368,44621,401066,66.0,54,6684,58.0,1
20181029,18507,20160923,20151016,20201016,17592,11409,131960,49.0,49,2199,45.0,0
20220602,15446,20200320,20190426,20240426,13546,44412,406410,47.0,56,6773,35.0,1
20220603,17221,20190118,20181221,20231221,20014,50452,600443,4.0,20,10007,23.0,1
20190826,5340,20180921,20180921,20230921,15595,15327,187158,0.0,38,3119,42.0,0
20220602,12356,20200717,20191220,20241220,3200,16849,192029,30.0,32,3200,117.0,1
20190715,22501,20151120,20151016,20201016,6290,34951,377432,5.0,26,6290,28.0,1
20200604,20601,20170616,20161021,20211021,12702,33773,381092,34.0,24,6351,97.0,1
20220602,21795,20190315,20180316,20230316,0,21775,293484,52.0,50,4891,69.0,1
20220502,25789,20180720,20170421,20220421,0,27160,378702,65.0,54,6311,97.0,1
20220527,15446,20200417,20190426,20240426,12912,28560,387378,51.0,26,6456,28.0,1
20190405,3570,20180921,20180921,20230921,19642,19174,168406,0.0,38,2806,42.0,0
20220329,20494,20190426,20180420,20230420,21610,23846,259357,53.0,42,4322,97.0,0
20190306,7278,20190118,20180119,20230119,17240,9661,103474,52.0,36,2000,23.0,0
20220601,10630,20210219,20200417,20250417,3534,15762,212098,44.0,49,3534,111.0,1
20220603,6793,20210924,20210122,20260122,3434,9736,103079,35.0,48,2000,50.0,1
20200807,11430,20190621,20180817,20230817,7680,9815,115216,44.0,39,2000,15.0,0
20220505,18120,20190517,20181019,20231019,8234,42462,494074,30.0,25,8234,10.0,1
20220503,9769,20210618,20200619,20250619,4174,14470,250489,52.0,25,4174,42.0,1
20200611,19100,20171117,20170120,20220120,7996,54765,479760,43.0,57,7996,68.0,1
20191014,11788,20180615,20171020,20221020,16877,11066,144668,34.0,29,2411,118.0,0
20191008,14194,20170421,20170421,20220421,28062,28306,280671,0.0,34,4677,80.0,0
20220601,17221,20190920,20190215,20240215,9468,27505,284051,31.0,38,4734,34.0,1
20180604,16688,20160923,20151016,20201016,17311,16999,148397,49.0,23,2473,18.0,0
20220601,21795,20190426,20180316,20230316,6635,28363,398156,58.0,47,6635,58.0,1
20180730,17147,20160115,20151016,20201016,55872,32594,372532,13.0,38,6208,72.0,0
20200902,28020,20160923,20151016,20201016,53019,29270,353513,49.0,48,5891,50.0,0
20200212,20407,20170120,20160715,20210715,33592,22362,251949,27.0,26,4199,97.0,0
20220602,6374,20210820,20210122,20260122,10406,27633,312188,30.0,41,5203,58.0,1
20200722,11006,20190315,20180817,20230817,12228,16839,183434,30.0,44,3057,50.0,0
20211130,24626,20180119,20170421,20220421,11758,36031,352742,39.0,50,5879,32.0,1
20210325,18057,20200221,20171117,20221117,8028,33990,481715,118.0,39,8028,97.0,1
20220603,23666,20180817,20171117,20221117,0,41708,399144,39.0,39,6652,50.0,1
20200901,28020,20160819,20151016,20201016,0,41385,400510,44.0,33,6675,27.0,1
20220602,19488,20190621,20180817,20230817,0,26349,306028,44.0,32,5100,23.0,1
20220525,20494,20180817,20180420,20230420,4815,22960,288947,17.0,44,4815,86.0,1
20220601,15889,20191220,20190315,20240315,0,20620,382946,40.0,26,6382,40.0,1
20180301,15304,20160923,20151016,20201016,27387,15510,182608,49.0,41,3043,126.0,0
20220602,12794,20201218,20191115,20241115,6894,17266,206857,57.0,37,3447,46.0,1
20220531,13738,20200515,20190816,20240816,8794,21613,263862,39.0,22,4397,125.0,1
20210714,32663,20170721,20151016,20201016,0,31155,350736,92.0,46,5845,118.0,1
20220309,22814,20180119,20171215,20221215,20822,57672,624688,5.0,48,10411,15.0,1
20220531,15090,20181221,20180119,20230119,24960,17281,187236,48.0,33,3120,2.0,0
20220530,16398,20190517,20190118,20240118,0,15174,285043,17.0,20,4750,126.0,1
20220323,21270,20171215,20171215,20221215,0,56079,591324,0.0,37,9855,50.0,1
20220512,20954,20181221,20180420,20230420,6804,39678,408258,35.0,26,6804,117.0,1
20220119,23476,20180420,20170915,20220915,9836,20475,295106,31.0,31,4918,97.0,1
20220502,11489,20210122,20200221,20250221,4732,9565,142008,48.0,49,2366,74.0,1
20210817,22956,20170915,20170519,20220519,18888,24491,283336,17.0,28,4722,77.0,0
20220514,19030,20190426,20180817,20230817,4618,19096,277107,36.0,33,4618,24.0,1
20220601,26549,20190315,20170915,20220915,4770,21287,286226,78.0,31,4770,42.0,1
20200921,18915,20171215,20170519,20220519,18175,15887,218153,30.0,30,3635,50.0,0
20220602,20873,20181116,20180420,20230420,6000,32771,360034,30.0,37,6000,38.0,1
20171230,13396,20151218,20151120,20201120,15210,11718,101459,4.0,37,2000,126.0,0
20220109,20650,20180316,20180316,20230316,10972,22058,329189,0.0,59,5486,62.0,1
20220526,21416,20190621,20180316,20230316,18330,19421,219972,66.0,32,3666,99.0,0
20220406,17429,20190426,20180921,20230921,8126,27610,243816,31.0,41,4063,50.0,1
20220512,23287,20180420,20171117,20221117,5091,21619,305489,22.0,27,5091,28.0,1
20210224,13029,20190426,20180921,20230921,14028,6858,120262,31.0,24,2004,59.0,0
20220531,12356,20200717,20191220,20241220,4728,13437,141897,30.0,30,2364,47.0,1
20220602,23193,20181221,20171215,20221215,0,25982,300380,53.0,71,5006,62.0,1
20211124,18950,20181019,20180420,20230420,0,25198,284588,26.0,34,4743,97.0,1
20201125,19274,20170818,20170519,20220519,15872,13033,119074,13.0,23,2000,15.0,0
20220520,10680,20210528,20200221,20250221,0,9938,137958,66.0,32,2299,97.0,1
20220602,17669,20190719,20181116,20231116,0,20855,227575,35.0,45,3792,47.0,1
20220502,15889,20200221,20190315,20240315,6480,15155,194428,49.0,33,3240,47.0,1
20220513,25687,20171215,20170519,20220519,0,22217,307221,30.0,30,5120,15.0,1
20220602,17669,20191018,20181221,20231221,4113,21221,246811,43.0,38,4113,28.0,1
20220516,17290,20200117,20181116,20231116,6804,19054,204159,61.0,50,3402,29.0,1
20220518,18651,20191220,20180817,20230817,0,12009,150831,70.0,27,2513,26.0,1
20220509,5580,20211015,20210219,20260219,0,6355,67965,34.0,55,2000,62.0,1
20220504,17221,20200117,20190118,20240118,7968,26061,239078,52.0,37,3984,58.0,1
20220512,17741,20190816,20190118,20240118,3835,23190,230125,30.0,45,3835,74.0,1
20220512,8103,20210416,20200821,20250821,4474,12472,134260,34.0,27,2237,37.0,1
20220601,6835,20210820,20210122,20260122,1395,6643,83750,30.0,37,2000,38.0,1
20210316,23370,20171020,20170120,20220120,0,36727,364425,39.0,36,6073,50.0,1
20220407,16333,20190719,20190315,20240315,31419,22855,209469,18.0,39,3491,23.0,0
20210129,29696,20170915,20151120,20201120,0,22801,292012,95.0,39,4866,50.0,1
20220602,26066,20180316,20170519,20220519,9940,24550,298228,43.0,24,4970,38.0,1
20220601,19949,20190426,20180615,20230615,5590,26598,335418,45.0,44,5590,97.0,1
20220603,17669,20190920,20181116,20231116,3412,18539,204751,44.0,29,3412,85.0,1
20220411,16909,20191220,20181116,20231116,0,10483,172525,57.0,45,2875,52.0,1
20201228,24663,20170519,20160715,20210715,0,22184,322759,44.0,29,5379,50.0,1
20210202,25491,20170421,20160715,20210715,0,28795,334187,40.0,34,5569,107.0,1
20191022,23299,20160923,20151120,20201120,12092,11858,181387,44.0,37,3023,122.0,0
20220601,14117,20191115,20190816,20240816,0,11654,180802,13.0,28,3013,117.0,1
20190814,21979,20161118,20151120,20201120,5079,21922,304792,52.0,33,5079,23.0,1
20220601,14117,20200221,20190816,20240816,0,13811,169205,27.0,27,2820,84.0,1
20220602,23193,20180817,20171215,20221215,10142,25039,304284,35.0,60,5071,69.0,1
20220504,22345,20180720,20171215,20221215,0,23634,321277,31.0,30,5354,45.0,1
20180119,13860,20151120,20151120,20201120,21736,11420,163078,0.0,35,2717,126.0,0
20220602,12356,20200515,20191220,20241220,0,7790,141362,21.0,33,2356,62.0,1
20180601,6579,20180518,20170519,20220519,10260,4802,61588,52.0,54,2000,45.0,0
20220602,18651,20190719,20180817,20230817,4336,21835,260182,48.0,30,4336,13.0,1
20220602,22814,20190118,20171215,20221215,0,18660,278878,57.0,32,4647,91.0,1
20220602,12794,20200918,20191018,20241018,2507,16144,150438,48.0,28,2507,85.0,1
20210705,18746,20181116,20180119,20230119,12950,14029,155405,43.0,26,2590,5.0,0
20220603,8482,20210326,20200821,20250821,0,8169,109058,31.0,31,2000,107.0,1
20201020,28862,20161021,20151120,20201120,0,32369,401785,48.0,52,6696,97.0,1
20220525,10630,20200619,20200417,20250417,3307,18936,198458,9.0,50,3307,62.0,1
20201002,23824,20170317,20160715,20210715,6222,31473,373323,35.0,47,6222,97.0,1
20220510,15889,20200821,20190315,20240315,5956,15735,178734,75.0,61,2978,97.0,1
20201110,14080,20181221,20180420,20230420,13332,13288,133337,35.0,29,2222,57.0,0
20180720,7037,20171215,20170519,20220519,11431,7588,98023,30.0,34,2000,111.0,0
20220310,25687,20180720,20170616,20220616,0,23050,363895,57.0,29,6064,6.0,1
20220510,20494,20190118,20180420,20230420,5227,26914,313640,39.0,30,5227,50.0,1
20220602,23193,20180817,20171215,20221215,4649,21333,278949,35.0,38,4649,97.0,1
20220530,26973,20180518,20170120,20220120,7370,21827,221130,69.0,37,3685,126.0,1
20210712,19680,20180921,20171215,20221215,47230,20806,283432,40.0,23,4723,71.0,0
20220602,6374,20210618,20210219,20260219,1164,5008,69858,17.0,20,2000,121.0,1
20220502,11489,20201120,20200117,20250117,4628,11593,138880,44.0,23,2314,6.0,1
20220513,20954,20180420,20180420,20230420,0,25247,328097,0.0,37,5468,35.0,1
20220601,23193,20190719,20171117,20221117,9296,21900,278921,87.0,24,4648,76.0,1
20210303,30518,20161021,20151120,20201120,4393,25229,263610,48.0,26,4393,58.0,1
20220602,13676,20200417,20190920,20240920,7772,20901,233163,30.0,47,3886,27.0,1
20191202,14578,20180119,20170519,20220519,23210,15830,139295,35.0,56,2321,125.0,0
20220601,5959,20211119,20210319,20260319,1229,5136,73753,35.0,27,2000,62.0,1
20220511,25204,20171117,20170519,20220519,11744,32139,352359,26.0,38,5872,50.0,1
20220508,17221,20190517,20181221,20231221,4701,28439,282069,21.0,49,4701,97.0,1
20220507,18651,20190621,20180817,20230817,4214,23696,252885,44.0,32,4214,20.0,1
20190606,20131,20151218,20151120,20201120,0,19488,263793,4.0,51,4396,23.0,1
20211013,23752,20180216,20170616,20220616,57520,32873,345146,35.0,60,5752,97.0,0
20220425,21879,20180817,20180119,20230119,0,27226,371842,30.0,33,6197,50.0,1
20220125,22048,20171117,20171117,20221117,24240,27724,242446,0.0,55,4040,69.0,0
20220402,8482,20210326,20200821,20250821,7140,10656,107152,31.0,37,2000,62.0,0
20210610,19277,20180420,20171117,20221117,9518,19953,285598,22.0,57,4759,10.0,1
20210903,26798,20170721,20161021,20211021,7422,37688,445360,39.0,36,7422,97.0,1
20190717,21979,20170120,20151120,20201120,14690,26847,440714,61.0,43,7345,62.0,1
20220507,11489,20201120,20200221,20250221,3246,19041,194819,39.0,23,3246,9.0,1
20200110,18451,20171117,20161021,20211021,32148,20528,214348,56.0,50,3572,50.0,0
20211213,26475,20211119,20170120,20220120,0,33088,384069,252.0,39,6401,50.0,1
20170504,10072,20160923,20151120,20201120,21050,10000,126327,44.0,33,2105,58.0,0
20220512,28626,20180420,20161216,20211216,6516,27609,390964,70.0,31,6516,53.0,1
20210428,26309,20180720,20160715,20210715,56250,31068,375005,105.0,46,6250,53.0,0
20210128,29696,20161021,20151120,20201120,5777,26892,346669,48.0,31,5777,65.0,1
20220506,17290,20190816,20181116,20231116,0,17288,320249,39.0,47,5337,97.0,1
20220602,14117,20200918,20190816,20240816,4216,28831,252965,57.0,32,4216,62.0,1
20210827,27926,20170421,20160715,20210715,11996,32088,359884,40.0,33,5998,50.0,1
20220602,21879,20200417,20180119,20230119,0,40308,521036,117.0,53,8683,28.0,1
20200413,5678,20191220,20190426,20240426,18192,15615,136469,34.0,34,2274,97.0,0
20220602,16777,20191220,20190118,20240118,8628,23118,258887,48.0,30,4314,62.0,1
20200615,14285,20181116,20171215,20221215,25008,19965,187576,48.0,22,3126,23.0,0
20170522,10072,20161216,20151120,20201120,10530,5640,70209,56.0,38,2000,28.0,0
20220526,23861,20180720,20170915,20220915,30605,36315,367268,44.0,21,6121,23.0,0
20200204,14953,20181116,20170616,20220616,25560,22567,255644,74.0,39,4260,50.0,0
20220501,24621,20180518,20170915,20220915,5197,35506,311841,35.0,22,5197,56.0,1
20190704,7747,20180119,20171117,20221117,0,23109,450134,9.0,42,7502,68.0,1
20220504,10202,20210122,20200515,20250515,8690,22911,260720,36.0,28,4345,97.0,1
20220601,21416,20181116,20180316,20230316,12302,41649,369090,35.0,26,6151,17.0,1
20220510,21795,20190621,20180316,20230316,16554,37264,496646,66.0,43,8277,97.0,1
20220513,18195,20190621,20180921,20230921,4772,15680,286340,39.0,37,4772,45.0,1
20220524,23193,20180921,20171117,20221117,10042,28686,301267,44.0,38,5021,42.0,1
20220515,25583,20180216,20170616,20220616,12190,25953,365757,35.0,40,6095,64.0,1
20210927,23838,20180216,20170421,20220421,31888,17585,239213,43.0,41,3986,15.0,0
20170915,11988,20170317,20151120,20201120,14604,12644,146058,69.0,26,2434,58.0,0
20220513,22998,20180518,20171020,20221020,12798,31780,383945,30.0,27,6399,97.0,1
20220603,14117,20200417,20190816,20240816,13660,21113,409850,35.0,30,6830,97.0,1
20220303,20032,20190621,20180615,20230615,3702,18906,222137,53.0,31,3702,53.0,1
20200106,12135,20180817,20171117,20221117,19306,9024,165526,39.0,24,2758,5.0,0
20201201,29281,20161216,20151120,20201120,0,21569,301340,56.0,25,5022,50.0,1
20190930,22861,20161118,20151120,20201120,34713,19747,231437,52.0,33,3857,50.0,0
20220516,22814,20180420,20171215,20221215,12476,35694,374294,18.0,25,6238,28.0,1
20220601,8058,20210528,20201016,20251016,0,9972,140594,32.0,46,2343,10.0,1
20220504,17741,20190719,20181019,20231019,15474,27448,464247,39.0,33,7737,97.0,1
20200910,2568,20200515,20200515,20250515,14910,8481,89482,0.0,24,2000,62.0,0
20220103,27860,20180316,20161216,20211216,5975,33556,358517,65.0,68,5975,69.0,1
20220513,10680,20201016,20200221,20250221,2733,9921,164014,34.0,53,2733,118.0,1
20220602,21333,20190215,20180316,20230316,4882,26739,292976,48.0,63,4882,69.0,1
20220525,8482,20210618,20200821,20250821,0,15195,176849,43.0,32,2947,28.0,1
20220506,19949,20190315,20180615,20230615,12992,22464,389803,39.0,22,6496,23.0,1
20210513,14709,20190517,20180817,20230817,52024,30961,390215,39.0,24,6503,97.0,0
20220503,15446,20200221,20190426,20240426,9886,34173,296610,43.0,46,4943,50.0,1
20180404,15244,20151120,20151120,20201120,22225,18567,266746,0.0,50,4445,68.0,0
20180327,14782,20161216,20151120,20201120,17227,11425,147674,56.0,31,2461,94.0,0
20220512,22345,20190118,20171215,20221215,6335,27506,380131,57.0,52,6335,50.0,1
20190130,19322,20151120,20151120,20201120,14310,10983,95405,0.0,50,2000,5.0,0
20220603,6793,20211015,20210122,20260122,0,15211,169339,38.0,38,2822,28.0,1
20220430,22724,20180817,20171215,20221215,0,37082,383889,35.0,49,6398,38.0,1
20220429,29114,20170421,20160715,20210715,12400,42583,372010,40.0,77,6200,117.0,1
20220601,6414,20210618,20201218,20251218,2532,8436,151938,26.0,36,2532,42.0,1
20220601,14117,20200320,20190816,20240816,0,27653,308102,31.0,48,5135,50.0,1
20220427,20650,20181221,20180316,20230316,0,29496,330189,40.0,23,5503,58.0,1
20220422,25016,20171215,20170421,20220421,6061,24944,363678,34.0,33,6061,5.0,1
20191206,24166,20161118,20151120,20201120,19495,23989,233946,52.0,44,3899,50.0,0
20220530,15510,20191018,20190315,20240315,11252,25073,337619,31.0,43,5626,62.0,1
20180705,4164,20180316,20171215,20221215,23408,15574,200679,13.0,43,3344,10.0,0
20210128,23047,20170818,20161216,20211216,8373,53506,502413,35.0,27,8373,97.0,1
20201202,18728,20180720,20170721,20220721,22295,14952,191122,52.0,27,3185,15.0,0
20220531,26549,20171215,20170519,20220519,0,33560,425132,30.0,24,7085,50.0,1
20220511,16398,20191220,20190118,20240118,8226,26270,246833,48.0,47,4113,28.0,1
20190722,12874,20171020,20170421,20220421,14084,13712,120764,26.0,33,2012,97.0,0
20220416,28245,20171117,20161216,20211216,23840,31805,286139,48.0,37,4768,50.0,0
20220502,26170,20190426,20170421,20220421,4517,19703,271074,105.0,38,4517,58.0,1
20220601,18574,20190719,20180921,20230921,6015,39196,360905,43.0,32,6015,80.0,1
20190402,20131,20151218,20151120,20201120,26826,20347,268267,4.0,46,4471,117.0,0
20220528,12415,20200515,20191018,20241018,3462,17984,207773,30.0,30,3462,117.0,1
20200904,27501,20170120,20151218,20201218,37420,21863,224558,57.0,34,3742,38.0,0
20220602,12356,20201218,20191220,20241220,5622,15929,168672,52.0,52,2811,62.0,1
20211222,26973,20171215,20170120,20220120,12430,33358,372910,47.0,53,6215,97.0,1
20201001,24849,20160520,20160520,20210520,9194,21629,275859,0.0,26,4597,77.0,1
20220125,7338,20200918,20200821,20250821,0,6028,80858,4.0,31,2000,6.0,0
20220603,9338,20210528,20200619,20250619,3940,9661,118252,49.0,34,2000,50.0,1
20220528,20494,20180518,20180518,20230518,0,21487,310958,0.0,56,5182,50.0,1
20220511,28127,20180615,20161216,20211216,5208,20367,312494,78.0,18,5208,97.0,1
20220505,25687,20171020,20170519,20220519,0,31781,339500,22.0,27,5658,58.0,1
20220531,24621,20180720,20170915,20220915,0,21071,256783,44.0,36,4279,97.0,1
20190820,15272,20171215,20161216,20211216,20952,11005,139722,52.0,35,2328,26.0,0
20220214,20113,20190118,20180518,20230518,0,24563,274168,35.0,27,4569,126.0,1
20220401,28506,20171020,20161216,20211216,11060,34556,331810,44.0,35,5530,50.0,1
20220503,20411,20190215,20180615,20230615,4712,22937,282745,35.0,33,4712,97.0,1
20220509,24242,20180518,20170915,20220915,0,33161,293015,35.0,28,4883,50.0,1
20211116,25596,20180119,20170217,20220217,0,24212,308939,48.0,31,5148,53.0,1
20220603,12794,20200717,20191018,20241018,3259,22628,195553,39.0,35,3259,0.0,1
20220603,10630,20210122,20200417,20250417,5344,15286,160347,40.0,39,2672,28.0,1
20220603,18574,20191018,20180921,20230921,3949,12906,236997,56.0,56,3949,35.0,1
20220513,27361,20170818,20161216,20211216,0,18764,284379,35.0,30,4739,53.0,1
20200204,17876,20170818,20161216,20211216,0,23050,299117,35.0,45,4985,53.0,1
20180112,13341,20151218,20151218,20201218,9994,29516,299847,0.0,41,4997,97.0,1
20220601,22258,20181221,20180119,20230119,4695,26470,281734,48.0,25,4695,97.0,1
20211201,26475,20180518,20170120,20220120,4852,25893,291178,69.0,41,4852,97.0,1
20210308,27437,20170721,20160415,20210415,0,31174,309454,66.0,67,5157,23.0,1
20220524,23764,20181019,20170915,20220915,0,27142,300597,57.0,35,5009,23.0,1
20220601,7214,20220218,20201218,20251218,1746,11741,104762,61.0,31,2000,53.0,1
20220518,25306,20171215,20170519,20220519,12048,30523,361474,30.0,42,6024,75.0,1
20210507,16553,20190215,20180518,20230518,10340,17970,155116,39.0,27,2585,23.0,0
20220306,34756,20160115,20151218,20201218,8114,17865,243467,4.0,45,4057,126.0,1
20220514,18195,20190517,20180921,20230921,5110,21131,306615,34.0,34,5110,48.0,1
20220523,25687,20180720,20170519,20220519,4714,28675,282873,61.0,44,4714,59.0,1
20201112,15932,20181116,20180119,20230119,37814,26765,324146,43.0,44,5402,23.0,0
20220603,14117,20200417,20190816,20240816,5878,18508,176349,35.0,31,2939,63.0,1
20220603,14117,20191018,20190816,20240816,0,19474,211153,9.0,43,3519,81.0,1
20220503,14117,20200221,20190816,20240816,2675,12388,160539,27.0,21,2675,101.0,1
20220503,8482,20210326,20200821,20250821,3282,9217,98471,31.0,34,2000,63.0,1
20210324,29999,20161021,20151218,20201218,5086,19197,305161,44.0,27,5086,126.0,1
20220513,22814,20180420,20171215,20221215,0,21906,255777,18.0,38,4262,23.0,1
20201026,14120,20180720,20180319,20230319,25209,16460,168082,17.5714285714286,42,2801,52.0,0
20220511,8103,20210416,20200821,20250821,0,8693,112678,34.0,25,2000,25.0,1
20220329,16842,20190920,20181221,20231221,9642,28286,289313,39.0,36,4821,126.0,1
20220528,11977,20200221,20191220,20241220,2735,11514,164103,9.0,47,2735,10.0,1
20220517,22345,20180817,20180119,20230119,0,23552,214089,30.0,31,3568,50.0,1
20220602,15446,20200821,20190426,20240426,5586,14350,167588,69.0,24,2793,97.0,1
20220509,18195,20191220,20180921,20230921,7156,13004,214688,65.0,52,3578,118.0,1
20220222,27745,20171215,20170120,20220120,4738,26207,284302,47.0,28,4738,58.0,1
20210217,20521,20180518,20170519,20220519,35217,19135,234814,52.0,34,3913,85.0,0
20220602,24143,20180817,20171020,20221020,10126,27687,303802,43.0,65,5063,69.0,1
20220504,22724,20180420,20180119,20230119,5374,24694,322491,13.0,32,5374,42.0,1
20211207,20262,20181116,20180316,20230316,0,29701,315812,35.0,24,5263,53.0,1
20220601,21795,20190621,20180316,20230316,4530,31521,271813,66.0,52,4530,45.0,1
20201110,10429,20190426,20181221,20231221,9845,9297,118198,18.0,18,2000,23.0,0
20220602,7214,20210820,20201218,20251218,0,7233,87083,35.0,27,2000,1.0,1
20211201,26973,20170721,20170120,20220120,0,29698,323630,26.0,33,5393,68.0,1
20220601,23193,20190118,20171215,20221215,4687,16910,281227,57.0,33,4687,5.0,1
20220531,9823,20201120,20200515,20250515,4556,9663,136683,27.0,37,2278,62.0,1
20220603,13297,20190920,20190920,20240920,8998,13999,269948,0.0,27,4499,97.0,1
20210929,15863,20190621,20180921,20230921,20740,22478,248897,39.0,29,4148,62.0,0
20220102,20650,20190118,20180316,20230316,18140,17372,217737,44.0,25,3628,45.0,0
20220510,32194,20170317,20160415,20210415,0,25263,316775,48.0,36,5279,68.0,1
20211004,20878,20190118,20171117,20221117,8626,19931,258793,61.0,48,4313,14.0,1
20220602,23193,20180921,20171117,20221117,6506,29253,390380,44.0,36,6506,97.0,1
20220531,16842,20190816,20190118,20240118,8120,22915,243643,30.0,38,4060,59.0,1
20220602,23193,20181019,20171117,20221117,10298,26546,308941,48.0,52,5149,69.0,1
20220107,27361,20170915,20170120,20220120,0,19414,366960,34.0,41,6116,106.0,1
20220602,25687,20180216,20170519,20220519,0,36096,319055,39.0,57,5317,18.0,1
20220328,25687,20180119,20170616,20220616,0,32352,334596,31.0,27,5576,48.0,1
20191220,23647,20161118,20151218,20201218,14855,18072,178307,48.0,34,2971,13.0,0
20180103,13341,20161021,20151218,20201218,24960,19013,187230,44.0,35,3120,58.0,0
20220512,15510,20200515,20190426,20240426,7116,20105,213509,55.0,35,3558,52.0,1
20200804,27078,20161118,20151218,20201218,5420,18736,325211,48.0,69,5420,50.0,1
20210705,25996,20180316,20161021,20211021,42329,34975,362851,73.0,63,6047,28.0,0
20220602,17669,20190719,20181116,20231116,12616,35602,378489,35.0,33,6308,85.0,1
20220516,18651,20190719,20180817,20230817,9704,20525,291127,48.0,47,4852,97.0,1
20200703,16139,20180921,20170915,20220915,38330,15917,229991,53.0,40,3833,97.0,0
20220308,27629,20180817,20170120,20220120,7482,28553,448945,82.0,48,7482,50.0,1
20190828,21901,20170217,20151218,20201218,26608,28291,399125,61.0,62,6652,80.0,0
20220603,10630,20210122,20200417,20250417,2904,11934,174275,40.0,40,2904,50.0,1
20210513,15628,20180921,20180615,20230615,39472,34352,296069,14.0,31,4934,50.0,0
20220502,20873,20190315,20180420,20230420,0,30719,357055,47.0,54,5950,45.0,1
20220531,22814,20181116,20171215,20221215,5957,39984,357467,48.0,42,5957,97.0,1
20220602,13738,20201120,20190816,20240816,8054,19700,241627,66.0,51,4027,35.0,1
20180409,12163,20161216,20160520,20210520,27950,13840,167710,30.0,36,2795,50.0,0
20210312,29999,20160219,20151218,20201218,11458,23985,343741,9.0,48,5729,15.0,1
20190630,12432,20171117,20170421,20220421,12708,11986,190656,30.0,20,3177,50.0,0
20211110,27082,20171215,20161216,20211216,6322,27371,379340,52.0,21,6322,126.0,1
20220503,18804,20190719,20180615,20230615,0,13490,256349,57.0,49,4272,97.0,1
20220530,23666,20190215,20171117,20221117,0,26049,320890,65.0,20,5348,96.0,1
20220401,4722,20191220,20191220,20241220,8310,3519,49880,0.0,29,2000,63.0,0
20220514,18651,20190315,20180817,20230817,11348,31018,340475,30.0,28,5674,76.0,1
20200724,21027,20161118,20161021,20211021,6117,28821,367037,4.0,39,6117,50.0,1
20220502,23666,20180817,20171117,20221117,7682,40544,460933,39.0,34,7682,97.0,1
20220603,17669,20190621,20181116,20231116,0,40874,412749,31.0,36,6879,97.0,1
20220602,15889,20200117,20190315,20240315,0,14281,269278,44.0,42,4487,50.0,1
20220602,8909,20210219,20200717,20250717,2875,16412,172508,31.0,34,2875,20.0,1
20211008,32820,20171020,20151218,20201218,12292,29514,368769,96.0,48,6146,58.0,1
20180818,12976,20180921,20160715,20210715,11278,36772,338388,114.0,42,5639,28.0,1
20220603,10202,20210618,20200515,20250515,7174,16589,215221,57.0,25,3587,72.0,1
20211220,30016,20171117,20160617,20210617,13792,39876,413787,74.0,27,6896,121.0,1
20180731,12520,20170616,20160617,20210617,15808,22980,237139,52.0,46,3952,51.0,0
20201006,21792,20161216,20161216,20211216,10954,19528,328640,0.0,27,5477,47.0,1
20211128,26582,20180720,20170120,20220120,0,56540,544938,78.0,44,9082,58.0,1
20220601,11921,20200619,20200117,20250117,3192,15547,191570,22.0,44,3192,68.0,1
20220603,17669,20190118,20181116,20231116,18574,28780,557232,9.0,49,9287,53.0,1
20200825,27078,20170217,20151218,20201218,0,37307,396834,61.0,26,6613,28.0,1
20220602,26549,20180615,20170421,20220421,0,27386,373918,60.0,48,6231,69.0,1
20220603,23764,20180817,20171020,20221020,0,23600,366341,43.0,30,6105,125.0,1
20220502,12356,20200821,20191115,20241115,7526,19604,225794,40.0,22,3763,125.0,1
20210827,18684,20180817,20180316,20230316,23874,13426,238755,22.0,52,3979,119.0,0
20220422,22814,20180720,20171117,20221117,6137,31881,368226,35.0,38,6137,53.0,1
20210305,29999,20180216,20151218,20201218,0,28438,371126,113.0,50,6185,42.0,1
20210429,18939,20181116,20171117,20221117,46120,23642,345905,52.0,26,5765,52.0,0
20220513,18651,20190621,20180817,20230817,5006,25192,300382,44.0,46,5006,52.0,1
20220602,11059,20200717,20200221,20250221,6982,23045,209461,21.0,25,3491,23.0,1
20220518,6374,20211119,20210219,20260219,0,6883,99975,39.0,25,2000,62.0,1
20210125,29177,20161118,20151218,20201218,0,44716,400693,48.0,31,6678,50.0,1
20200420,13424,20171215,20171215,20221215,19265,19504,231198,0.0,28,3853,97.0,0
20220603,18120,20200221,20181019,20231019,5208,16200,312503,70.0,27,5208,13.0,1
20200924,21371,20171117,20161118,20211118,5449,36395,326947,52.0,47,5449,49.0,1
20220428,25404,20180316,20170421,20220421,0,23611,354237,47.0,41,5903,97.0,1
20220405,26549,20180817,20170421,20220421,0,32983,404383,69.0,30,6739,50.0,1
20190102,2697,20180817,20180817,20230817,15795,8029,105337,0.0,70,2000,45.0,0
20210602,18809,20181221,20180119,20230119,6158,22476,369511,48.0,25,6158,62.0,1
20220429,11921,20201218,20191220,20241220,0,19853,257993,52.0,54,4299,50.0,1
20220504,20873,20190517,20180420,20230420,5679,19008,340785,56.0,30,5679,97.0,1
20220602,11059,20200918,20200221,20250221,5656,13260,169728,30.0,56,2828,118.0,1
20220603,23193,20190118,20180119,20230119,10944,30436,328350,52.0,52,5472,85.0,1
20220602,19030,20190315,20180817,20230817,0,17537,298661,30.0,44,4977,114.0,1
20220510,20032,20190426,20180615,20230615,5004,28208,300256,45.0,26,5004,126.0,1
20220502,19030,20190920,20180817,20230817,0,29623,284360,57.0,30,4739,62.0,1
20200922,18915,20180316,20170421,20220421,30009,13684,257234,47.0,36,4287,28.0,0
20211001,15806,20190719,20181019,20231019,45304,44485,388321,39.0,36,6472,10.0,0
20220513,17290,20190215,20181116,20231116,20440,38828,613200,13.0,38,10220,97.0,1
20170829,7407,20160715,20160617,20210617,22211,12375,190408,4.0,34,3173,58.0,0
20180903,10386,20170915,20161216,20211216,12481,11579,107028,39.0,40,2000,69.0,0
20220603,15889,20200221,20190315,20240315,4497,18727,269839,49.0,32,4497,41.0,1
20220603,17221,20190621,20181221,20231221,7402,12799,222075,26.0,35,3701,85.0,1
20210409,29377,20170421,20160219,20210219,10490,28831,314734,61.0,48,5245,97.0,1
20161010,5100,20160318,20160219,20210219,10575,6263,70510,4.0,34,2000,85.0,0
20210519,18465,20171215,20171117,20221117,11080,32531,332409,4.0,60,5540,106.0,1
20220601,18651,20191115,20180817,20230817,6726,19843,201807,65.0,46,3363,50.0,1
20210930,31394,20170217,20160219,20210219,8318,19324,249556,52.0,45,4159,53.0,1
20210705,22554,20180420,20170519,20220519,24044,34931,360687,48.0,51,6011,97.0,0
20220601,23193,20180921,20171117,20221117,0,37455,404724,44.0,50,6745,69.0,1
20220314,13738,20190920,20190816,20240816,4053,18162,243209,5.0,30,4053,126.0,1
20220302,33726,20190426,20160219,20210219,0,22729,246685,166.0,35,4111,45.0,1
20210617,20705,20170915,20170915,20220915,5177,28080,310638,0.0,61,5177,5.0,1
20210222,26004,20170519,20160715,20210715,18432,24683,276496,44.0,45,4608,28.0,0
20220527,20954,20190315,20180316,20230316,11028,19196,330842,52.0,32,5514,17.0,1
20220602,16842,20191115,20190118,20240118,2786,15152,167184,43.0,28,2786,5.0,1
20220602,14117,20200320,20190816,20240816,3958,15971,237495,31.0,47,3958,117.0,1
20180413,12163,20160819,20160415,20210415,19768,15800,148319,18.0,27,2471,50.0,0
20220602,23193,20180316,20171215,20221215,0,16854,271585,13.0,30,4526,50.0,1
20201207,27731,20210122,20160219,20210219,9338,21947,280191,257.0,46,4669,97.0,1
20211118,19872,20190426,20180316,20230316,21160,18879,253975,58.0,48,4232,58.0,0
20220527,21333,20181221,20180316,20230316,4882,23520,292964,40.0,32,4882,38.0,1
20220602,8058,20210528,20201016,20251016,0,10166,105252,32.0,23,2000,52.0,1
20220518,25687,20180316,20170519,20220519,0,29700,298106,43.0,27,4968,5.0,1
20200529,24768,20161021,20160219,20210219,35760,26437,268201,35.0,33,4470,18.0,0
20200811,23492,20160715,20160617,20210617,5200,30618,312011,4.0,28,5200,50.0,1
20211126,19872,20190621,20180316,20230316,20937,18070,179461,66.0,26,2991,52.0,0
20210504,29784,20161216,20160219,20210219,0,28273,283959,43.0,30,4732,97.0,1
20210106,17235,20171117,20171117,20221117,42910,22062,257495,0.0,24,4291,6.0,0
20220602,15889,20191115,20190315,20240315,3371,15522,202318,35.0,41,3371,68.0,1
20220601,24143,20180720,20171020,20221020,5944,28101,356665,39.0,50,5944,45.0,1
20220603,14117,20200918,20190816,20240816,3211,19340,192690,57.0,38,3211,101.0,1
20210128,20108,20180119,20170616,20220616,39992,28246,299946,31.0,26,4999,53.0,0
20220503,18270,20190816,20180817,20230817,3726,22525,223581,52.0,24,3726,50.0,1
20200117,17447,20171020,20170120,20220120,26868,16325,268699,39.0,28,4478,50.0,0
20220603,20411,20190517,20180615,20230615,8838,20453,265178,48.0,23,4419,58.0,1
20210911,20482,20180216,20171215,20221215,5845,18560,350759,9.0,26,5845,50.0,1
20220601,15889,20200515,20190426,20240426,0,14659,213387,55.0,57,3556,45.0,1
20220513,18651,20191220,20180817,20230817,7292,13870,218775,70.0,33,3646,77.0,1
20220512,26047,20161021,20160219,20210219,4302,16744,258176,35.0,37,4302,84.0,1
20190903,21311,20160219,20160219,20210219,18312,26107,274697,0.0,23,4578,47.0,0
20220603,13234,20200417,20190920,20240920,0,14927,203682,30.0,50,3394,26.0,1
20210915,21828,20181019,20171020,20221020,0,24508,291273,52.0,55,4854,45.0,1
20220601,22814,20190315,20171117,20221117,8826,19643,264838,69.0,22,4413,50.0,1
20211231,13914,20191220,20190426,20240426,10895,10739,130771,34.0,35,2179,126.0,0
20220601,20873,20190426,20180518,20230518,5114,16854,306853,49.0,35,5114,11.0,1
20210419,13846,20190517,20180921,20230921,17286,13307,172892,34.0,42,2881,6.0,0
20220103,22048,20181019,20171215,20221215,32634,21173,217563,44.0,35,3626,68.0,0
20211217,24534,20170818,20170616,20220616,4256,15463,255375,9.0,57,4256,45.0,1
20210405,19415,20200619,20171020,20221020,3520,23201,211237,139.0,31,3520,97.0,1
20190114,6860,20181019,20171215,20221215,8640,6744,64803,44.0,31,2000,50.0,0
20220531,20873,20190315,20180518,20230518,4393,26168,263632,43.0,26,4393,126.0,1
20220601,11059,20200221,20200221,20250221,2236,15232,134180,0.0,26,2236,52.0,1
20211215,24050,20181221,20170616,20220616,6652,31632,399169,79.0,50,6652,97.0,1
20220601,14117,20200320,20190816,20240816,6750,18942,202559,31.0,38,3375,50.0,1
20220511,22814,20181116,20171215,20221215,0,17366,246660,48.0,43,4111,80.0,1
20220530,21795,20190215,20180316,20230316,8452,25699,253577,48.0,51,4226,28.0,1
20210811,19614,20181116,20180119,20230119,20840,21911,250084,43.0,29,4168,58.0,0
20220506,21795,20190517,20180420,20230420,11636,31519,349095,56.0,30,5818,50.0,1
20220601,22345,20181116,20180119,20230119,4049,19883,242989,43.0,26,4049,121.0,1
20220603,8058,20210820,20201016,20251016,0,9898,107094,44.0,36,2000,11.0,1
20220520,19570,20181116,20180615,20230615,4670,18635,280223,22.0,49,4670,97.0,1
20220502,25583,20180518,20170616,20220616,0,27043,255936,48.0,26,4265,5.0,1
20211203,19340,20190426,20180420,20230420,9614,21994,288451,53.0,33,4807,91.0,1
20220603,22258,20190315,20180119,20230119,4990,24821,299405,60.0,29,4990,45.0,1
20220602,24823,20180216,20170616,20220616,5411,26195,324691,35.0,36,5411,83.0,1
20191130,14146,20180615,20170616,20220616,20384,20239,174737,52.0,35,2912,110.0,0
20220602,6374,20210924,20210219,20260219,1791,8318,107462,31.0,21,2000,50.0,1
20211024,4059,20210618,20210219,20260219,11820,4432,70940,17.0,28,2000,28.0,0
20191203,22616,20160520,20160219,20210219,19172,20757,287622,13.0,40,4793,42.0,0
20220527,17290,20181116,20181116,20231116,12638,23891,379149,0.0,54,6319,58.0,1
20191018,21750,20160219,20160219,20210219,0,21701,364325,0.0,50,6072,28.0,1
20220601,10630,20200619,20200417,20250417,8712,23580,261415,9.0,74,4356,97.0,1
20210520,29784,20170317,20160219,20210219,0,34949,424022,56.0,56,7067,58.0,1
20200612,10122,20190517,20180817,20230817,20310,13159,121894,39.0,33,2031,97.0,0
20220602,15889,20200221,20190315,20240315,14104,36212,423132,49.0,38,7052,28.0,1
20220531,11977,20200821,20191220,20241220,6488,16241,194641,35.0,54,3244,117.0,1
20220509,16333,20200117,20190315,20240315,9322,15023,279681,44.0,52,4661,68.0,1
20200710,25623,20161118,20160219,20210219,12672,24098,380185,39.0,69,6336,5.0,1
20210630,15114,20190517,20180817,20230817,23690,21033,284291,39.0,32,4738,38.0,0
20181018,13881,20170317,20160715,20210715,17874,14218,178767,35.0,23,2979,79.0,0
20201207,23135,20170818,20161021,20211021,52677,28756,351238,43.0,30,5853,5.0,0
20220301,22345,20180420,20180119,20230119,0,36048,400219,13.0,63,6670,69.0,1
20200228,23475,20160819,20160219,20210219,12648,34738,379479,26.0,45,6324,5.0,1
20220527,17290,20190621,20181116,20231116,8754,16092,262671,31.0,26,4377,50.0,1
20220603,17221,20191115,20181221,20231221,0,27837,335277,47.0,33,5587,52.0,1
20200207,10243,20191018,20180420,20230420,22599,16751,150696,78.0,28,2511,97.0,0
20220228,25789,20190215,20170421,20220421,5699,37174,341996,95.0,57,5699,97.0,1
20220422,22998,20211015,20171020,20221020,11674,27870,350247,208.0,48,5837,23.0,1
20220602,18574,20180921,20180921,20230921,12480,71878,748818,0.0,61,12480,61.0,1
20220328,11977,20201120,20191220,20241220,0,21674,243512,48.0,24,4058,85.0,1
20220502,7679,20210528,20201016,20251016,2563,17250,153793,32.0,47,2563,97.0,1
20220508,15510,20200117,20190315,20240315,7776,22639,233324,44.0,27,3888,20.0,1
20190719,20429,20160617,20160219,20210219,13588,24279,407684,17.0,54,6794,69.0,1
20220601,19030,20181019,20180817,20230817,13072,34366,392217,9.0,46,6536,116.0,1
20170710,9484,20170217,20160219,20210219,9060,5037,90631,52.0,40,2000,126.0,0
20220601,11921,20200320,20191220,20241220,7586,12722,227607,13.0,43,3793,63.0,1
20210504,29784,20161118,20160219,20210219,5422,26612,325343,39.0,48,5422,50.0,1
20220520,20494,20190315,20180420,20230420,5384,27487,323050,47.0,33,5384,97.0,1
20220512,20494,20181221,20180420,20230420,5451,21575,327063,35.0,38,5451,97.0,1
20220517,25789,20171020,20170421,20220421,13774,37848,413225,26.0,33,6887,5.0,1
20201025,22296,20170915,20161118,20211118,24152,29136,362311,43.0,35,6038,121.0,0
20220429,26549,20180316,20170421,20220421,0,17291,307681,47.0,53,5128,85.0,1
20220601,12356,20210219,20191220,20241220,6298,14723,188982,61.0,44,3149,35.0,1
20220516,14182,20191115,20190621,20240621,0,24438,290784,21.0,33,4846,37.0,1
20220601,15446,20200320,20190426,20240426,6979,28836,418789,47.0,26,6979,125.0,1
20220602,18651,20190920,20180817,20230817,0,27617,318331,57.0,26,5305,53.0,1
20220513,22345,20190315,20180119,20230119,11656,27570,349730,60.0,40,5828,58.0,1
20220601,8103,20210326,20200821,20250821,2479,12158,148776,31.0,59,2479,5.0,1
20220525,19340,20190426,20180420,20230420,17520,19753,262858,53.0,25,4380,23.0,0
20220601,5995,20210528,20210219,20260219,1758,10430,105511,14.0,43,2000,85.0,1
20171108,8313,20170721,20160715,20210715,7815,9945,93805,53.0,29,2000,97.0,0
20181027,10340,20170818,20170120,20220120,24939,13597,166283,30.0,42,2771,46.0,0
20220316,26170,20180119,20170421,20220421,12218,26914,366544,39.0,41,6109,50.0,1
20180426,8595,20171215,20161216,20211216,11030,11504,132415,52.0,23,2206,5.0,0
20191104,14629,20170421,20170421,20220421,20185,17277,242250,0.0,28,4037,47.0,0
20220603,15004,20191220,20190621,20240621,8348,22398,250447,26.0,27,4174,50.0,1
20210504,27229,20180216,20160617,20210617,35604,21290,237366,87.0,57,3956,97.0,0
20210301,18057,20190118,20171117,20221117,0,45979,483779,61.0,45,8062,5.0,1
20220516,18195,20200117,20180921,20230921,10230,23969,306920,69.0,29,5115,106.0,1
20220525,15954,20190315,20190315,20240315,9770,26907,293131,0.0,52,4885,58.0,1
20220602,15954,20191018,20190315,20240315,9174,23322,275227,31.0,37,4587,42.0,1
20200320,23903,20170120,20160219,20210219,0,20880,395674,48.0,36,6594,50.0,1
20220601,20494,20190517,20180518,20230518,5410,23271,324649,52.0,43,5410,38.0,1
20211214,21660,20171117,20171117,20221117,19624,64684,588727,0.0,53,9812,68.0,1
20210802,27926,20180518,20160715,20210715,0,33033,459314,96.0,41,7655,68.0,1
20220531,29005,20171020,20161216,20211216,0,34729,385269,44.0,25,6421,58.0,1
20220502,11977,20200717,20191115,20241115,0,13820,187905,35.0,47,3131,62.0,1
20160901,4596,20160318,20160219,20210219,6684,6678,66894,4.0,47,2000,58.0,0
20220506,23193,20181116,20171117,20221117,0,24688,335604,52.0,30,5593,58.0,1
20220402,26066,20180216,20170519,20220519,13658,33699,409767,39.0,61,6829,69.0,1
20220602,18574,20201218,20180921,20230921,9378,25189,281395,117.0,44,4689,29.0,1
20201215,16819,20180216,20171215,20221215,28908,47612,433635,9.0,51,7227,111.0,0
20210511,12901,20190315,20190118,20240118,18480,11338,110924,8.0,62,2000,50.0,0
20220429,25583,20190426,20170616,20220616,13860,31528,415843,97.0,48,6930,97.0,1
20220516,31170,20171020,20160715,20210715,0,26135,239273,66.0,26,3987,115.0,1
20220601,21416,20190118,20180316,20230316,0,20987,241446,44.0,43,4024,80.0,1
20210219,28559,20161118,20160219,20210219,26352,23588,263544,39.0,50,4392,85.0,0
20200921,26471,20170217,20160219,20210219,15628,16686,234454,52.0,24,3907,15.0,0
20220601,8482,20210528,20200918,20250918,0,12875,122861,36.0,27,2047,85.0,1
20220531,25687,20180720,20170616,20220616,10542,16683,316273,57.0,40,5271,117.0,1
20210609,19277,20190215,20171117,20221117,11174,35528,335251,65.0,30,5587,95.0,1
20220603,26066,20180817,20170616,20220616,11150,37483,334522,61.0,24,5575,18.0,1
20220530,25204,20180921,20170616,20220616,0,17030,325418,66.0,55,5423,46.0,1
20220411,11542,20200918,20191220,20241220,0,14587,146096,39.0,28,2434,28.0,1
20220527,13738,20190920,20190816,20240816,0,14870,144896,5.0,28,2414,4.0,1
20220602,17221,20191018,20181221,20231221,3985,25776,239108,43.0,49,3985,52.0,1
20220603,6793,20211227,20201218,20251218,1483,9676,89029,53.4285714285714,45,2000,45.0,1
20211022,23752,20180316,20170616,20220616,15808,25597,474261,39.0,55,7904,53.0,1
20210416,28865,20160819,20160219,20210219,13910,45817,417341,26.0,54,6955,69.0,1
20210921,31394,20161216,20160219,20210219,5296,36149,317773,43.0,35,5296,50.0,1
20220228,22906,20180420,20171117,20221117,43096,31309,323253,22.0,50,5387,58.0,0
20220603,8058,20210528,20201016,20251016,1838,9700,110304,32.0,54,2000,62.0,1
20200803,26047,20160219,20160219,20210219,6632,38396,397955,0.0,52,6632,53.0,1
20220601,17669,20200417,20181221,20231221,7748,16288,232497,69.0,37,3874,101.0,1
20201001,26892,20170217,20160219,20210219,10990,28185,329709,52.0,29,5495,40.0,1
20210329,12086,20190816,20190118,20240118,29728,15987,222976,30.0,31,3716,117.0,0
20220121,24438,20180216,20170616,20220616,11900,30024,357011,35.0,26,5950,76.0,1
20201002,11817,20190517,20180817,20230817,28140,10424,168861,39.0,49,2814,97.0,0
20211229,17497,20190719,20180817,20230817,3272,16876,196330,48.0,30,3272,23.0,1
20220603,17221,20190816,20181221,20231221,4273,19266,256428,34.0,34,4273,85.0,1
20220513,23193,20180720,20171117,20221117,0,28097,301348,35.0,38,5022,50.0,1
20220602,19266,20180720,20180615,20230615,3374,16399,202498,5.0,39,3374,45.0,1
20220601,23383,20190118,20171020,20221020,0,22903,276602,65.0,47,4610,97.0,1
20220401,25583,20180921,20170616,20220616,11296,25192,338933,66.0,63,5648,97.0,1
20220602,14117,20200515,20190816,20240816,5580,13865,167427,39.0,56,2790,58.0,1
20220601,20411,20180615,20180615,20230615,11104,32445,333171,0.0,34,5552,68.0,1
20220510,20411,20190315,20180615,20230615,0,30789,300227,39.0,40,5003,97.0,1
20220603,25583,20180720,20170616,20220616,6049,26461,362961,57.0,26,6049,96.0,1
20220503,20954,20180921,20180316,20230316,4193,17362,251615,27.0,44,4193,50.0,1
20200121,4831,20191018,20190315,20240315,5835,4882,70034,31.0,40,2000,62.0,0
20210614,28969,20161216,20160219,20210219,4099,26828,245959,43.0,35,4099,11.0,1
20220601,6374,20211015,20210219,20260219,2520,6865,75614,34.0,35,2000,53.0,1
20210517,18872,20181019,20171117,20221117,21846,24802,218496,48.0,27,3641,97.0,0
20210617,11974,20191115,20190315,20240315,26622,12503,177518,35.0,40,2958,62.0,0
20220602,14117,20200417,20190816,20240816,2763,12352,165819,35.0,50,2763,23.0,1
20220518,12356,20201120,20191220,20241220,2515,8257,150900,48.0,37,2515,126.0,1
20220412,20113,20181019,20180420,20230420,8120,24463,243645,26.0,64,4060,97.0,1
20170503,8010,20160415,20160219,20210219,11781,11307,101024,8.0,35,2000,53.0,0
20220503,17221,20190621,20181221,20231221,8848,18591,265496,26.0,55,4424,5.0,1
20220509,22814,20190215,20171215,20221215,5959,21887,357578,61.0,52,5959,97.0,1
20220519,8482,20210716,20200918,20250918,11100,6608,111050,43.0,23,2000,62.0,0
20220502,26549,20180216,20170616,20220616,5181,22656,310886,35.0,40,5181,28.0,1
20220531,16842,20190426,20190118,20240118,0,22420,289599,14.0,43,4826,50.0,1
20220603,23193,20180720,20171215,20221215,3913,15570,234805,31.0,62,3913,97.0,1
20211201,26973,20170915,20170120,20220120,8752,53401,525140,34.0,41,8752,68.0,1
20200318,17807,20170217,20170120,20220120,40360,17669,242206,4.0,45,4036,50.0,0
20220601,25204,20180817,20170616,20220616,4829,21719,289792,61.0,37,4829,50.0,1
20220602,24143,20180720,20171020,20221020,11270,33013,338150,39.0,40,5635,23.0,1
20210831,25395,20171020,20170120,20220120,4681,29905,280860,39.0,31,4681,35.0,1
20220601,6793,20210924,20201218,20251218,0,13057,118136,40.0,54,2000,69.0,1
20220602,11489,20201218,20200221,20250221,4398,14436,131948,43.0,25,2199,126.0,1
20220603,14117,20200821,20190920,20240920,2468,14429,148089,48.0,31,2468,9.0,1
20220420,25204,20180119,20170616,20220616,13194,30248,395869,31.0,37,6597,69.0,1
20220503,12794,20210122,20191220,20241220,0,12777,144405,57.0,35,2406,28.0,1
20220510,7679,20210618,20201016,20251016,2994,9056,89831,35.0,32,2000,35.0,1
20220502,22724,20181221,20171215,20221215,4867,24443,292057,53.0,43,4867,50.0,1
20220602,9769,20210326,20200619,20250619,4418,8234,132560,40.0,56,2209,28.0,1
20220521,21416,20181019,20180316,20230316,0,22869,229287,31.0,41,3821,60.0,1
20220512,7256,20210924,20201120,20251120,0,11966,165507,44.0,27,2758,97.0,1
20210524,29272,20170317,20160318,20210318,13084,32070,392535,52.0,34,6542,97.0,1
20220603,12356,20201218,20191220,20241220,6056,16838,181692,52.0,37,3028,32.0,1
20211214,24143,20170818,20170519,20220519,23638,67314,709199,13.0,43,11819,58.0,1
20170406,7526,20160318,20160318,20210318,15276,16187,152810,0.0,41,2546,97.0,0
20220603,24143,20180817,20171020,20221020,5353,22250,321200,43.0,33,5353,28.0,1
20220522,22814,20181221,20171215,20221215,14136,46863,424083,53.0,28,7068,2.0,1
20220503,29509,20200619,20161021,20211021,4711,27942,282700,191.0,39,4711,91.0,1
20220516,24621,20181019,20170915,20220915,4710,29631,282635,57.0,25,4710,50.0,1
20220602,23193,20180921,20171215,20221215,0,50265,571496,40.0,38,9524,111.0,1
20220525,24242,20180817,20170915,20220915,0,29697,325222,48.0,64,5420,97.0,1
20220516,6414,20211015,20210122,20260122,0,10396,144247,38.0,23,2404,97.0,1
20220601,17669,20190816,20181221,20231221,6519,39941,391199,34.0,58,6519,69.0,1
20220601,12356,20200717,20191220,20241220,0,21365,189260,30.0,38,3154,72.0,1
20211025,31278,20170120,20160318,20210318,5819,20709,349157,44.0,37,5819,97.0,1
20220506,20873,20190315,20180518,20230518,0,29075,313880,43.0,27,5231,97.0,1
20220531,24621,20181019,20170915,20220915,14480,42385,434400,57.0,52,7240,10.0,1
20220509,18651,20190215,20180817,20230817,0,17408,332347,26.0,34,5539,50.0,1
20180424,13182,20170217,20160318,20210318,31048,15842,232874,48.0,23,3881,28.0,0
20220509,24143,20180817,20171020,20221020,6399,29867,383989,43.0,25,6399,50.0,1
20190924,20799,20170217,20160318,20210318,48618,28229,324153,48.0,39,5402,91.0,0
20220512,19109,20190816,20180921,20230921,0,21731,301600,47.0,42,5026,63.0,1
20190925,16212,20170915,20161118,20211118,12635,11204,108359,43.0,28,2000,117.0,0
20220330,25687,20180316,20170519,20220519,0,29559,357284,43.0,44,5954,50.0,1
20220601,24621,20180720,20170915,20220915,6838,30039,410301,44.0,56,6838,45.0,1
20220520,7298,20210528,20200918,20250918,5656,11596,169731,36.0,31,2828,85.0,1
20220602,10630,20201016,20200320,20250320,2848,9391,170893,30.0,51,2848,23.0,1
20220602,23193,20181019,20171117,20221117,6609,27269,396587,48.0,50,6609,97.0,1
20220516,13234,20201120,20191018,20241018,0,15843,193023,57.0,22,3217,52.0,1
20220308,31170,20170616,20160715,20210715,0,26151,365316,48.0,71,6088,51.0,1
20220408,30482,20161216,20160318,20210318,10338,19981,310186,39.0,38,5169,50.0,1
20220601,11921,20200221,20200117,20250117,7334,22908,220074,5.0,51,3667,117.0,1
20210317,28457,20160318,20160318,20210318,18714,61567,561443,0.0,40,9357,30.0,1
20220506,15889,20191018,20190315,20240315,8760,27160,262819,31.0,47,4380,25.0,1
20220516,18651,20181116,20180921,20230921,0,29499,337726,8.0,29,5628,10.0,1
20210106,27219,20170217,20160318,20210318,6757,41593,405439,48.0,58,6757,45.0,1
20220602,17741,20190719,20181019,20231019,9678,20462,290378,39.0,42,4839,45.0,1
20190913,20799,20170616,20160318,20210318,6129,35867,367756,65.0,39,6129,97.0,1
20220506,5995,20211119,20210219,20260219,0,9602,110950,39.0,31,2000,62.0,1
20220603,16333,20191115,20190315,20240315,0,26643,323975,35.0,39,5399,58.0,1
20220221,21964,20180420,20180119,20230119,0,28170,385392,13.0,30,6423,50.0,1
20220603,20873,20181116,20180420,20230420,11852,26140,355608,30.0,71,5926,69.0,1
20220601,17221,20191115,20190118,20240118,5280,22024,316859,43.0,55,5280,68.0,1
20200331,23391,20170519,20160318,20210318,38976,28374,292362,61.0,48,4872,97.0,0
20220531,23287,20181019,20171117,20221117,7002,38176,420154,48.0,36,7002,50.0,1
20220602,14117,20200221,20190816,20240816,4253,26088,255231,27.0,34,4253,102.0,1
20220504,11542,20210122,20200117,20250117,7048,17863,211450,53.0,34,3524,5.0,1
20220602,19030,20190816,20180817,20230817,13934,37568,418055,52.0,53,6967,97.0,1
20220602,5959,20211015,20210319,20260319,0,9451,107666,30.0,49,2000,62.0,1
20210927,30881,20181116,20160318,20210318,20058,22710,200593,139.0,33,3343,50.0,0
20190801,12833,20170519,20170519,20220519,38335,51281,460026,0.0,43,7667,58.0,0
20220602,18574,20190517,20180921,20230921,0,15627,293126,34.0,33,4885,50.0,1
20220507,21795,20190426,20180316,20230316,0,25523,398670,58.0,39,6644,58.0,1
20220301,28626,20180119,20161216,20211216,0,39674,454941,57.0,46,7582,97.0,1
20210312,12985,20190621,20181019,20231019,27872,21823,209049,35.0,33,3484,97.0,0
20220601,6793,20210820,20210122,20260122,2602,11882,156120,30.0,27,2602,5.0,1
20220603,6374,20220120,20210122,20260122,0,8532,114458,51.8571428571429,40,2000,50.0,1
20220601,12356,20201218,20191220,20241220,6784,16960,203574,52.0,56,3392,52.0,1
20210513,22229,20180316,20170519,20220519,37905,17103,324905,43.0,53,5415,113.0,0
20220603,8058,20210618,20200918,20250918,2840,10077,170436,39.0,42,2840,58.0,1
20200304,20835,20160715,20160715,20210715,6500,35350,390034,0.0,33,6500,58.0,1
20211012,10041,20201218,20191220,20241220,8908,12765,133654,52.0,52,2227,50.0,0
20220601,11921,20201218,20200117,20250117,0,21050,195283,48.0,45,3254,48.0,1
20190628,6756,20180518,20180420,20230420,19384,12756,145404,4.0,51,2423,97.0,0
20220509,20873,20180420,20180420,20230420,12600,38134,378050,0.0,28,6300,97.0,1
20180328,12210,20170317,20160318,20210318,27936,18707,186263,52.0,45,3104,85.0,0
20220517,28626,20170818,20161216,20211216,12744,33281,382343,35.0,29,6372,116.0,1
20191223,17517,20170915,20161216,20211216,37180,25458,223139,39.0,34,3718,97.0,0
20220601,15889,20200117,20190315,20240315,8216,20446,246491,44.0,32,4108,107.0,1
20220516,12855,20190920,20190920,20240920,0,23474,329461,0.0,32,5491,11.0,1
20220531,11977,20191220,20191115,20241115,3923,23753,235407,5.0,31,3923,91.0,1
20220427,13738,20200918,20190816,20240816,4578,12682,137359,57.0,22,2289,106.0,1
20220601,23666,20181019,20171117,20221117,0,24642,271002,48.0,28,4516,52.0,1
20220520,18651,20190816,20180817,20230817,7392,14683,221760,52.0,27,3696,117.0,1
20220601,13738,20200417,20190816,20240816,5740,13758,172235,35.0,29,2870,93.0,1
20220107,32448,20170217,20160318,20210318,0,36769,330315,48.0,38,5505,11.0,1
20220602,14117,20200717,20190816,20240816,0,9885,143804,48.0,22,2396,63.0,1
20220513,25583,20181019,20170616,20220616,4615,18504,276913,70.0,45,4615,96.0,1
20201110,26800,20170120,20160318,20210318,10362,24854,310906,44.0,27,5181,117.0,1
20220511,15510,20200117,20190315,20240315,3161,11969,189696,44.0,25,3161,85.0,1
20220501,30789,20170721,20160715,20210715,4576,18641,274617,53.0,32,4576,117.0,1
20211125,25596,20180316,20170217,20220217,6206,30727,372380,56.0,52,6206,126.0,1
20220428,16461,20190215,20190118,20240118,35870,25108,215248,4.0,22,3587,62.0,0
20220503,9769,20210219,20200619,20250619,2236,12420,134160,35.0,44,2236,112.0,1
20190514,19032,20170915,20160318,20210318,12780,14716,153380,78.0,53,2556,103.0,0
20220520,25687,20180518,20170616,20220616,5461,25861,327662,48.0,37,5461,123.0,1
20220504,14117,20191220,20190816,20240816,2680,11475,160804,18.0,27,2680,18.0,1
20220603,12356,20200918,20191220,20241220,2758,14087,165515,39.0,40,2758,50.0,1
20210406,29891,20170721,20160318,20210318,0,38837,453330,70.0,43,7555,126.0,1
20220509,24242,20180720,20170915,20220915,11172,25500,335209,44.0,29,5586,85.0,1
20220603,23193,20181019,20171117,20221117,9208,26214,276261,48.0,59,4604,69.0,1
20220520,19570,20190426,20180615,20230615,0,23077,236478,45.0,46,3941,50.0,1
20220516,21879,20180817,20180119,20230119,5773,30008,346431,30.0,45,5773,62.0,1
20180716,14563,20170421,20160318,20210318,9388,11460,140859,57.0,53,2347,69.0,0
20220503,25583,20180316,20170616,20220616,9792,27218,293796,39.0,34,4896,22.0,1
20220601,18651,20190621,20180817,20230817,5032,21653,301939,44.0,55,5032,20.0,1
20201001,21292,20170217,20170120,20220120,13272,38594,398213,4.0,34,6636,28.0,1
20220513,24621,20180921,20170915,20220915,5187,29136,311254,53.0,33,5187,5.0,1
20211220,20262,20181116,20180316,20230316,7318,21817,219573,35.0,43,3659,121.0,1
20220516,22814,20181221,20171117,20221117,4701,27535,282072,57.0,26,4701,62.0,1
20200121,22534,20170120,20160318,20210318,41760,26312,250565,44.0,28,4176,77.0,0
20220413,9566,20201218,20200221,20250221,7604,8332,114076,43.0,69,2000,69.0,0
20220509,6414,20210820,20201218,20251218,0,6963,76933,35.0,36,2000,121.0,1
20200831,17526,20180518,20170616,20220616,18180,18511,181813,48.0,23,3030,126.0,0
20220517,32448,20170217,20160318,20210318,4684,20004,281055,48.0,37,4684,125.0,1
20220601,22724,20180420,20180119,20230119,0,27294,282186,13.0,26,4703,84.0,1
20220506,13676,20210122,20190920,20240920,5142,12905,154317,70.0,54,2571,52.0,1
20220601,10202,20210326,20200417,20250417,2342,14615,140579,49.0,32,2342,50.0,1
20210621,18809,20180720,20180119,20230119,8657,35165,519426,26.0,49,8657,62.0,1
20200306,23391,20170421,20160318,20210318,11126,34869,333795,57.0,29,5563,106.0,1
20220506,21795,20181019,20180316,20230316,3803,21840,228198,31.0,27,3803,117.0,1
20210525,29272,20170317,20160318,20210318,4336,19137,260166,52.0,27,4336,20.0,1
20220405,17221,20191115,20181221,20231221,6978,16308,209344,47.0,49,3489,15.0,1
20211101,26582,20171020,20170120,20220120,56124,22575,374193,39.0,33,6236,35.0,0
20220601,17814,20190920,20180921,20230921,3224,12932,193442,52.0,32,3224,121.0,1
20220531,25204,20190315,20170616,20220616,4872,22488,292327,91.0,44,4872,18.0,1
20220516,28127,20180119,20170120,20220120,11442,27185,343294,52.0,23,5721,23.0,1
20220103,10344,20201218,20200221,20250221,4406,13260,132204,43.0,19,2203,28.0,1
20220602,25583,20180216,20170616,20220616,0,29148,348704,35.0,47,5811,50.0,1
20211013,31278,20170421,20160318,20210318,37336,21205,280063,57.0,43,4667,1.0,0
20220428,15510,20190719,20190315,20240315,0,11853,184375,18.0,27,3072,107.0,1
20200205,17378,20171215,20170120,20220120,15465,15310,185631,47.0,26,3093,5.0,0
20220602,12794,20200821,20191115,20241115,5626,11921,168785,40.0,55,2813,62.0,1
20220509,17290,20200117,20181116,20231116,3694,22368,221680,61.0,28,3694,52.0,1
20220510,13738,20200320,20190816,20240816,0,17823,187840,31.0,31,3130,85.0,1
20220518,28127,20180216,20170120,20220120,4611,24050,276714,56.0,27,4611,97.0,1
20220523,7256,20210716,20201120,20251120,1588,5515,95336,34.0,34,2000,106.0,1
20180402,13182,20170120,20160318,20210318,11215,9608,134621,44.0,39,2243,97.0,0
20190919,14726,20171020,20170217,20220217,9378,28570,281367,35.0,36,4689,97.0,1
20220602,11489,20210618,20200117,20250117,2628,12186,157735,74.0,52,2628,112.0,1
20220515,15510,20191220,20190426,20240426,3843,21029,230629,34.0,34,3843,76.0,1
20220602,15889,20200221,20190315,20240315,3663,13799,219816,49.0,50,3663,117.0,1
20220504,8103,20210326,20200918,20250918,0,6339,94822,27.0,27,2000,103.0,1
20220504,18574,20190920,20180921,20230921,0,12175,218209,52.0,29,3636,5.0,1
20220514,12356,20210528,20191220,20241220,0,14177,142695,75.0,42,2378,126.0,1
20220506,13234,20200918,20191018,20241018,3050,14000,183008,48.0,31,3050,76.0,1
20200710,25110,20160415,20160318,20210318,9634,20111,289033,4.0,54,4817,7.0,1
20220601,13676,20200821,20190920,20240920,6120,19513,183627,48.0,51,3060,69.0,1
20220117,14744,20191220,20190315,20240315,27232,14668,204284,40.0,42,3404,28.0,0
20220530,18574,20190426,20180921,20230921,4249,23521,254955,31.0,54,4249,117.0,1
20190713,14830,20171117,20170120,20220120,12940,17854,194103,43.0,38,3235,9.0,0
20220602,14117,20200717,20190920,20240920,0,15955,152612,43.0,45,2543,69.0,1
20220602,20873,20190816,20180518,20230518,9746,15607,292383,65.0,60,4873,97.0,1
20180126,11288,20161118,20160415,20210415,9890,11189,118711,31.0,39,2000,96.0,0
20220524,22345,20190118,20180119,20230119,5462,18272,327748,52.0,38,5462,23.0,1
20220311,32703,20170421,20160415,20210415,0,21467,297886,53.0,36,4964,58.0,1
20220603,24621,20180518,20170915,20220915,0,53744,488654,35.0,56,8144,50.0,1
20210419,20855,20180420,20170616,20220616,11166,22568,334985,44.0,35,5583,97.0,1
20210416,28355,20170120,20160415,20210415,7882,32774,472927,40.0,50,7882,53.0,1
20220513,26170,20180518,20170519,20220519,12916,41874,387507,52.0,23,6458,111.0,1
20210929,16319,20190621,20180817,20230817,26250,25843,225009,44.0,44,3750,85.0,0
20180409,8595,20170616,20161118,20211118,9552,7343,71656,30.0,30,2000,85.0,0
20220602,19570,20190621,20180615,20230615,10730,29251,321930,53.0,24,5365,50.0,1
20191101,10338,20180216,20180119,20230119,27216,22354,272196,4.0,61,4536,69.0,0
20210803,29972,20181116,20160415,20210415,0,26066,309646,135.0,31,5160,35.0,1
20211004,22306,20201218,20170915,20220915,73720,33196,552900,170.0,45,9215,106.0,0
20181101,6922,20180720,20170915,20220915,7170,4726,71741,44.0,30,2000,97.0,0
20220504,10630,20210326,20200417,20250417,2064,14412,123844,49.0,46,2064,28.0,1
20220524,18195,20180921,20180921,20230921,0,34899,431842,0.0,62,7197,80.0,1
20220601,8058,20210618,20200918,20250918,0,11238,131389,39.0,28,2189,76.0,1
20200305,19308,20170915,20161118,20211118,40080,20483,240538,43.0,38,4008,50.0,0
20220601,24143,20190426,20171020,20221020,0,37792,386170,79.0,30,6436,97.0,1
20190919,20289,20171020,20160415,20210415,13094,20583,392832,79.0,30,6547,28.0,1
20220514,23287,20180921,20171117,20221117,0,32753,573536,44.0,28,9558,58.0,1
20220602,19949,20210924,20180615,20230615,8634,13951,259023,171.0,51,4317,94.0,1
20220601,22433,20181019,20171215,20221215,13644,36626,409344,44.0,33,6822,47.0,1
20220511,18195,20191220,20180921,20230921,16592,37894,497771,65.0,43,8296,126.0,1
20220310,21416,20190517,20180316,20230316,9536,55157,572176,61.0,34,9536,51.0,1
20220602,7635,20210618,20201120,20251120,0,17725,158972,30.0,30,2649,62.0,1
20210728,12820,20200221,20190315,20240315,20450,20261,245425,49.0,27,4090,78.0,0
20220601,21795,20190816,20180316,20230316,9692,20675,290791,74.0,24,4846,97.0,1
20210415,21339,20180615,20170519,20220519,45440,28073,340851,56.0,29,5680,117.0,0
20200911,17585,20170616,20170519,20220519,36010,35676,432132,4.0,39,7202,50.0,0
20180402,12672,20161216,20160415,20210415,21984,9138,164880,35.0,33,2748,15.0,0
20190930,13273,20180316,20170519,20220519,12832,18488,192528,43.0,42,3208,50.0,0
20200923,21371,20161216,20161216,20211216,17526,39748,525833,0.0,27,8763,97.0,1
20220601,6374,20210924,20210122,20260122,1958,9789,117485,35.0,41,2000,58.0,1
20220503,18120,20190719,20181019,20231019,5010,21159,300620,39.0,20,5010,123.0,1
20220601,18651,20190719,20180817,20230817,0,33160,344153,48.0,57,5735,97.0,1
20220603,12356,20200619,20191115,20241115,7430,18508,222901,31.0,36,3715,97.0,1
20220601,23193,20180720,20171117,20221117,0,36337,398211,35.0,62,6636,69.0,1
20180814,7493,20170519,20170519,20220519,21505,20698,258091,0.0,34,4301,58.0,0
20220602,25687,20180720,20170519,20220519,0,38169,402150,61.0,24,6702,77.0,1
20210414,17067,20190315,20180316,20230316,49450,21951,296710,52.0,26,4945,85.0,0
20220602,10202,20211119,20200515,20250515,5184,14061,155573,79.0,43,2592,50.0,1
20220603,15889,20200221,20190315,20240315,0,23121,255719,49.0,43,4261,68.0,1
20190701,5354,20190315,20180817,20230817,6250,6214,75003,30.0,46,2000,32.0,0
20220503,23193,20180921,20171117,20221117,18118,48452,543546,44.0,26,9059,38.0,1
20220525,8058,20210326,20200918,20250918,3864,11783,115978,27.0,25,2000,69.0,1
20220514,7635,20210924,20201120,20251120,4888,13478,146654,44.0,32,2444,114.0,1
20220602,14117,20200821,20190816,20240816,9084,16969,272561,53.0,50,4542,18.0,1
20220504,11921,20201120,20191220,20241220,0,18086,182449,48.0,33,3040,50.0,1
20220602,22814,20181221,20171215,20221215,12212,39449,366409,53.0,44,6106,5.0,1
20220505,33082,20190426,20160415,20210415,0,18810,316492,158.0,45,5274,97.0,1
20220512,22814,20180720,20171215,20221215,0,33717,433584,31.0,25,7226,58.0,1
20220517,20801,20171215,20171215,20221215,6102,30582,366170,0.0,46,6102,97.0,1
20220531,10630,20211227,20200417,20250417,5628,14800,168863,88.4285714285714,51,2814,29.0,1
20211008,26191,20161216,20161216,20211216,48223,31704,413341,0.0,39,6889,50.0,0
20220602,20873,20190426,20180420,20230420,10892,28807,326781,53.0,26,5446,47.0,1
20200325,14900,20180216,20170721,20220721,13564,14203,203519,30.0,21,3391,32.0,0
20220602,11921,20210716,20191220,20241220,5938,23574,356324,82.0,48,5938,53.0,1
20220301,20494,20180420,20180420,20230420,11412,39033,684762,0.0,75,11412,63.0,1
20220408,24722,20180316,20170721,20220721,0,50796,511575,34.0,51,8526,58.0,1
20220601,12356,20210820,20191220,20241220,6610,15076,198333,87.0,34,3305,68.0,1
20220520,12356,20210219,20191220,20241220,0,34580,299350,61.0,69,4989,69.0,1
20220602,23193,20190215,20171215,20221215,0,25837,370777,61.0,58,6179,80.0,1
20220510,18651,20190719,20180817,20230817,9990,20662,299745,48.0,43,4995,97.0,1
20220601,19949,20200117,20180615,20230615,0,27596,313261,83.0,66,5221,69.0,1
20200929,24939,20161118,20160415,20210415,11598,23632,347966,31.0,35,5799,97.0,1
20211202,17955,20180817,20180817,20230817,0,23557,316532,0.0,30,5275,58.0,1
20201203,26709,20170519,20160415,20210415,23932,27846,359028,57.0,55,5983,50.0,0
20220418,27947,20170519,20160415,20210415,16256,40339,487738,57.0,26,8128,20.0,1
20220510,18195,20180921,20180921,20230921,18738,52072,562156,0.0,40,9369,97.0,1
20210409,27437,20170818,20160415,20210415,7710,31131,462658,70.0,22,7710,68.0,1
20220425,26582,20170721,20161216,20211216,0,47995,519157,31.0,35,8652,45.0,1
20220502,14117,20200417,20190816,20240816,4018,27988,241086,35.0,33,4018,23.0,1
20220602,8482,20210528,20200821,20250821,0,15081,158941,40.0,30,2649,11.0,1
20220504,22258,20190215,20180119,20230119,5777,30264,346669,56.0,38,5777,45.0,1
20220602,8482,20210618,20200821,20250821,2415,14884,144905,43.0,33,2415,62.0,1
20220603,5959,20211119,20210319,20260319,0,9789,108880,35.0,28,2000,121.0,1
20220601,25101,20180216,20170721,20220721,0,36577,418026,30.0,24,6967,85.0,1
20190716,19407,20180615,20160415,20210415,19450,64865,583511,113.0,25,9725,50.0,1
20220419,15510,20200515,20190426,20240426,0,19842,241943,55.0,23,4032,85.0,1
20171227,10825,20160520,20160415,20210415,41990,14499,251941,5.0,39,4199,16.0,0
20220506,18574,20190621,20180921,20230921,12314,36519,369464,39.0,49,6157,34.0,1
20220530,26582,20171117,20161216,20211216,0,35822,410514,48.0,32,6841,97.0,1
20211101,18950,20180921,20180420,20230420,25438,14468,218085,22.0,33,3634,16.0,0
20200215,10243,20190118,20180420,20230420,22950,12904,137754,39.0,32,2295,85.0,0
20200826,25025,20160923,20160415,20210415,16516,25015,247780,23.0,28,4129,100.0,0
20220519,9823,20201016,20200515,20250515,2423,8395,145436,22.0,44,2423,62.0,1
20180326,12210,20170818,20160415,20210415,5620,7719,84358,70.0,28,2000,50.0,0
20220516,22814,20181019,20171215,20221215,9932,18005,298005,44.0,48,4966,50.0,1
20220603,6374,20210924,20210122,20260122,0,8484,86636,35.0,21,2000,77.0,1
20191015,16150,20170120,20170120,20220120,34072,23373,255544,0.0,49,4259,58.0,0
20220602,24621,20180720,20170915,20220915,9308,23902,279293,44.0,46,4654,126.0,1
20190313,17637,20171117,20160415,20210415,11720,7980,87947,83.0,35,2000,58.0,0
20220505,19949,20190816,20180615,20230615,0,22320,228222,61.0,50,3803,28.0,1
20220603,23193,20190118,20171215,20221215,5199,30599,311979,57.0,37,5199,97.0,1
20220601,6793,20211119,20201218,20251218,0,8549,108649,48.0,46,2000,58.0,1
20220602,12356,20200619,20191220,20241220,6084,16161,182549,26.0,55,3042,18.0,1
20220603,14117,20210618,20190816,20240816,7400,11960,222035,96.0,25,3700,58.0,1
20220111,23956,20180420,20170721,20220721,7304,37677,438281,39.0,29,7304,38.0,1
20190507,18522,20160415,20160415,20210415,20940,13922,209426,0.0,52,3490,50.0,0
20220601,23193,20181116,20171215,20221215,0,21923,320031,48.0,62,5333,85.0,1
20210810,7948,20201016,20200221,20250221,10782,10484,107831,34.0,23,2000,9.0,0
20180813,14509,20170317,20160415,20210415,16638,9043,166395,48.0,30,2773,126.0,0
20200707,13313,20190118,20180316,20230316,14814,11250,148194,44.0,20,2469,62.0,0
20220601,17669,20190816,20181116,20231116,8168,37098,490138,39.0,61,8168,35.0,1
20220602,11059,20200515,20200221,20250221,5644,13999,169378,12.0,37,2822,85.0,1
20210524,11568,20191115,20190315,20240315,15700,13578,188457,35.0,52,3140,23.0,0
20220603,22724,20190215,20180119,20230119,0,23031,252824,56.0,26,4213,28.0,1
20220601,21795,20190315,20180316,20230316,6437,41967,386250,52.0,50,6437,42.0,1
20180717,9476,20170915,20170120,20220120,11250,7465,112500,34.0,45,2000,46.0,0
20220318,28127,20170217,20170120,20220120,4208,16269,252506,4.0,36,4208,50.0,1
20210319,27947,20170616,20160415,20210415,0,23225,243351,61.0,33,4055,50.0,1
20220531,18651,20181116,20180817,20230817,0,23261,233302,13.0,45,3888,48.0,1
20220530,26973,20170818,20170120,20220120,10980,31609,329401,30.0,32,5490,58.0,1
20220602,19949,20190426,20180615,20230615,0,22941,216885,45.0,41,3614,11.0,1
20220511,15510,20200821,20190426,20240426,3540,18574,212402,69.0,30,3540,18.0,1
20211223,26475,20170915,20170120,20220120,5361,22524,321717,34.0,41,5361,84.0,1
20220601,21333,20181019,20180316,20230316,9332,15574,280006,31.0,26,4666,126.0,1
20220603,12356,20201016,20191220,20241220,2728,9254,163685,43.0,40,2728,50.0,1
20220601,21795,20190215,20180316,20230316,10378,22190,311382,48.0,24,5189,97.0,1
20220601,11059,20200221,20200221,20250221,0,14192,204866,0.0,57,3414,97.0,1
20220520,29130,20171117,20170120,20220120,0,36840,364454,43.0,36,6074,58.0,1
20220602,21795,20190118,20180316,20230316,9310,22722,279335,44.0,40,4655,26.0,1
20211230,26973,20170818,20170120,20220120,52120,30820,312752,30.0,42,5212,97.0,0
20220520,8103,20210219,20200821,20250821,2268,12388,136113,26.0,35,2268,28.0,1
20220509,15510,20200117,20190426,20240426,0,14663,224922,38.0,34,3748,23.0,1
20220316,32194,20170317,20160415,20210415,8704,15536,261131,48.0,40,4352,5.0,1
20210112,17235,20190215,20171215,20221215,0,26148,321646,61.0,27,5360,53.0,1
20220203,26863,20171117,20170120,20220120,5955,29374,357354,43.0,37,5955,107.0,1
20220507,20494,20180615,20180420,20230420,0,27696,319009,8.0,28,5316,126.0,1
20220602,6793,20210820,20201218,20251218,3078,10008,92378,35.0,21,2000,43.0,1
20220601,7214,20210716,20201218,20251218,3272,9679,98193,30.0,57,2000,85.0,1
20220426,17290,20190118,20181116,20231116,0,18378,243870,9.0,53,4064,23.0,1
20220602,12356,20201016,20191220,20241220,3244,10881,194682,43.0,28,3244,0.0,1
20220228,12034,20201120,20191115,20241115,20853,14425,139032,53.0,38,2317,111.0,0
20220519,6033,20211015,20201218,20251218,1105,5166,66320,43.0,29,2000,93.0,1
20220516,23666,20180921,20171117,20221117,0,15362,261838,44.0,51,4363,5.0,1
20220531,5580,20211119,20210219,20260219,1527,7865,91635,39.0,31,2000,58.0,1
20211130,16651,20190315,20180921,20230921,53230,17063,319435,25.0,51,5323,5.0,0
20220510,11059,20210122,20200221,20250221,0,10197,171085,48.0,28,2851,50.0,1
20190203,6836,20180720,20171215,20221215,11680,7278,70083,31.0,24,2000,93.0,0
20210329,13894,20190315,20180817,20230817,30192,21650,226464,30.0,33,3774,97.0,0
20210503,24185,20171117,20170120,20220120,0,30837,289429,43.0,39,4823,85.0,1
20220505,20494,20190215,20180420,20230420,4012,27499,240748,43.0,31,4012,97.0,1
20210719,29061,20170217,20160415,20210415,0,27510,288979,44.0,39,4816,97.0,1
20220519,22258,20181221,20180119,20230119,0,14339,256299,48.0,33,4271,126.0,1
20190902,15215,20171117,20170120,20220120,16656,13553,166575,43.0,26,2776,35.0,0
20220603,17221,20191220,20190118,20240118,0,13970,190357,48.0,38,3172,117.0,1
20220514,21879,20190118,20180119,20230119,4864,27136,291858,52.0,38,4864,50.0,1
20220601,15889,20200320,20190426,20240426,4604,22024,276240,47.0,27,4604,81.0,1
20220522,31549,20170818,20160715,20210715,4381,20433,262896,57.0,42,4381,23.0,1
20200204,7944,20190426,20180921,20230921,16560,10672,110447,31.0,25,2000,50.0,0
20220602,14117,20210820,20190816,20240816,15446,34661,463424,105.0,42,7723,50.0,1
20220601,7635,20211015,20201120,20251120,3432,9855,103002,47.0,47,2000,97.0,1
20220602,24143,20180720,20170915,20220915,0,31813,373716,44.0,36,6228,1.0,1
20220511,24143,20180216,20170915,20220915,6938,37069,416311,22.0,33,6938,41.0,1
20220603,18574,20190719,20180921,20230921,0,30536,313824,43.0,30,5230,0.0,1
20220603,24143,20181221,20170915,20220915,5682,26401,340955,66.0,22,5682,85.0,1
20170703,5395,20161216,20161216,20211216,12155,13410,145867,0.0,39,2431,126.0,0
20220418,23476,20181019,20170915,20220915,0,37133,378762,57.0,45,6312,68.0,1
20220512,17290,20190315,20181116,20231116,12496,35478,374882,17.0,36,6248,22.0,1
20220318,32194,20170519,20160520,20210520,14838,41567,445184,52.0,29,7419,50.0,1
20191112,17085,20170721,20161216,20211216,31304,18274,234792,31.0,25,3913,5.0,0
20220513,15067,20200417,20190426,20240426,0,21159,243426,51.0,43,4057,52.0,1
20211202,31040,20190118,20160520,20210520,64170,40131,427808,139.0,26,7130,117.0,0
20210113,18185,20181019,20171020,20221020,15804,23582,237083,52.0,30,3951,13.0,0
20191218,17517,20171020,20161118,20211118,32090,17511,192546,48.0,48,3209,15.0,0
20220602,14561,20200221,20190621,20240621,4034,27497,242072,35.0,43,4034,58.0,1
20220603,19030,20180921,20180817,20230817,0,41710,394222,5.0,46,6570,10.0,1
20220531,16842,20200320,20181221,20231221,0,38905,370539,65.0,54,6175,26.0,1
20220208,11596,20210219,20191220,20241220,3341,21533,200470,61.0,46,3341,62.0,1
20220603,25101,20180615,20170721,20220721,12056,27109,361709,47.0,44,6028,38.0,1
20220601,6793,20210716,20201218,20251218,4242,9989,127270,30.0,39,2121,62.0,1
20190305,17127,20170421,20160520,20210520,10860,28676,325844,48.0,51,5430,45.0,1
20220601,15889,20191018,20190315,20240315,0,14978,250993,31.0,50,4183,28.0,1
20210820,22956,20180420,20170519,20220519,9013,35163,540818,48.0,41,9013,28.0,1
20211104,23178,20170915,20170721,20220721,0,24939,475461,8.0,40,7924,58.0,1
20220514,11977,20210122,20191115,20241115,2622,13322,157344,62.0,32,2622,85.0,1
20220530,7256,20211015,20201120,20251120,3184,18318,191055,47.0,24,3184,28.0,1
20190701,10467,20180518,20171020,20221020,27333,17089,182278,30.0,43,3037,91.0,0
20210326,20931,20170519,20170519,20220519,15304,44329,459158,0.0,54,7652,42.0,1
20220509,18651,20180817,20180817,20230817,0,22937,320380,0.0,39,5339,117.0,1
20220603,12356,20200619,20191220,20241220,5300,32312,318040,26.0,34,5300,63.0,1
20220601,7635,20210326,20201120,20251120,3784,9239,113570,18.0,35,2000,23.0,1
20211216,22133,20171117,20171117,20221117,0,28539,490077,0.0,30,8167,50.0,1
20180808,9932,20171215,20161216,20211216,8910,7512,106952,52.0,26,2000,97.0,0
20200222,21943,20160715,20160520,20210520,20112,42200,603387,8.0,54,10056,50.0,1
20210304,27437,20171215,20160520,20210520,0,23262,312182,82.0,38,5203,97.0,1
20220502,20873,20190816,20180518,20230518,7411,32463,444689,65.0,55,7411,45.0,1
20220304,23287,20181019,20171117,20221117,0,32055,401598,48.0,36,6693,53.0,1
20190920,12308,20180615,20170721,20220721,19465,23134,233589,47.0,26,3893,5.0,0
20220503,19030,20190315,20180817,20230817,15272,38217,458209,30.0,35,7636,52.0,1
20220509,21333,20190920,20180316,20230316,4846,24324,290815,79.0,45,4846,28.0,1
20210730,15062,20190621,20180921,20230921,42416,33554,318160,39.0,25,5302,23.0,0
20220602,23666,20181116,20171117,20221117,0,30032,393788,52.0,53,6563,97.0,1
20210727,22554,20171215,20170519,20220519,43875,18486,292507,30.0,30,4875,23.0,0
20190604,7678,20190426,20180420,20230420,21250,9994,127531,53.0,36,2125,5.0,0
20201019,25360,20170317,20160520,20210520,34150,31080,409805,43.0,34,6830,58.0,0
20220429,20873,20180518,20180518,20230518,12544,31383,376335,0.0,35,6272,5.0,1
20191213,17017,20180316,20161216,20211216,6379,35867,382741,65.0,48,6379,50.0,1
20220511,25687,20180615,20170519,20220519,13748,35649,412463,56.0,48,6874,35.0,1
20210901,25794,20170915,20161216,20211216,0,25761,360173,39.0,39,6002,50.0,1
20220310,32194,20220121,20160520,20210520,7746,23217,232416,296.0,26,3873,101.0,1
20200928,24516,20170721,20160520,20210520,0,65756,646163,61.0,61,10769,97.0,1
20220602,5959,20211119,20210219,20260219,0,7900,137063,39.0,39,2284,62.0,1
20220331,18651,20201218,20180817,20230817,10456,28513,313730,122.0,49,5228,65.0,1
20220603,12356,20201120,20191220,20241220,0,24374,241549,48.0,38,4025,62.0,1
20210629,28658,20170421,20160520,20210520,6088,19993,365280,48.0,47,6088,50.0,1
20220526,8530,20210416,20200821,20250821,0,12292,125195,34.0,49,2086,28.0,1
20210629,28658,20170519,20160520,20210520,12428,31008,372870,52.0,56,6214,97.0,1
20220202,24341,20170721,20170721,20220721,0,38632,372500,0.0,49,6208,35.0,1
20210907,29862,20170317,20160520,20210520,20945,22516,251394,43.0,48,4189,68.0,0
20220526,25781,20170317,20160520,20210520,5225,27672,313516,43.0,33,5225,50.0,1
20200130,21515,20160715,20160520,20210520,36999,14926,246696,8.0,44,4111,97.0,0
20220505,21795,20190215,20180316,20230316,9664,20300,289928,48.0,27,4832,118.0,1
20220601,5959,20220120,20210219,20260219,2468,5354,74092,47.8571428571429,39,2000,85.0,1
20220603,23193,20180817,20171215,20221215,0,21569,343771,35.0,22,5729,45.0,1
20220408,18651,20190517,20180817,20230817,3908,18738,234505,39.0,24,3908,97.0,1
20220602,25101,20190719,20170721,20220721,0,26702,297204,104.0,39,4953,32.0,1
20220331,18651,20190816,20180817,20230817,5155,29150,309357,52.0,34,5155,0.0,1
20220503,23193,20181221,20171215,20221215,9821,39880,589308,53.0,34,9821,50.0,1
20220422,25101,20180720,20170721,20220721,14836,36839,445129,52.0,26,7418,50.0,1
20220601,15510,20200417,20190426,20240426,4766,14071,143023,51.0,47,2383,97.0,1
20211203,7805,20210219,20200619,20250619,17610,12306,105713,35.0,23,2000,100.0,0
20220420,24341,20180216,20170721,20220721,5192,22013,311539,30.0,33,5192,5.0,1
20220602,21795,20190118,20180316,20230316,4959,27389,297577,44.0,43,4959,52.0,1
20220602,19949,20190621,20180615,20230615,9150,18894,274550,53.0,28,4575,58.0,1
20220513,24722,20180720,20170721,20220721,12536,19914,376086,52.0,29,6268,56.0,1
20181116,10787,20171117,20170120,20220120,7168,6184,107528,43.0,55,2000,97.0,0
20220516,27028,20170317,20160520,20210520,9122,26632,273676,43.0,37,4561,50.0,1
20220410,18574,20190719,20180921,20230921,7712,18333,231392,43.0,34,3856,52.0,1
20220506,25101,20180720,20170721,20220721,6073,40925,364385,52.0,24,6073,9.0,1
20201026,20795,20180119,20170120,20220120,5483,29947,329011,52.0,51,5483,45.0,1
20220531,25101,20180316,20170721,20220721,8910,23259,267308,34.0,29,4455,45.0,1
20220603,10680,20201218,20200221,20250221,2628,15218,157700,43.0,30,2628,58.0,1
20220117,23956,20190517,20170721,20220721,5484,26796,329075,95.0,48,5484,121.0,1
20220602,12356,20201120,20191220,20241220,2266,14669,135964,48.0,40,2266,97.0,1
20220603,19030,20190621,20180817,20230817,8612,23275,258398,44.0,38,4306,126.0,1
20220404,25101,20180817,20170721,20220721,9876,26318,296319,56.0,60,4938,50.0,1
20220512,22814,20181019,20171215,20221215,4444,16370,266689,44.0,20,4444,50.0,1
20220430,21795,20180817,20180316,20230316,5039,27983,302364,22.0,35,5039,58.0,1
20220601,12794,20200619,20191115,20241115,5772,12698,173206,31.0,33,2886,68.0,1
20220602,8482,20210416,20200918,20250918,0,8867,96420,30.0,48,2000,50.0,1
20220513,26475,20180216,20170120,20220120,4251,15362,255081,56.0,60,4251,45.0,1
20200929,24939,20160715,20160520,20210520,36856,29058,276472,8.0,39,4607,34.0,0
20220516,24722,20180817,20170721,20220721,4514,21994,270863,56.0,36,4514,5.0,1
20211213,26475,20171215,20170120,20220120,4571,30924,274306,47.0,61,4571,5.0,1
20220602,11489,20200320,20200221,20250221,2038,9770,122305,4.0,35,2038,82.0,1
20210719,15517,20190517,20180921,20230921,18708,13528,187098,34.0,50,3118,23.0,0
20210602,28658,20170721,20160520,20210520,5247,24218,314845,61.0,27,5247,58.0,1
20220602,27519,20190920,20180316,20230316,0,12593,231987,79.0,27,3866,5.0,1
20210726,17360,20190215,20180420,20230420,36610,30298,313859,43.0,40,5230,50.0,0
20220530,19570,20190118,20180615,20230615,0,22918,292163,31.0,27,4869,15.0,1
20220514,22814,20190215,20171215,20221215,9540,26096,286234,61.0,32,4770,5.0,1
20220426,15510,20200117,20190315,20240315,6776,15323,203312,44.0,23,3388,74.0,1
20190530,18013,20170317,20160520,20210520,16485,12543,141349,43.0,51,2355,45.0,0
20220602,6374,20211119,20210122,20260122,0,5956,77109,43.0,35,2000,45.0,1
20220601,20411,20200918,20180615,20230615,3764,13680,225871,118.0,24,3764,97.0,1
20220530,9823,20210618,20200515,20250515,2055,10497,123336,57.0,22,2055,15.0,1
20220601,11921,20200821,20191220,20241220,0,10560,189127,35.0,57,3152,50.0,1
20220503,20873,20190920,20180518,20230518,9778,33512,293396,70.0,38,4889,58.0,1
20200327,8828,20190315,20180817,20230817,12033,9124,103140,30.0,29,2000,20.0,0
20220602,24143,20181116,20171020,20221020,9386,22682,281621,56.0,31,4693,28.0,1
20210611,16496,20190426,20180518,20230518,33579,16321,223881,49.0,28,3731,23.0,0
20220603,21795,20190315,20180316,20230316,5055,24968,303341,52.0,19,5055,97.0,1
20220601,17669,20191018,20181221,20231221,3767,20976,226041,43.0,25,3767,50.0,1
20220602,19030,20190719,20180817,20230817,3912,24914,234738,48.0,34,3912,50.0,1
20211011,26191,20170818,20170120,20220120,0,34918,312288,30.0,30,5204,50.0,1
20220515,23666,20181116,20171117,20221117,0,15184,258005,52.0,31,4300,83.0,1
20220315,28127,20220218,20170120,20220120,8524,27530,255735,265.0,61,4262,97.0,1
20211103,18488,20190621,20180518,20230518,29997,16949,200019,57.0,37,3333,96.0,0
20180123,10779,20170120,20160520,20210520,7796,12651,233884,35.0,40,3898,5.0,1
20220602,10202,20210326,20200515,20250515,0,8314,127421,45.0,38,2123,62.0,1
20210316,22872,20180216,20170120,20220120,25635,28976,307628,56.0,65,5127,45.0,0
20220602,5546,20211015,20210319,20260319,1267,5062,76023,30.0,34,2000,11.0,1
20220513,22345,20181221,20180119,20230119,0,30739,263840,48.0,22,4397,56.0,1
20220602,20873,20190118,20180420,20230420,0,32284,299492,39.0,42,4991,8.0,1
20201216,19210,20171020,20170721,20220721,18670,20628,224068,13.0,35,3734,58.0,0
20200707,16619,20180518,20170721,20220721,28440,15659,170645,43.0,42,2844,50.0,0
20220512,15510,20200515,20190315,20240315,0,14150,229104,61.0,41,3818,50.0,1
20220603,15889,20191115,20190315,20240315,3260,17168,195616,35.0,28,3260,76.0,1
